Nom;SIRET;SIREN;Adresse;Code Postal;Ville;Téléphone;Code NAF;Catégorie;Zone Recherche;Secteur S&Y
LAVANCE EXPLOITATION;41511264800241;415112648;21 RUE LAVOISIER (LILLE) 59800 LILLE;59800;LILLE;+33 3 20 30 66 29;45.20A;garage;Lille;BTP / Mécanique
MIDAS FRANCE;99753681800336;997536818;1 BOULEVARD DE LA LORRAINE 59800 LILLE;59800;LILLE;+33 6 04 72 65 49;45.20A;garage;Lille;BTP / Mécanique
STIMCAR FRANCE;84341345100058;843413451;COMMUNE DE LOMME 3 RUE LAVOISIER (LILLE) 59800 LILLE;59800;LILLE;+33 3 20 31 00 57;45.20A;garage;Lille;BTP / Mécanique
J&M SCOOTER (JM MOTORS);52281866500047;522818665;49 RUE CAMILLE DESMOULINS 59000 LILLE;59000;LILLE;+33 1 43 43 35 41;45.20A;garage;Lille;BTP / Mécanique
REPAIR AND RUN (REPAIR & RUN);82761563400108;827615634;13 PL PIERRE MENDES FRANCE 59000 LILLE;59000;LILLE;+33 3 20 40 67 18;95.29Z;garage;Lille;BTP / Mécanique
ESSALMI (ESSALMI);81828737700050;818287377;66 RUE DU MOLINEL (LILLE) 59800 LILLE;59800;LILLE;+33 9 73 25 39 82;45.20A;garage;Lille;BTP / Mécanique
GARAGE REPUBLIQUE SAS - FLAMENT & FILS CARROSSERIE FLAMENTMERLI N;30466994800040;304669948;80 BOULEVARD MONTEBELLO 59000 LILLE;59000;LILLE;+33 3 20 09 11 60;45.20A;garage;Lille;BTP / Mécanique
TOTAL REPAIR GROUP;80368595700018;803685957;12 PLACE SAINT-HUBERT 59800 LILLE;59800;LILLE;+33 3 21 42 15 72;45.20A;garage;Lille;BTP / Mécanique
PRO CLASSICS;92012171200011;920121712;RESIDENCE LES IMPERIALES 194 RUE NATIONALE 59000 LILLE;59000;LILLE;+33 7 83 18 38 45;70.10Z;garage;Lille;BTP / Mécanique
J.M.DIFFUSION;89741027000010;897410270;51 BOULEVARD DE LA LIBERTE 59800 LILLE;59800;LILLE;+33 3 72 27 04 60;52.21Z;garage;Lille;BTP / Mécanique
GSL (GSL);94221982500026;942219825;237 RUE NATIONALE 59800 LILLE;59800;LILLE;+33 1 42 78 60 64;45.20A;garage;Lille;BTP / Mécanique
SHINE UP (CAP LAVAGE);93098904100015;930989041;229 RUE DE SOLFERINO 59000 LILLE;59000;LILLE;+33 3 20 30 35 20;45.20A;garage;Lille;BTP / Mécanique
AUTOREFINE;97803624200011;978036242;17 RUE DE LA BARRE 59800 LILLE;59800;LILLE;+33 3 62 26 37 30;45.20A;garage;Lille;BTP / Mécanique
CARROSSERIE LESPINEUX;42127797100022;421277971;235 RUE DU BUISSON 59800 LILLE;59800;LILLE;+33 3 20 55 03 88;45.20A;garage;Lille;BTP / Mécanique
UNIVERSAL SERVICE (US);38265150300056;382651503;6 PLACE SAINT-ANDRE 59800 LILLE;59800;LILLE;+33 7 58 46 32 07;45.11Z;garage;Lille;BTP / Mécanique
4X4 SERVICE +;35076580600020;350765806;20 RUE HEGEL 59000 LILLE;59000;LILLE;+33 3 21 02 50 43;45.20A;garage;Lille;BTP / Mécanique
SEBASTIEN DEFAUX;42453723100021;424537231;18 AVENUE DE BRETAGNE 59000 LILLE;59000;LILLE;+33 9 53 78 57 41;50.2Z;garage;Lille;BTP / Mécanique
GARAGE DELMAERE;32521420300011;325214203;62 RUE DE DOUAI 59000 LILLE;59000;LILLE;+33 3 20 52 53 17;50.2Z;garage;Lille;BTP / Mécanique
ANDRE JOUGLARD (RENOVCARS);80114239900014;801142399;37 CITE SAINT-MAURICE 59800 LILLE;59800;LILLE;+33 3 59 89 74 50;68.20A;garage;Lille;BTP / Mécanique
GENERALE TRADING;88486181600020;884861816;229 RUE DE SOLFERINO 59000 LILLE;59000;LILLE;+33 5 53 51 74 94;45.20A;garage;Lille;BTP / Mécanique
PAC PRO AUTO CENTRE (PAC PRO AUTO CENTRE);98774558500024;987745585;57 RUE BONTE POLLET 59000 LILLE;59000;LILLE;+33 3 20 00 17 20;45.32Z;garage;Lille;BTP / Mécanique
LECLERCQ PHILIPPE (CARWASH-CENTER ET TAXI);44395149600027;443951496;LIEU D EXPLOITATION LILLE 22 RUE JACQUARD (HELLEMMES-LILLE) 59000 LILLE;59000;LILLE;+33 3 20 91 11 25;45.20A;garage;Lille;BTP / Mécanique
GARAGE D'ESQUERMES;42807302700016;428073027;107 RUE D'ESQUERMES 59000 LILLE;59000;LILLE;+33 3 20 31 79 15;45.20A;garage;Lille;BTP / Mécanique
RACHID AFRAS (MECA-R);43152823100019;431528231;226 RUE PIERRE LEGRAND 59800 LILLE;59800;LILLE;+33 9 88 06 40 24;74.1J;garage;Lille;BTP / Mécanique
GARAGE LICTEVOUT;41393132000019;413931320;910 AVENUE DE DUNKERQUE (LOMME) 59000 LILLE;59000;LILLE;+33 3 20 22 02 02;45.20A;garage;Lille;BTP / Mécanique
L ATELIER DU 71;52331465600019;523314656;71 RUE DU FAUBOURG DE ROUBAIX 59800 LILLE;59800;LILLE;+33 3 85 76 62 63;45.20A;garage;Lille;BTP / Mécanique
CARROSSERIE ALEXANDRE;49761438800021;497614388;253 BOULEVARD DE LEEDS 59777 LILLE;59777;LILLE;+33 4 78 59 35 80;45.20A;garage;Lille;BTP / Mécanique
ETS VAN LAECKE;38994717700017;389947177;102 RUE DE MARQUILLIES 59000 LILLE;59000;LILLE;+33 3 20 86 13 67;45.20A;garage;Lille;BTP / Mécanique
SOC NOUVELLE GARAGE JANSSENS;42307731200019;423077312;20 RUE DE MULHOUSE 59000 LILLE;59000;LILLE;+33 3 20 52 14 14;45.20A;garage;Lille;BTP / Mécanique
LAHCINE BENHAMED;52098130900021;520981309;94 RUE KUHLMANN (LOMME) 59000 LILLE;59000;LILLE;+33 9 51 69 99 80;45.20A;garage;Lille;BTP / Mécanique
AUTO LILLOISE (SARL AUTO-LILLOISE);80291800300012;802918003;14 RUE COUSTOU 59800 LILLE;59800;LILLE;+33 6 16 87 65 40;45.20A;garage;Lille;BTP / Mécanique
MATLEO;80003313600014;800033136;95 RUE DU VINGTIEME SIECLE 59160 LILLE;59160;LILLE;+33 9 83 43 00 61;45.20A;garage;Lille;BTP / Mécanique
SVL;84031877800015;840318778;44 B RUE DU FAUBOURG D'ARRAS 59000 LILLE;59000;LILLE;+33 5 61 58 39 99;45.20A;garage;Lille;BTP / Mécanique
MARC PHILIPPE (OLD'S SERVICE);82900621200015;829006212;APT 1405 83 AVENUE WILLY BRANDT 59777 LILLE;59777;LILLE;+33 7 58 46 32 07;53.20Z;garage;Lille;BTP / Mécanique
MOURAD MAZRI (CLEAN AUTO LIFTING);83200938500010;832009385;APT 51 12 RUE DES CATICHES 59000 LILLE;59000;LILLE;+33 6 83 76 64 12;45.20A;garage;Lille;BTP / Mécanique
GARIBALDI MECANIQUE AUTO (GARIBALDI MECANIQUE AUTO);83300983000013;833009830;18 B RUE GARIBALDI 59000 LILLE;59000;LILLE;+33 3 61 05 73 65;45.20A;garage;Lille;BTP / Mécanique
CLASSIC PRESTIGE MOTORS (CLASSIC PRESTIGE MOTORS);82401420300015;824014203;3 RUE DU DOCTEUR HUART 59260 LILLE;59260;LILLE;+33 6 09 41 16 35;45.20A;garage;Lille;BTP / Mécanique
ETS MICHEL GUSMINI;32383992800039;323839928;40 RUE DU COEUR JOYEUX 59160 LILLE;59160;LILLE;+33 3 20 93 83 42;45.20A;garage;Lille;BTP / Mécanique
SARL BOYET;33168928100011;331689281;270 RUE DU FAUBOURG D'ARRAS 59000 LILLE;59000;LILLE;+33 4 74 59 00 41;45.20A;garage;Lille;BTP / Mécanique
SARL PERTHAME;34083511500015;340835115;144 RUE DU FAUBOURG DE ROUBAIX 59800 LILLE;59800;LILLE;+33 3 20 55 45 94;45.20A;garage;Lille;BTP / Mécanique
WILLY CALLEWAERT;39391901400018;393919014;2 PLACE ROGER SALENGRO 59800 LILLE;59800;LILLE;+33 2 32 24 69 90;52.6E;garage;Lille;BTP / Mécanique
GARAGE BIENVENUE;44045225800013;440452258;2 RUE DE BELLE VUE 59000 LILLE;59000;LILLE;+33 1 69 20 86 76;45.20A;garage;Lille;BTP / Mécanique
MOHAMAD AHMAD (AYA SERVICES);48977675700028;489776757;PARC DES EXPOSI ETR 8 PORTE 005 8 AVENUE EUGENE VARLIN 59800 LILLE;59800;LILLE;+33 3 20 08 63 18;45.20A;garage;Lille;BTP / Mécanique
HAKIM KAOUACHE (KIMAUTO59);48982579400030;489825794;B57 LES FLEURS DU PARC 1 RUE THEODORE MONOD 59160 LILLE;59160;LILLE;+33 6 95 47 59 54;45.20A;garage;Lille;BTP / Mécanique
DESMET;49019240800022;490192408;QUARTIER EURALILLE 253 BOULEVARD DE LEEDS 59777 LILLE;59777;LILLE;+33 4 93 04 75 41;45.20A;garage;Lille;BTP / Mécanique
SINEO LILLE;50166437900028;501664379;137 RUE DU FAUBOURG DE ROUBAIX 59800 LILLE;59800;LILLE;+33 3 20 81 25 84;45.20A;garage;Lille;BTP / Mécanique
PREMIUM CAR HELLEMMES;82753558400029;827535584;22 RUE JULES FERRY - HELLEMMES 59000 LILLE;59000;LILLE;+33 3 59 54 32 24;45.20A;garage;Lille;BTP / Mécanique
E.M.AUTOEXPERTS (E.M.AUTOEXPERTS);51932375200013;519323752;98 RUE DES POSTES 59000 LILLE;59000;LILLE;+33 3 20 51 14 40;45.32Z;garage;Lille;BTP / Mécanique
AUTO-MECA NORD (AUTO-MECA NORD);74982300100013;749823001;14 RUE COUSTOU 59800 LILLE;59800;LILLE;+33 3 62 52 24 41;45.20A;garage;Lille;BTP / Mécanique
LILLE AUTO VAPEUR (LILLE AUTO VAPEUR);53792846700019;537928467;37 RUE GUSTAVE NADAUD 59000 LILLE;59000;LILLE;+33 3 20 50 94 94;45.20A;garage;Lille;BTP / Mécanique
STEPHANE MANIER;53805525200018;538055252;278 ALLEE DES PEUPLIERS 59000 LILLE;59000;LILLE;+33 9 71 37 90 89;45.20A;garage;Lille;BTP / Mécanique
DEL FABRO;79018935100014;790189351;32 RUE DE BAPAUME 59000 LILLE;59000;LILLE;+33 9 61 50 39 46;45.20A;garage;Lille;BTP / Mécanique
O.Y STATION (O.Y STATION);88036679400019;880366794;98 RUE DES POSTES 59000 LILLE;59000;LILLE;+33 3 20 30 66 29;45.31Z;garage;Lille;BTP / Mécanique
ERBAY YILDIRIM (MMB AUTO SERVICE A DOMICILE);52983117400022;529831174;FIVES 73 RUE FRANCISCO FERRER 59800 LILLE;59800;LILLE;+33 3 62 13 42 06;45.20A;garage;Lille;BTP / Mécanique
ELKA.AUTO;53275703600019;532757036;466 RUE DU FAUBOURG D'ARRAS 59000 LILLE;59000;LILLE;+33 3 20 68 14 93;45.20A;garage;Lille;BTP / Mécanique
A.B.D PAREBRISE (PAREBRISE EXPRESSO);85091050600029;850910506;104 RUE NATIONALE 59000 LILLE;59000;LILLE;+33 6 66 92 76 41;45.20A;garage;Lille;BTP / Mécanique
AIGLE AUTO;85251679800026;852516798;6 ZAMIN 2EME AVENUE 59000 LILLE;59000;LILLE;+33 4 76 87 56 94;45.20A;garage;Lille;BTP / Mécanique
MOUSTAPHA AZAOUAGH (MI PNEUS AUTOS);85294809000034;852948090;21 RUE SALEMBIER 59260 LILLE;59260;LILLE;+33 6 51 86 02 30;45.20A;garage;Lille;BTP / Mécanique
L.S.AUTOS;52239098800015;522390988;13 B RUE DES OEILLETS 59000 LILLE;59000;LILLE;+33 4 30 00 00 08;45.20A;garage;Lille;BTP / Mécanique
FABRICE LAGACHE-VANWAES (LAGACHE) (LUXE CLEANER);89972307600027;899723076;RDC 27 RUE VAUCANSON 59800 LILLE;59800;LILLE;+33 7 74 85 12 48;45.20A;garage;Lille;BTP / Mécanique
OPTI'MOTORS (MECANO'MOBILE);88967706800013;889677068;3 BOULEVARD DE BELFORT 59000 LILLE;59000;LILLE;+33 6 95 36 68 12;45.20A;garage;Lille;BTP / Mécanique
ZINGAMENA MORAIS (ZVM-AUTOMOBILE);89119174400012;891191744;APPT 4 ETG 4 13 Q RUE LAMARTINE (LILLE) 59000 LILLE;59000;LILLE;+33 3 20 57 29 67;45.20A;garage;Lille;BTP / Mécanique
NORD PARE BRISE;90868947400017;908689474;229 RUE DE SOLFERINO 59000 LILLE;59000;LILLE;+33 2 34 88 20 92;45.20A;garage;Lille;BTP / Mécanique
AUTOWASH;90972507900018;909725079;229 RUE DE SOLFERINO 59000 LILLE;59000;LILLE;+33 3 44 75 10 44;45.20A;garage;Lille;BTP / Mécanique
EVERY CARS (EVERY CARS);92772911100017;927729111;229 RUE DE SOLFERINO 59000 LILLE;59000;LILLE;+33 6 65 36 16 40;45.20A;garage;Lille;BTP / Mécanique
MSI MOTORS;92796344700010;927963447;2 RUE DE CANNES 59000 LILLE;59000;LILLE;+33 3 28 54 12 21;45.20A;garage;Lille;BTP / Mécanique
STEVEN WATTEYNE;92809545400023;928095454;679 AVENUE DE LA REPUBLIQUE (LILLE) 59800 LILLE;59800;LILLE;+33 3 28 55 50 00;45.20A;garage;Lille;BTP / Mécanique
JEFFREY BOURSIER (SUPREME AUTO);92861720800014;928617208;229 RUE DE SOLFERINO 59000 LILLE;59000;LILLE;+33 6 21 55 65 61;45.20A;garage;Lille;BTP / Mécanique
EXPRESS AUTO DETAILING (EXPRESS AUTO DETAILING);92905352800014;929053528;4 RUE MARX DORMOY 59000 LILLE;59000;LILLE;+33 7 49 71 83 17;45.20A;garage;Lille;BTP / Mécanique
ZAKARIA SOULIMANE (LAVE & CO);90055882600013;900558826;81 BOULEVARD MONTEBELLO 59000 LILLE;59000;LILLE;+33 6 40 81 91 52;45.20A;garage;Lille;BTP / Mécanique
POLITA;85117768300014;851177683;3 BOULEVARD DE BELFORT 59000 LILLE;59000;LILLE;+33 3 84 33 04 77;45.20A;garage;Lille;BTP / Mécanique
AUTOWORKS TD;93964156900016;939641569;33 RUE VICTOR TILMANT 59000 LILLE;59000;LILLE;+33 3 66 19 18 74;45.20A;garage;Lille;BTP / Mécanique
JPM;94084920100014;940849201;44 RUE DESIRE THERBY 59260 LILLE;59260;LILLE;+33 9 52 48 06 51;45.20A;garage;Lille;BTP / Mécanique
SULLYVAN TUYBENS (NET'AUTO);93457139900013;934571399;APPT8 16 RUE DE CONSTANTINE 59000 LILLE;59000;LILLE;+33 6 83 76 64 12;45.20A;garage;Lille;BTP / Mécanique
CAR'EXPERT CARROSSERIE;93509323700011;935093237;208 RUE DU FAUBOURG D'ARRAS 59000 LILLE;59000;LILLE;+33 3 20 04 77 84;45.20A;garage;Lille;BTP / Mécanique
CORENTIN MONCHEAUX (TRANSPORT RAPIDE MONCHEAUX);91789438800011;917894388;APPT 11 9 RUE D'ANGLETERRE 59800 LILLE;59800;LILLE;+33 6 60 45 30 04;45.20A;garage;Lille;BTP / Mécanique
IDV LOMME (FRANCE PARE BRISE);95250319100019;952503191;115 RUE DES FUSILLES 59160 LILLE;59160;LILLE;+33 3 20 08 59 70;45.20A;garage;Lille;BTP / Mécanique
WESLEY REGNIER (CLEANING CARS WES);95329096200018;953290962;45 RUE JEAN-BAPTISTE DUMAS 59160 LILLE;59160;LILLE;+33 3 20 72 21 03;45.20A;garage;Lille;BTP / Mécanique
D'FIRST CAR (D'FIRST CAR) (0);97918949500018;979189495;13 RUE WULVERICK 59160 LILLE;59160;LILLE;+33 7 86 17 12 32;45.20A;garage;Lille;BTP / Mécanique
MILOUD KADA;98162673200011;981626732;91 RUE VICTOR HUGO (LOMME) 59000 LILLE;59000;LILLE;+33 9 51 26 23 41;45.20A;garage;Lille;BTP / Mécanique
MAJID HABROUCHE (PP SERVICE);98916360500011;989163605;74 BOULEVARD DE METZ 59000 LILLE;59000;LILLE;+33 7 58 46 32 07;45.20A;garage;Lille;BTP / Mécanique
CAMPARE-BRISE (CENTRAL PARE-BRISE LILLE);98966120200022;989661202;41 RUE JACQUEMARS GIELEE 59800 LILLE;59800;LILLE;+33 3 62 26 37 30;45.20A;garage;Lille;BTP / Mécanique
GHANEM ABDELMOUMENE;98990057600012;989900576;BAT 13 ETG 2 APP 2223 13 RUE GISELE CASADESUS 59160 LILLE;59160;LILLE;+33 3 20 51 42 75;45.20A;garage;Lille;BTP / Mécanique
SAMET UZAN (MS AUTO);99077581900016;990775819;1 RUE DUBRUNFAUT 59800 LILLE;59800;LILLE;+33 3 59 61 29 35;45.20A;garage;Lille;BTP / Mécanique
MASTER GLASS+;99098806500019;990988065;17 RUE AMBROISE PARE (LILLE) 59800 LILLE;59800;LILLE;+33 6 78 21 56 80;45.20A;garage;Lille;BTP / Mécanique
RELAIS PARE BRISE;99124267800019;991242678;509 AVENUE DE DUNKERQUE (LOMME) 59160 LILLE;59160;LILLE;+33 1 64 90 66 36;45.20A;garage;Lille;BTP / Mécanique
MUMTAZ AUTOS;99187466000012;991874660;19 BOULEVARD DE METZ 59000 LILLE;59000;LILLE;+33 3 20 46 89 94;45.20A;garage;Lille;BTP / Mécanique
GLASSNORD;99275034900019;992750349;41 RUE JACQUEMARS GIELEE 59800 LILLE;59800;LILLE;+33 6 67 88 22 91;45.20A;garage;Lille;BTP / Mécanique
IBRAHIM YOUSSOUF (GARAGE COM);99536997200014;995369972;DE L'ILOT C 35 RUE DES FRERES LUMIERE 59000 LILLE;59000;LILLE;+33 3 20 19 66 45;45.20A;garage;Lille;BTP / Mécanique
AUTO CLES GREEN (AUTO CLES GREEN);10056829400019;100568294;REZ DE CHAUSSEE 19 RUE SAINT-PIERRE SAINT-PAUL 59000 LILLE;59000;LILLE;+33 3 20 68 14 93;45.20A;garage;Lille;BTP / Mécanique
RM AUTOS SERVICES;10152303300013;101523033;229 RUE DE SOLFERINO 59800 LILLE;59800;LILLE;+33 6 89 16 47 48;45.20A;garage;Lille;BTP / Mécanique
E.B CARROSSERIE;89452975900017;894529759;56 RUE DES MONTAGNARDS 59800 LILLE;59800;LILLE;+33 4 50 57 80 92;45.20A;garage;Lille;BTP / Mécanique
PAL (PREMIUM AUTO LILLE);99435712700012;994357127;4 RUE RUBENS 59800 LILLE;59800;LILLE;+33 3 20 91 20 71;45.20A;garage;Lille;BTP / Mécanique
DMSKM CAR SERVICES;10107826900012;101078269;3 BOULEVARD DE BELFORT 59000 LILLE;59000;LILLE;+33 7 58 46 32 07;45.20A;garage;Lille;BTP / Mécanique
N.P.S. (N.P.S.);48448956200021;484489562;16 PLACE DU GENERAL DE GAULLE 59800 LILLE;59800;LILLE;+33 2 54 75 91 69;45.20A;garage;Lille;BTP / Mécanique
SARL ROSIKON THOMAS;43222628000019;432226280;17 A 25 17 RUE ROGER SALENGRO 59260 LILLE;59260;LILLE;+33 5 44 31 59 01;50.5Z;garage;Lille;BTP / Mécanique
K-MOBILE;49973859900012;499738599;128 RUE DE WAZEMMES 59000 LILLE;59000;LILLE;+33 3 27 08 65 74;47.42Z;garage;Lille;BTP / Mécanique
ADPL (FRANCE PARE BRISE);53739240900018;537392409;44 B RUE DU FAUBOURG D'ARRAS 59000 LILLE;59000;LILLE;+33 3 62 26 03 10;45.20A;garage;Lille;BTP / Mécanique
MAT & MO;79271647400012;792716474;12 AVENUE DE LA REPUBLIQUE (LOMME) 59000 LILLE;59000;LILLE;+33 3 66 19 15 60;45.20A;garage;Lille;BTP / Mécanique
AUTOMOBILE DU DRONCKAERT (AUTOMOBILE DU DRONCKAERT);79287120400022;792871204;253 BOULEVARD DE LEEDS 59777 LILLE;59777;LILLE;+33 3 20 63 99 88;45.20A;garage;Lille;BTP / Mécanique
MOHAMED FATH ALLAH;79864580000011;798645800;PORTE 8 50 RUE LEON BLUM 59000 LILLE;59000;LILLE;+33 9 55 97 15 10;45.20A;garage;Lille;BTP / Mécanique
VALAUTO METROPOLE;40308484100028;403084841;528 AVENUE DE DUNKERQUE (LOMME) 59000 LILLE;59000;LILLE;+33 3 20 82 13 46;45.20A;garage;Lille;BTP / Mécanique
AMEDEE LICTEVOUT (ATELIER AMEDEE);39910237500017;399102375;910 AVENUE DE DUNKERQUE (LOMME) 59000 LILLE;59000;LILLE;+33 3 20 72 39 39;50.2Z;garage;Lille;BTP / Mécanique
TSHIBALA KALONJI (GARAGE CENASAL MOBILE);39350710800024;393507108;APPT 16 77 RUE BALZAC 59000 LILLE;59000;LILLE;+33 3 59 82 80 72;45.20A;garage;Lille;BTP / Mécanique
NORD PARE-BRISE (GLASSEO);30657595200032;306575952;117-119 117 RUE DE CANTELEU 59000 LILLE;59000;LILLE;+33 5 56 03 49 82;50.3B;garage;Lille;BTP / Mécanique
LE GARAGE;40041707700015;400417077;37 RUE DE LA JUSTICE 59000 LILLE;59000;LILLE;+33 1 43 62 62 12;45.20A;garage;Lille;BTP / Mécanique
RABAH BOUDINA;42186146900011;421861469;15 RUE GOSSELET 59000 LILLE;59000;LILLE;+33 3 74 69 69 66;50.2Z;garage;Lille;BTP / Mécanique
BERNARD DE PRIESTER;47340101600034;473401016;75 RUE HENRI GHESQUIERE 59000 LILLE;59000;LILLE;+33 3 20 54 73 61;62.41;garage;Lille;BTP / Mécanique
BERNARD AUTO SERVICE;45136415200012;451364152;12 RUE EUGENE VERMEERSCH 59000 LILLE;59000;LILLE;+33 4 74 80 03 62;45.20A;garage;Lille;BTP / Mécanique
ABDELKADER RHAZI;45165094900014;451650949;9 RUE SAINT-BERNARD 59000 LILLE;59000;LILLE;+33 6 71 78 39 25;45.20A;garage;Lille;BTP / Mécanique
SOUFIANE BARHMI (BEC);80428133500039;804281335;APPARTEMENT 07 1 RUE DE MULHOUSE 59000 LILLE;59000;LILLE;+33 3 20 30 35 20;45.20A;garage;Lille;BTP / Mécanique
SULAIMAN KAKAR (KAKAR);80479671200037;804796712;APPT 13 1 RUE ALBERT CAMUS (LOMME) 59000 LILLE;59000;LILLE;+33 3 20 30 35 20;45.20A;garage;Lille;BTP / Mécanique
ABDELATI BELBARAKA (A - M - GARAGE);80772956100017;807729561;20 B RUE AMBROISE PARE 59000 LILLE;59000;LILLE;+33 3 20 19 66 45;45.20A;garage;Lille;BTP / Mécanique
MV AUTOS;81449534700019;814495347;148 RUE KUHLMANN (LOMME) 59000 LILLE;59000;LILLE;+33 4 94 60 74 79;45.20A;garage;Lille;BTP / Mécanique
GARAGE RIGAUT (GARAGE RIGAUT);81531345700013;815313457;54 RUE KLEBER 59000 LILLE;59000;LILLE;+33 3 20 56 19 09;45.20A;garage;Lille;BTP / Mécanique
MON GARAGE SERVICE;83391154800018;833911548;30 RUE DE BELLE VUE 59000 LILLE;59000;LILLE;+33 5 49 72 70 36;45.20A;garage;Lille;BTP / Mécanique
CEDRIC SANTAMARIA;75169178300045;751691783;12 RUE COLBERT 59800 LILLE;59800;LILLE;+33 9 53 66 77 49;45.20A;garage;Lille;BTP / Mécanique
AUTO-TURBO;52750795800025;527507958;69-73 RUE DU FAUBOURG DE BETHUNE 59000 LILLE;59000;LILLE;+33 4 91 94 59 33;45.20A;garage;Lille;BTP / Mécanique
GARAGE LEMAIRE;75343113900017;753431139;80 RUE ETIENNE DOLET 59800 LILLE;59800;LILLE;+33 3 21 48 41 43;45.20A;garage;Lille;BTP / Mécanique
AUTO PARE BRISE LILLE (APB LILLE);52092125500011;520921255;491 AVENUE DE DUNKERQUE (LOMME) 59000 LILLE;59000;LILLE;+33 6 66 92 76 41;45.20A;garage;Lille;BTP / Mécanique
ATELIER SOLIDAIRE;52387489900025;523874899;55 RUE DE FLERS 59800 LILLE;59800;LILLE;+33 4 73 79 92 21;45.20A;garage;Lille;BTP / Mécanique
VANCAR;53367808200017;533678082;183 B RUE ANATOLE FRANCE (LOMME) 59000 LILLE;59000;LILLE;+33 9 66 94 55 43;45.20A;garage;Lille;BTP / Mécanique
BOUGE AUTO SERVICE;53375885000010;533758850;19 BOULEVARD DE METZ 59000 LILLE;59000;LILLE;+33 3 20 54 73 61;45.20A;garage;Lille;BTP / Mécanique
MOHAMED BOUSNINA;52945751700017;529457517;3 RUE JULES BRETON 59000 LILLE;59000;LILLE;+33 9 88 09 93 95;45.20A;garage;Lille;BTP / Mécanique
CENTRE DE MONTAGE ALI ARGUIOU;52962633500010;529626335;1 RUE EMILE ROUZE 59000 LILLE;59000;LILLE;+33 3 20 93 52 68;45.20A;garage;Lille;BTP / Mécanique
ANTHONY FOUQUET (ANTHONY);51497026800017;514970268;--23-B3 23 RUE J B LEBAS 59000 LILLE;59000;LILLE;+33 2 47 91 91 82;45.11Z;garage;Lille;BTP / Mécanique
GARAGE STAELS MECA SERVICE (SARL GARAGE SMS);50508852600023;505088526;183 B RUE ANATOLE FRANCE (LOMME) 59000 LILLE;59000;LILLE;+33 3 20 93 19 10;45.20A;garage;Lille;BTP / Mécanique
KEVIN DEFORGE (PRO CLEAN AUTO);49837306700020;498373067;41 RUE JACQUEMARS GIELEE 59800 LILLE;59800;LILLE;+33 3 76 05 25 23;45.20A;garage;Lille;BTP / Mécanique
GARAGE DESCAMPS (GARAGE DESCAMPS);89208797400010;892087974;35 RUE CHAPLIN 59000 LILLE;59000;LILLE;+33 3 20 35 30 93;45.20A;garage;Lille;BTP / Mécanique
PLATINIUM CAR;89209841900013;892098419;HELLEMMES 44 RUE DESIRE THERBY 59260 LILLE;59260;LILLE;+33 3 20 12 09 26;70.10Z;garage;Lille;BTP / Mécanique
PRECISION AUTO;89361031100019;893610311;134 RUE DES TEMPLIERS 59000 LILLE;59000;LILLE;+33 4 78 67 03 96;45.20A;garage;Lille;BTP / Mécanique
LS MECA AUTO;88893770300013;888937703;103 RUE BALZAC 59000 LILLE;59000;LILLE;+33 4 75 27 70 40;45.20A;garage;Lille;BTP / Mécanique
KEVIN CNUDDE (KEV'AUTO 59);90100455600014;901004556;BUREAU 3 38 BOULEVARD CARNOT 59800 LILLE;59800;LILLE;+33 6 69 73 01 71;45.20A;garage;Lille;BTP / Mécanique
MY JANTES;91367819900013;913678199;BUREAU 3 38 BOULEVARD CARNOT 59800 LILLE;59800;LILLE;+33 3 21 40 80 53;45.20A;garage;Lille;BTP / Mécanique
SHOOTING AUTO (SHOOTING AUTO);91396929100016;913969291;4 RUE MARX DORMOY 59000 LILLE;59000;LILLE;+33 3 20 68 14 93;45.20A;garage;Lille;BTP / Mécanique
PLANETE AUTO 59;91785374900013;917853749;491 AVENUE DE DUNKERQUE (LOMME) 59000 LILLE;59000;LILLE;+33 3 20 04 00 40;45.20A;garage;Lille;BTP / Mécanique
BG AUTOS;89797614800014;897976148;36 RUE DE BELLE VUE 59000 LILLE;59000;LILLE;+33 9 50 30 90 33;45.20A;garage;Lille;BTP / Mécanique
MANDY DESCOUTURES (LA DOUILLE DE 10);91967186700019;919671867;BAT S APT 206 4 AVENUE VERHAEREN 59000 LILLE;59000;LILLE;+33 3 20 93 49 15;45.20A;garage;Lille;BTP / Mécanique
MUMTAZ AUTOMOBILE;91240540400019;912405404;19 BOULEVARD DE METZ 59000 LILLE;59000;LILLE;+33 3 20 46 89 94;45.20A;garage;Lille;BTP / Mécanique
KADA KADDAR (HDF PARE-BRISE);87972117300034;879721173;78 BOULEVARD DE METZ 59000 LILLE;59000;LILLE;+33 3 62 27 94 25;45.20A;garage;Lille;BTP / Mécanique
DYLAN IMPINES (ELECTRO'AUTO);85133842600022;851338426;98 T BOULEVARD VICTOR HUGO 59000 LILLE;59000;LILLE;+33 6 83 76 64 12;45.20A;garage;Lille;BTP / Mécanique
PRO CAR SERVICES (PRO CAR SERVICES);93174866900013;931748669;PORTE 6 HELLEMMES 53 RUE JEANNE D'ARC 59000 LILLE;59000;LILLE;+33 6 42 91 38 93;45.20A;garage;Lille;BTP / Mécanique
EKO WASH EXPRESS (EKO WASH EXPRESS);94202291400017;942022914;LOMME 475 AVENUE DE DUNKERQUE (LOMME) 59000 LILLE;59000;LILLE;+33 6 23 02 55 28;45.20A;garage;Lille;BTP / Mécanique
MYKEYS (MYGLASS);93316219000013;933162190;41 RUE JACQUEMARS GIELEE 59800 LILLE;59800;LILLE;+33 3 20 08 75 06;45.20A;garage;Lille;BTP / Mécanique
MOHAMED BOUDEBOUZ (LAVAGE AUTO);93374674500019;933746745;61 B RUE FRANCISCO FERRER 59800 LILLE;59800;LILLE;+33 6 16 87 65 40;45.20A;garage;Lille;BTP / Mécanique
EURACLEAN'AUTO (EURACLEAN AUTO);83120911900039;831209119;[NON-DIFFUSIBLE];[NON-DIFFUSIBLE];LILLE;+33 3 20 40 67 18;45.20A;garage;Lille;BTP / Mécanique
LETAILLEUR PHILIPPE S.A.S (GARAGE ASLOUN);81802800300015;818028003;13 RUE SALOME 59800 LILLE;59800;LILLE;+33 3 20 56 40 83;45.20A;garage;Lille;BTP / Mécanique
MASTER DEBOSS;81824136600025;818241366;3 CHEMIN DU PRIEURE 59260 LILLE;59260;LILLE;+33 3 20 16 98 80;45.20A;garage;Lille;BTP / Mécanique
RELAI PREMS AUTO;81939441200012;819394412;4 RUE MARX DORMOY 59000 LILLE;59000;LILLE;+33 3 20 30 35 20;45.20A;garage;Lille;BTP / Mécanique
AUTO SERVICE;84485868800022;844858688;83 RUE DES MEUNIERS 59000 LILLE;59000;LILLE;+33 3 80 22 65 58;45.20A;garage;Lille;BTP / Mécanique
MECA AUTO SERVICES;84296673100031;842966731;208 RUE DU FAUBOURG D'ARRAS 59000 LILLE;59000;LILLE;+33 3 87 60 69 86;45.20A;garage;Lille;BTP / Mécanique
SAVE AUTO (SAVE AUTO);87939661200019;879396612;TRIEN ENT. 13 PTE. 12 13 RUE CHARLES PEGUY 59000 LILLE;59000;LILLE;+33 5 61 89 11 76;45.20A;garage;Lille;BTP / Mécanique
HAMID CHAHED (CH-AUTOMOBILE);82528554700014;825285547;LOCAL 6 78 RUE VICTOR HUGO (LOMME) 59000 LILLE;59000;LILLE;+33 3 20 09 16 29;45.20A;garage;Lille;BTP / Mécanique
MECATRONICS MAINTENANCES ET DIAGNOSTICS AUTOMOBILES (MECATRONICS M D A);81085515500018;810855155;497 B AV DE DUNKERQUE 59000 LILLE;59000;LILLE;+33 6 88 13 64 77;45.20A;garage;Lille;BTP / Mécanique
CLEAN TECH (CLEAN TECH);88797111700015;887971117;229 RUE DE SOLFERINO 59000 LILLE;59000;LILLE;+33 1 39 93 47 24;45.20A;garage;Lille;BTP / Mécanique
MOHAMED AKNI (MKAUTO DCI);89119580200014;891195802;37 RUE DRUELLE 59000 LILLE;59000;LILLE;+33 3 62 52 57 73;45.20A;garage;Lille;BTP / Mécanique
MCD SERVICES (MY GLASS);88204155100012;882041551;229 RUE DE SOLFERINO 59000 LILLE;59000;LILLE;+33 3 20 54 73 61;43.22A;garage;Lille;BTP / Mécanique
FRANCE GLASS VITRY (FRANCE GLASS VITRY);88454496600028;884544966;289 RUE DU FAUBOURG DES POSTES 59000 LILLE;59000;LILLE;+33 3 59 28 30 70;45.20A;garage;Lille;BTP / Mécanique
GLASSMEDJBER (GLASS EXPERT) (GM);93200385800010;932003858;208 RUE DU FAUBOURG D'ARRAS 59000 LILLE;59000;LILLE;+33 3 20 04 77 84;45.20A;garage;Lille;BTP / Mécanique
PREMIUM DETAILING;98343885400025;983438854;BUREAU 3 34 PLACE DU GENERAL DE GAULLE 59800 LILLE;59800;LILLE;+33 3 59 54 32 24;45.20A;garage;Lille;BTP / Mécanique
STELLANTIS &YOU FRANCE SAS;30247504103889;302475041;43 RUE JEAN PIERRE TIMBAUD 78300 POISSY;78300;POISSY;+33 4 72 85 95 75;45.11Z;concession;Lille;BTP / Mécanique
WKDA FRANCE;80382236001298;803822360;107 AVENUE DE LA REPUBLIQUE 92320 CHATILLON;92320;CHATILLON;+33 9 54 75 56 13;45.11Z;concession;Lille;BTP / Mécanique
FRAIKIN FRANCE;34386265202906;343862652;9-11 9 RUE DU DEBARCADERE 92700 COLOMBES;92700;COLOMBES;+33 4 72 26 51 94;45.11Z;concession;Lille;BTP / Mécanique
RENAULT RETAIL GROUP;31221230102001;312212301;1ER-2E ETAGE 2 AVENUE DENIS PAPIN 92140 CLAMART;92140;CLAMART;+33 2 35 70 78 65;45.11Z;concession;Lille;BTP / Mécanique
AUTOSPHERE E-MOTION (GROUPE AUTOSPHERE);92228450000019;922284500;12 BOULEVARD RENE DESCARTES 86360 CHASSENEUIL-DU-POITOU;86360;CHASSENEUIL-DU-POITOU;+33 3 72 27 59 59;45.11Z;concession;Lille;BTP / Mécanique
MIHO BY AUTOSPHERE (GROUPE AUTOSPHERE);89212623600025;892126236;RUE DU BLASON 59650 VILLENEUVE-D'ASCQ;59650;VILLENEUVE-D'ASCQ;+33 3 20 66 27 27;45.11Z;concession;Lille;BTP / Mécanique
QARSON;51461048400024;514610484;3 RUE DE SAINT MAURICE 77450 ISLES-LES-VILLENOY;77450;ISLES-LES-VILLENOY;+33 5 56 17 96 48;45.11Z;concession;Lille;BTP / Mécanique
SAGA NORD;88558156100143;885581561;20 RUE CHAPPE 59650 VILLENEUVE-D'ASCQ;59650;VILLENEUVE-D'ASCQ;+33 3 20 72 39 39;45.11Z;concession;Lille;BTP / Mécanique
NYXO LILLE BY AUTOSPHERE (GROUPE AUTOSPHERE);39956465700050;399564657;11C 11 RUE DU DRONCKAERT 59223 RONCQ;59223;RONCQ;+33 3 20 19 01 50;45.11Z;concession;Lille;BTP / Mécanique
GGPC;92267932900016;922679329;3 CHEMIN DU PRIEURE 59260 LILLE;59260;LILLE;+33 1 42 28 04 98;45.11Z;concession;Lille;BTP / Mécanique
GGPE;94385153500014;943851535;HELLEMMES-LILLE 3 CHEMIN DU PRIEURE 59260 LILLE;59260;LILLE;+33 3 20 88 59 59;45.11Z;concession;Lille;BTP / Mécanique
KEOS NIEPPE BY AUTOSPHERE (GROUPE AUTOSPHERE);44585064700014;445850647;1797 RUE D'ARMENTIERES 59850 NIEPPE;59850;NIEPPE;+33 3 20 00 97 00;45.11Z;concession;Lille;BTP / Mécanique
MB AUTOS;83749242000018;837492420;20 RUE MONTAIGNE 59120 LOOS;59120;LOOS;+33 4 67 72 59 69;45.11Z;concession;Lille;BTP / Mécanique
ROND POINT AUTO;35255868800060;352558688;ZAC DE LA GUERNERIE RUE AMBROISE PARE 59280 BOIS-GRENIER;59280;BOIS-GRENIER;+33 1 34 42 63 86;45.11Z;concession;Lille;BTP / Mécanique
MAS DESCAMPS;33845592600026;338455926;32 PLACE DE LA GARE (LILLE) 59800 LILLE;59800;LILLE;+33 3 20 54 99 25;45.11Z;concession;Lille;BTP / Mécanique
LCI VERBAERE MOTORSPORT LILLE (VERBAERE VINTAGE);95395953300019;953959533;LOMME 5 RUE LAVOISIER (LILLE) 59000 LILLE;59000;LILLE;+33 7 67 52 56 38;45.11Z;concession;Lille;BTP / Mécanique
OPALE DRIVE;98963761600016;989637616;1 RUE DES TEMPLIERS 24170 PAYS DE BELVES;24170;PAYS DE BELVES;+33 3 66 72 55 09;45.11Z;concession;Lille;BTP / Mécanique
KEOS ENGLOS BY AUTOSPHERE (GROUPE AUTOSPHERE);42880486800035;428804868;CTRE. ENGLOS LES GEANTS RUE DU HEM PROLONGEE 59320 SEQUEDIN;59320;SEQUEDIN;+33 3 20 00 97 00;45.11Z;concession;Lille;BTP / Mécanique
AUGUSTIN ALLAN;89430822000074;894308220;A34 64 CHEMIN DE ST MENET AUX ACCATES 13011 MARSEILLE;13011;MARSEILLE;+33 3 20 07 19 92;45.11Z;concession;Lille;BTP / Mécanique
ETABLISSEMENTS MARANDIN;45950073200035;459500732;ZAC PARC DU MOULIN LAMBLIN 320 RUE DES BOURRELIERS 59320 HALLENNES-LEZ-HAUBOURDIN;59320;HALLENNES-LEZ-HAUBOURDIN;+33 3 20 09 34 44;45.20B;carrossier;Lille;BTP / Mécanique
SEBASTIEN LEGRIS (KIX NET SERVICES);92905861800018;929058618;RDC LOT 2 6 RUE DE MADAGASCAR 59800 LILLE;59800;LILLE;+33 3 20 16 98 80;45.20B;carrossier;Lille;BTP / Mécanique
SOCIETE DE DIFFUSION ET D APPLICATIONS TECHNIQUES AUTOMOBILES (DATA);32462267900037;324622679;69 AVENUE DE LA LIBERATION 38640 CLAIX;38640;CLAIX;+33 7 51 05 69 33;45.20B;carrossier;Lille;BTP / Mécanique
SA DAFY MOTO;32225058000089;322250580;ZA DE L'ARTIERE RUE HENRI BECQUEREL 63110 BEAUMONT;63110;BEAUMONT;+33 5 49 09 65 08;45.40Z;moto;Lille;BTP / Mécanique
POOL SARL;31667710300046;316677103;8 BOULEVARD RICHARD LENOIR 75011 PARIS;75011;PARIS;+33 4 66 52 58 41;45.40Z;moto;Lille;BTP / Mécanique
ECYCLUM;90339383300012;903393833;3 RUE DU LOUVRE 75001 PARIS;75001;PARIS;+33 9 60 08 51 63;45.40Z;moto;Lille;BTP / Mécanique
D3T DISTRIBUTION;47856625000062;478566250;ZONE DE LA GARE D'EAU 72 RUE ELIE CARTAN 62220 CARVIN;62220;CARVIN;+33 6 61 07 27 13;47.91B;moto;Lille;BTP / Mécanique
BOXER EVASION;48299101500041;482991015;9 RUE DE L'HOTELLERIE 59113 SECLIN;59113;SECLIN;+33 3 28 77 77 28;45.40Z;moto;Lille;BTP / Mécanique
DE DONCKER MOTOS;39958122200052;399581222;ZAC DE L EPINETTE 59113 SECLIN;59113;SECLIN;+33 3 20 97 72 77;45.40Z;moto;Lille;BTP / Mécanique
BRH MOTOS PLUS;37938084300019;379380843;3 RUE DU FAUBOURG D'ARRAS 59000 LILLE;59000;LILLE;+33 6 95 36 68 12;70.10Z;moto;Lille;BTP / Mécanique
MOTO 3000;42862542000032;428625420;1 T RUE JULES VERNE 59790 RONCHIN;59790;RONCHIN;+33 2 41 56 33 30;45.40Z;moto;Lille;BTP / Mécanique
ACCESS LAND;40973943000026;409739430;ZAC DE L'EPINETTE RUE DE L'INDUSTRIE 59113 SECLIN;59113;SECLIN;+33 3 20 54 88 08;45.40Z;moto;Lille;BTP / Mécanique
LYS MOTO;38419255500033;384192555;1 AV JEAN JAURES 59390 LYS LEZ LANNOY;59390;LYS LEZ LANNOY;+33 2 41 70 75 32;45.40Z;moto;Lille;BTP / Mécanique
ROBLIN;37872692100018;378726921;20 B RUE PIERRE LEGRAND 59800 LILLE;59800;LILLE;+33 5 53 28 61 98;45.40Z;moto;Lille;BTP / Mécanique
MOTO LINE;35263667400066;352636674;5 AV JEAN JAURES 59390 LYS LEZ LANNOY;59390;LYS LEZ LANNOY;+33 8 10 38 37 36;45.40Z;moto;Lille;BTP / Mécanique
AVENIR MOTO (TRIUMPH LILLE);39513521300043;395135213;ZAC DE L'EPINETTE 220 RUE DE L'ARTISANAT 59113 SECLIN;59113;SECLIN;+33 3 28 77 77 20;45.40Z;moto;Lille;BTP / Mécanique
NORTH PROJECT;43434990800021;434349908;ZAC DE L EPINETTE RUE DE L'INDUSTRIE 59113 SECLIN;59113;SECLIN;+33 3 20 06 23 23;45.40Z;moto;Lille;BTP / Mécanique
ON TRAKC (ON TRACK);48531263100032;485312631;8 B AVENUE DE BRETAGNE 59000 LILLE;59000;LILLE;+33 3 20 78 10 77;45.40Z;moto;Lille;BTP / Mécanique
MT MOTO;81872534300011;818725343;15 RUE GUSTAVE DELORY (LILLE) 59800 LILLE;59800;LILLE;+33 3 66 19 15 60;45.40Z;moto;Lille;BTP / Mécanique
MASTEREX (MASTEREX);89140510200015;891405102;229 RUE DE SOLFERINO 59000 LILLE;59000;LILLE;+33 3 20 04 88 08;45.40Z;moto;Lille;BTP / Mécanique
TOP MOBILITE;91979794400015;919797944;82 RUE D'ARTOIS 59000 LILLE;59000;LILLE;+33 3 61 97 95 50;45.40Z;moto;Lille;BTP / Mécanique
ETABLISSEMENTS LECOLIER (ETABLISSEMENTS JAQUES LEGER ETABLISSEMENTS LECOLIER CYCLES);45950072400032;459500724;2-5-ZONE DU MOULIN LAMBLIN 2 RUE DE LA SOURCE 59320 HALLENNES-LEZ-HAUBOURDIN;59320;HALLENNES-LEZ-HAUBOURDIN;+33 3 20 09 34 44;45.40Z;moto;Lille;BTP / Mécanique
NM.RACING (NM.RACING);93237626200022;932376262;37 RUE DE LA COUSINERIE 59650 VILLENEUVE-D'ASCQ;59650;VILLENEUVE-D'ASCQ;+33 3 27 89 90 50;45.40Z;moto;Lille;BTP / Mécanique
TOM MOBILITY (MOBILITYURBAN LILLE);92766405200010;927664052;5 RUE GEORGES MAERTENS 59800 LILLE;59800;LILLE;+33 3 61 97 95 50;45.40Z;moto;Lille;BTP / Mécanique
MOHAMED BENHMIDA (SAIMO AUTO);98359803800013;983598038;499 AVENUE DE DUNKERQUE (LOMME) 59000 LILLE;59000;LILLE;+33 3 62 52 57 73;45.20A;garage;Lille;BTP / Mécanique
FAST GLASS;98460612900018;984606129;35 RUE GUSTAVE DELORY (LOMME) 59000 LILLE;59000;LILLE;+33 3 59 28 30 70;45.20A;garage;Lille;BTP / Mécanique
MIKE CLERY (OPUR NETTOYAGE);97841416700012;978414167;229 RUE DE SOLFERINO 59000 LILLE;59000;LILLE;+33 3 20 72 21 03;45.20A;garage;Lille;BTP / Mécanique
DDM FRANCE;93912281800015;939122818;LOT 9 BAT B 7 RUE DE BAPAUME 59000 LILLE;59000;LILLE;+33 6 23 28 40 52;45.20A;garage;Lille;BTP / Mécanique
NL PERFORMANCES;94466323600015;944663236;229 RUE DE SOLFERINO 59800 LILLE;59800;LILLE;+33 2 98 44 25 33;45.20A;garage;Lille;BTP / Mécanique
OUSSAMA BEKHITI (LAVAGE AUTO BIO);98288405800016;982884058;1 RUE AUGUSTE COMTE 59000 LILLE;59000;LILLE;+33 3 20 93 83 42;45.20A;garage;Lille;BTP / Mécanique
ARM;97949938100015;979499381;GR SOLFERINO 229 RUE DE SOLFERINO 59000 LILLE;59000;LILLE;+33 1 69 10 90 97;45.20A;garage;Lille;BTP / Mécanique
ELOUAN BOSSART (ELOBOSS NETTOYAGE);97963116500011;979631165;BUREAU 3 38 BOULEVARD CARNOT 59800 LILLE;59800;LILLE;+33 3 20 04 00 40;45.20A;garage;Lille;BTP / Mécanique
GAMELIN AUTO (GAMELIN AUTO);94860812000010;948608120;229 RUE DE SOLFERINO 59000 LILLE;59000;LILLE;+33 3 20 93 52 68;45.20A;garage;Lille;BTP / Mécanique
ROBERTO TAVARES SANCHES (ROBERTO PARE BRISE);98779209000019;987792090;79 RUE DE FONTENOY 59000 LILLE;59000;LILLE;+33 3 62 27 94 25;45.20A;garage;Lille;BTP / Mécanique
MUSTAPHA EL KHADRIOUI (EM MECANIQUE AUTOMOBILE);99143478800014;991434788;206 B RUE FAIDHERBE 59800 LILLE;59800;LILLE;+33 6 27 44 48 56;45.20A;garage;Lille;BTP / Mécanique
LILL' ATELIER TM;99151404300017;991514043;RUE GUSTAVE NADAUD 59000 LILLE;59000;LILLE;+33 7 69 85 12 42;45.20A;garage;Lille;BTP / Mécanique
BEGLASS;99979155100016;999791551;BUREAU 3 34 PLACE DU GENERAL DE GAULLE 59800 LILLE;59800;LILLE;+33 6 67 88 22 91;45.20A;garage;Lille;BTP / Mécanique
KEVIN LUBIN;91083827500014;910838275;LE MAHONIA D11 92 RUE DE L'ASIE 59000 LILLE;59000;LILLE;+33 6 11 07 26 39;45.20A;garage;Lille;BTP / Mécanique
SARL DAHOU KAMEL;49514675500014;495146755;40-42 40 RUE JEAN JAURES (LILLE) 59000 LILLE;59000;LILLE;+33 3 20 51 42 75;45.20A;garage;Lille;BTP / Mécanique
MPA;51063898400011;510638984;18 B RUE GARIBALDI 59000 LILLE;59000;LILLE;+33 2 38 92 41 05;45.20A;garage;Lille;BTP / Mécanique
SA ETABLISSEMENT CATEU;33525825700013;335258257;117 B RUE VICTOR HUGO (LOMME) 59000 LILLE;59000;LILLE;+33 3 20 15 55 00;45.20A;garage;Lille;BTP / Mécanique
FLANDRE AUTOMOBILE;49256340800011;492563408;19 BOULEVARD DE METZ 59000 LILLE;59000;LILLE;+33 3 20 48 68 30;45.20A;garage;Lille;BTP / Mécanique
PARE-BRISE SERVICES;50825056000010;508250560;32 PLACE DE LA GARE (LILLE) 59800 LILLE;59800;LILLE;+33 9 74 57 06 38;45.20A;garage;Lille;BTP / Mécanique
GENERALE AUTO SERVICE;50858543700017;508585437;19 BOULEVARD DE METZ 59000 LILLE;59000;LILLE;+33 2 51 42 91 36;45.20A;garage;Lille;BTP / Mécanique
GARAGE CATTEAU PAUWELS (GARAGE DE L EPINETTE);75089459400019;750894594;41 RUE D'EMMERIN 59000 LILLE;59000;LILLE;+33 3 20 92 27 80;45.20A;garage;Lille;BTP / Mécanique
MDC AUTO (MDC AUTO);80877842700019;808778427;1 RUE EMILE ROUZE 59000 LILLE;59000;LILLE;+33 3 20 89 49 33;45.20A;garage;Lille;BTP / Mécanique
EUROPIECES (EUROPIECES);79963044700016;799630447;19 BOULEVARD DE METZ 59000 LILLE;59000;LILLE;+33 2 47 44 25 25;45.20A;garage;Lille;BTP / Mécanique
ORANGE MECANIQUE AUTOS LILLE (ORANGE MECANIQUE AUTOS LILLE) (OMA);89853217100011;898532171;69 RUE DU FAUBOURG DE BETHUNE 59000 LILLE;59000;LILLE;+33 9 87 77 63 65;45.20A;garage;Lille;BTP / Mécanique
B2S AUTO (AUTO EXPRESS);88210202300018;882102023;19 BOULEVARD DE METZ 59000 LILLE;59000;LILLE;+33 5 56 33 37 27;45.20A;garage;Lille;BTP / Mécanique
O WASH;94862171900012;948621719;268 RUE PIERRE LEGRAND 59800 LILLE;59800;LILLE;+33 5 62 47 94 00;45.20A;garage;Lille;BTP / Mécanique
CENTRE DE BEAUTE AUTOMOBILE (CBA);48938383600025;489383836;4 RUE D'ISLY 59000 LILLE;59000;LILLE;+33 3 20 79 99 99;45.20A;garage;Lille;BTP / Mécanique
CAR NET;49066185700014;490661857;5 RUE EUGENE DESCAMPS 59160 LILLE;59160;LILLE;+33 2 41 66 71 25;45.20A;garage;Lille;BTP / Mécanique
SAS AUTO PERFORMANCE LOMME (SAS AUTO PERFORMANCE LOMME);82885158400015;828851584;95 RUE DU VINGTIEME SIECLE 59160 LILLE;59160;LILLE;+33 3 20 06 54 41;45.20A;garage;Lille;BTP / Mécanique
GREEN CLEANING SERVICES (GCS.);53068539500010;530685395;124 RUE DE LANNOY 59800 LILLE;59800;LILLE;+33 3 20 08 63 18;45.20A;garage;Lille;BTP / Mécanique
MON CARROSSIER (MON GARAGE);82745123800014;827451238;36 RUE DE BELLE VUE 59000 LILLE;59000;LILLE;+33 4 91 02 23 27;45.20A;garage;Lille;BTP / Mécanique
MECANIQUES LILLE FIVES;84240146500021;842401465;4 RUE RUBENS 59800 LILLE;59800;LILLE;+33 3 20 72 39 39;45.20A;garage;Lille;BTP / Mécanique
N.S AUTOS;98130078300017;981300783;66 RUE PAUL LAFARGUE 59000 LILLE;59000;LILLE;+33 4 77 37 19 65;45.20A;garage;Lille;BTP / Mécanique
MONDIAL CAR;48279082100037;482790821;11 RUE FAIDHERBE 59155 FACHES-THUMESNIL;59155;FACHES-THUMESNIL;+33 9 82 49 79 41;45.11Z;concession;Lille;BTP / Mécanique
QUAD STATION;45227445900034;452274459;ZA DE LA PREVOTE 150 RUE DE LA PREVOTE 59890 QUESNOY-SUR-DEULE;59890;QUESNOY-SUR-DEULE;+33 9 63 55 75 65;45.11Z;concession;Lille;BTP / Mécanique
AB AUTOMOBILE;85092447300018;850924473;20 RUE GARIBALDI 59000 LILLE;59000;LILLE;+33 6 12 91 15 02;45.11Z;concession;Lille;BTP / Mécanique
VAL.AUTOS.MOTORS;89173205900011;891732059;51 BOULEVARD DE LA LIBERTE 59800 LILLE;59800;LILLE;+33 3 62 02 62 82;45.11Z;concession;Lille;BTP / Mécanique
SAS J.A.S.;92256844900016;922568449;4-7 4 RUE DE CALAIS 59800 LILLE;59800;LILLE;+33 9 67 06 04 75;45.11Z;concession;Lille;BTP / Mécanique
GEFICO;91296345100014;912963451;CHAUSSEE DE TIRLEMONT 147 A 4520 WANZE BELGIQUE;None;;+33 2 98 31 98 31;45.11Z;concession;Lille;BTP / Mécanique
EXCLUSIVE CARS 59;94218329400019;942183294;41 RUE JACQUEMARS GIELEE 59800 LILLE;59800;LILLE;+33 6 49 56 04 74;45.11Z;concession;Lille;BTP / Mécanique
RCH CARS;95283833200015;952838332;21 CHEMIN DE MERIGNAN 45240 LA FERTE-SAINT-AUBIN;45240;LA FERTE-SAINT-AUBIN;+33 7 81 93 87 60;45.11Z;concession;Lille;BTP / Mécanique
BL AUTO SELECT (BL CUSTOM);98010324600032;980103246;612 RUE DE LA CHAUDE RIVIERE 59800 LILLE;59800;LILLE;+33 6 50 71 75 89;45.11Z;concession;Lille;BTP / Mécanique
AUTO SALE;80303454500019;803034545;BELGIQUE 733-735 SINT-BERNARDSESTEENWEG 2660  ANTWERPEN BELGIQUE;2660;;+33 2 62 45 85 85;45.11Z;concession;Lille;BTP / Mécanique
NORD ARTOIS SEMI REMORQUES;38272946500072;382729465;3 RUE DU PONT VANUXEEM 59181 STEENWERCK;59181;STEENWERCK;+33 3 20 07 18 62;45.11Z;concession;Lille;BTP / Mécanique
SARL GARAGE DUBECQUEREL;30952903000012;309529030;230 RUE JACQUARD (HELLEMMES-LILLE) 59000 LILLE;59000;LILLE;+33 3 20 93 49 15;45.11Z;concession;Lille;BTP / Mécanique
D.VERBAERE AUTOMOBILES;41061781500031;410617815;5 RUE LAVOISIER (LOMME) 59000 LILLE;59000;LILLE;+33 3 20 60 54 48;45.11Z;concession;Lille;BTP / Mécanique
GARAGE GAMBETTA SECO;44056366600013;440563666;391 RUE LEON GAMBETTA 59000 LILLE;59000;LILLE;+33 3 20 57 29 67;45.11Z;concession;Lille;BTP / Mécanique
RAPID MOTORS;78901297800027;789012978;2 RUE LOUIS ARMAND 62300 LENS;62300;LENS;+33 6 95 36 68 12;45.11Z;concession;Lille;BTP / Mécanique
HR AUTOS (SASU HR AUTOS);82175629300014;821756293;27 6 AVENUE EUGENE VARLIN 59800 LILLE;59800;LILLE;+33 4 30 00 00 08;45.11Z;concession;Lille;BTP / Mécanique
GGP FIRST AUTOMOBILES;43517433900042;435174339;BOULEVARD DE L'OUEST 59000 LILLE;59000;LILLE;+33 3 20 88 59 59;45.11Z;concession;Lille;BTP / Mécanique
TD CAR SARL;44339682500020;443396825;70 CHEMIN DU PILORI 59116 HOUPLINES;59116;HOUPLINES;+33 3 20 37 11 45;45.11Z;concession;Lille;BTP / Mécanique
GALLON SARL;47849572400039;478495724;130 BOULEVARD DE LA LIBERTE 59800 LILLE;59800;LILLE;+33 2 40 54 11 02;45.11Z;concession;Lille;BTP / Mécanique
POIDS LOURDS 59;47849577300036;478495773;130 BOULEVARD DE LA LIBERTE 59800 LILLE;59800;LILLE;+33 3 20 00 03 40;45.11Z;concession;Lille;BTP / Mécanique
GARAGE AVENIR ESPOIR;47893044900010;478930449;206 BOULEVARD VICTOR HUGO 59000 LILLE;59000;LILLE;+33 3 20 72 21 03;45.11Z;concession;Lille;BTP / Mécanique
YOUNSSE JADIR (AUTO TRUST);45300558900032;453005589;APPT D35 18 RUE DE L'ALMA 59200 TOURCOING;59200;TOURCOING;+33 7 81 01 51 63;45.11Z;concession;Lille;BTP / Mécanique
ANTOINE MAILLET (ANTOINE MAILLET);48345726300034;483457263;2 ALLEE VAN GOGH 59100 ROUBAIX;59100;ROUBAIX;+33 9 55 82 55 31;45.11Z;concession;Lille;BTP / Mécanique
RABI BEN KHELIL;42512042500011;425120425;7-9 APT 108 7 RUE DE LA BRIQUETERIE 59800 LILLE;59800;LILLE;+33 3 20 72 39 39;45.11Z;concession;Lille;BTP / Mécanique
PETER CARS;10065919200015;100659192;229 RUE DE SOLFERINO 59800 LILLE;59800;LILLE;+33 7 82 02 95 95;45.11Z;concession;Lille;BTP / Mécanique
BANKS AUTOMOBILES;10107242900018;101072429;229 RUE DE SOLFERINO 59800 LILLE;59800;LILLE;+33 6 27 44 48 56;45.11Z;concession;Lille;BTP / Mécanique
YOUNES ZAYTAR (YZ IMPORT THE CARS);52258072900021;522580729;APT 2 28 RUE DE PHILADELPHIE - LILLE 59000 LILLE;59000;LILLE;+33 3 20 04 00 40;45.11Z;concession;Lille;BTP / Mécanique
MICHEL FERNANDEZ (FDZ AUTO);52349161100027;523491611;41 RUE DE LA SUCRERIE 59540 CAUDRY;59540;CAUDRY;+33 6 16 87 65 40;45.11Z;concession;Lille;BTP / Mécanique
PIERRE D'AVENIA (EASYCAR CONCEPT);34178945100034;341789451;10 PLACE GUY DE DAMPIERRE 59000 LILLE;59000;LILLE;+33 3 20 72 21 03;45.11Z;concession;Lille;BTP / Mécanique
MOHAMED SEDIRA;48234518800072;482345188;5 RUE JOHN LENNON 95370 MONTIGNY-LES-CORMEILLES;95370;MONTIGNY-LES-CORMEILLES;+33 9 52 84 96 01;45.11Z;concession;Lille;BTP / Mécanique
JC AUTO;10030165400016;100301654;41 RUE JACQUEMARS GIELEE 59800 LILLE;59800;LILLE;+33 4 73 15 15 30;45.11Z;concession;Lille;BTP / Mécanique
EURAUTO;38081997900028;380819979;CENTRE COMMERCIAL AUCHAN RTE DE SEQUEDIN 59320 ENGLOS;59320;ENGLOS;+33 4 99 04 93 57;45.11Z;concession;Lille;BTP / Mécanique
ABDELKADER BELKACEMI (KAD AUTO);41948054600037;419480546;BUREAU 326 78 AVENUE DES CHAMPS ELYSEES 75008 PARIS;75008;PARIS;+33 6 16 87 65 40;45.11Z;concession;Lille;BTP / Mécanique
GILBERT MARAHWA;79320116100015;793201161;20 B RUE BERLIOZ 59800 LILLE;59800;LILLE;+33 7 77 17 33 91;45.11Z;concession;Lille;BTP / Mécanique
TAMEUR CHEMISSA (SUR AUTO);51278362200040;512783622;27 RUE DE LA GARE D’HARNES 62710 COURRIERES;62710;COURRIERES;+33 6 16 87 65 40;45.11Z;concession;Lille;BTP / Mécanique
SERYAN GUEVORKIAN (LILLE CARS);52158488800023;521584888;26 AVENUE DES TULIPES 59350 SAINT-ANDRE-LEZ-LILLE;59350;SAINT-ANDRE-LEZ-LILLE;+33 6 62 85 79 44;45.11Z;concession;Lille;BTP / Mécanique
NEGOSAUTO;53058151100025;530581511;61 BOULEVARD DE METZ 59000 LILLE;59000;LILLE;+33 3 20 38 81 91;45.11Z;concession;Lille;BTP / Mécanique
AZMAUTOMOBILE (AZMA);79832946200039;798329462;110 RUE DU MARAIS DE LOMME 59160 LILLE;59160;LILLE;+33 7 66 58 56 74;45.11Z;concession;Lille;BTP / Mécanique
DS PRESTIGE AUTO (DS PRESTIGE AUTO);79974636700017;799746367;13 B RUE DES OEILLETS 59000 LILLE;59000;LILLE;+33 3 20 50 94 94;45.11Z;concession;Lille;BTP / Mécanique
MICHEL LANGLOIS;51100003600067;511000036;BUREAU 3 34 PLACE DU GENERAL DE GAULLE 59800 LILLE;59800;LILLE;+33 1 39 02 38 38;45.11Z;concession;Lille;BTP / Mécanique
KAMEL BOUCHABBA (AUTO BOUCHABBA);79074637400012;790746374;134 RUE DE WAZEMMES 59000 LILLE;59000;LILLE;+33 6 83 76 64 12;45.11Z;concession;Lille;BTP / Mécanique
MOHAMED OUAHDAN;79099760500015;790997605;33 RUE DES HORTENSIAS 59160 LILLE;59160;LILLE;+33 3 62 52 57 73;45.11Z;concession;Lille;BTP / Mécanique
ADIL BIROUK;83924260900049;839242609;12 RUE ABELARD 59000 LILLE;59000;LILLE;+33 3 66 97 52 99;45.11Z;concession;Lille;BTP / Mécanique
4SAUTOMOBILES.FR (4SAUTOMOBILES.FR);83852803200033;838528032;ZAC MAURICE SCHUMANN 64 RUE DES FRERES LUMIERE 59560 COMINES;59560;COMINES;+33 3 20 04 26 42;45.11Z;concession;Lille;BTP / Mécanique
ISSAM BENZAIM;83051287700036;830512877;3 RUE ALFRED DE MUSSET 59130 LAMBERSART;59130;LAMBERSART;+33 3 20 19 01 50;45.11Z;concession;Lille;BTP / Mécanique
RICQUIER AUTOMOBILES;83124908100025;831249081;83 RUE JEAN LETIENNE 62300 LENS;62300;LENS;+33 3 20 03 80 80;45.11Z;concession;Lille;BTP / Mécanique
GGP LOCATION;84174713200014;841747132;3 CHEMIN DU PRIEURE 59260 LILLE;59260;LILLE;+33 3 21 04 93 99;45.11Z;concession;Lille;BTP / Mécanique
L'OCCAZ DU PRO;84213673100044;842136731;1ST FLOOR 3 BOULEVARD DE BELFORT 59000 LILLE;59000;LILLE;+33 3 74 46 01 66;45.11Z;concession;Lille;BTP / Mécanique
STARTER DRIVE;82465177200025;824651772;320 RUE DE LA LYS 59250 HALLUIN;59250;HALLUIN;+33 3 39 07 03 81;45.11Z;concession;Lille;BTP / Mécanique
ROMUALD BEAUCOURT (RD AUTOS);88848902800041;888489028;52 RUE DE CONDE 62160 BULLY-LES-MINES;62160;BULLY-LES-MINES;+33 9 87 77 63 65;45.11Z;concession;Lille;BTP / Mécanique
EASY MOTORS CLUB;88500604900013;885006049;720 AVENUE DE DUNKERQUE (LOMME) 59160 LILLE;59160;LILLE;+33 3 20 01 03 30;45.11Z;concession;Lille;BTP / Mécanique
THOMAS FROMENTIN (FROMENTIN AUTOMOBILE);87814016900029;878140169;11 RUE D'HERBECOURT 80200 FEUILLERES;80200;FEUILLERES;+33 3 20 22 12 12;45.11Z;concession;Lille;BTP / Mécanique
CLC VALENCIENNES;32341709700058;323417097;166 AVENUE DE DENAIN 59300 VALENCIENNES;59300;VALENCIENNES;+33 3 20 51 42 75;45.11Z;concession;Lille;BTP / Mécanique
BERTRAND BAUDRY;35279726000028;352797260;50 RUE DES LUPINS 59152 GRUSON;59152;GRUSON;+33 2 40 31 32 54;45.11Z;concession;Lille;BTP / Mécanique
ALINOR;35280066800035;352800668;40-42-44-46 40 RUE DE MARQUILLIES 59000 LILLE;59000;LILLE;+33 1 46 82 47 93;45.11Z;concession;Lille;BTP / Mécanique
SARL PALINSKI;31932851400025;319328514;281 B RUE PIERRE LEGRAND 59800 LILLE;59800;LILLE;+33 3 20 04 35 05;45.11Z;concession;Lille;BTP / Mécanique
PHILIPPE LOSSON (PHILIPPE LOSSON);39258497500057;392584975;57 RUE MANUEL 59000 LILLE;59000;LILLE;+33 3 54 22 69 93;45.11Z;concession;Lille;BTP / Mécanique
MANH PHAM (DREAM CARS PART SOLUTIO);42364961500022;423649615;LE BOURG 12290 CANET-DE-SALARS;12290;CANET-DE-SALARS;+33 3 20 30 35 20;45.11Z;concession;Lille;BTP / Mécanique
J.M.P AUTOMOBILES (J.M.P AUTOMOBILES);43536644800023;435366448;115 RUE NATIONALE 59000 LILLE;59000;LILLE;+33 4 78 08 87 20;45.11Z;concession;Lille;BTP / Mécanique
GROUPE A.B INDUSTRIES;42080060900034;420800609;38 RUE ALLARD DUGAUQUIER 59800 LILLE;59800;LILLE;+33 3 20 87 90 60;45.11Z;concession;Lille;BTP / Mécanique
GEBRAYEL MENEEM;43995257300020;439952573;5 RUE ANTOINE WATTEAU 62138 HAISNES;62138;HAISNES;+33 3 20 51 42 75;45.11Z;concession;Lille;BTP / Mécanique
GERALD COUGET;42903783100048;429037831;LD L'ECHALUSSE 7 ROUTE DU GRAND MALLERAY 18400 LUNERY;18400;LUNERY;+33 2 37 30 28 70;45.11Z;concession;Lille;BTP / Mécanique
F.S.C FERROILLE SAFE AND CLEAN (FIRST SERVICE CAR);43025466400021;430254664;DU BOIS 1 PARC D'ENTREPRISES MOTTE BOIS 62440 HARNES;62440;HARNES;+33 7 58 46 32 07;45.11Z;concession;Lille;BTP / Mécanique
MILANO AUTOMOBILES (V2 AUTOMOBILES);44821405600039;448214056;3 RUE DU FRENELET 59650 VILLENEUVE-D'ASCQ;59650;VILLENEUVE-D'ASCQ;+33 3 28 76 16 76;45.11Z;concession;Lille;BTP / Mécanique
TOUMA AUTO;48531666500036;485316665;63 RUE D'ARTOIS 59000 LILLE;59000;LILLE;+33 3 20 68 14 93;45.11Z;concession;Lille;BTP / Mécanique
E S C TRADING;50421751400018;504217514;84 B RUE DE MARQUILLIES 59000 LILLE;59000;LILLE;+33 3 20 51 42 75;45.11Z;concession;Lille;BTP / Mécanique
EMILIE FABIENNE SETHI;79431833700050;794318337;679 AVENUE DE LA REPUBLIQUE (LILLE) 59800 LILLE;59800;LILLE;+33 3 72 27 04 60;45.11Z;concession;Lille;BTP / Mécanique
SAS UNIVERS AUTO EXPORT (SAS UNIVERS AUTO EXPORT);82538282300011;825382823;RESIDENCE LYDERIC RCH N1 34 RUE LYDERIC 59800 LILLE;59800;LILLE;+33 3 20 06 54 41;45.11Z;concession;Lille;BTP / Mécanique
DELMARC AUTOMOBILES;51795286700011;517952867;L'OREE DU PARC CARRIERE DE LA FUNQUEE 59800 LILLE;59800;LILLE;+33 6 27 44 48 56;45.11Z;concession;Lille;BTP / Mécanique
SEYRAN SHIRINYAN (EAGLE - MOTORS);53938328100026;539383281;229 RUE DE SOLFERINO 59000 LILLE;59000;LILLE;+33 6 95 36 68 12;45.11Z;concession;Lille;BTP / Mécanique
IMPEX TRADING;51407737900014;514077379;51 RUE MARCEL HENAUX (LILLE) 59000 LILLE;59000;LILLE;+33 3 20 52 45 11;45.11Z;concession;Lille;BTP / Mécanique
DAVID BETTEY (EHDB AUTO);51483908300037;514839083;41 RUE JACQUEMARS GIELEE 59800 LILLE;59800;LILLE;+33 3 20 57 29 67;45.11Z;concession;Lille;BTP / Mécanique
MATUTEZULUA DIEYI (DIWA);52000242900014;520002429;11 RUE CARPEAUX 59000 LILLE;59000;LILLE;+33 3 59 82 80 72;45.11Z;concession;Lille;BTP / Mécanique
LANSANA GUIRASSY;74986025000010;749860250;APPT 32 8 RUE DE THUMESNIL 59000 LILLE;59000;LILLE;+33 2 43 49 22 69;45.11Z;concession;Lille;BTP / Mécanique
MOHAMED MAHIOU;52972650700039;529726507;94 RUE DU HAUT VINAGE 59290 WASQUEHAL;59290;WASQUEHAL;+33 9 52 18 07 18;45.11Z;concession;Lille;BTP / Mécanique
IBRAHIMA SORY DIALLO;80426289700015;804262897;3 RUE DU COMMERCE 59800 LILLE;59800;LILLE;+33 9 84 39 58 83;45.11Z;concession;Lille;BTP / Mécanique
MOHAMED DIOULDE;79035190200016;790351902;39 RUE DES SECOURISTES 59000 LILLE;59000;LILLE;+33 3 62 52 57 73;45.11Z;concession;Lille;BTP / Mécanique
AG AUTOMOBILES;81879361400020;818793614;2 RUE CAMILLE DIDIER 08000 CHARLEVILLE-MEZIERES;08000;CHARLEVILLE-MEZIERES;+33 2 41 77 93 00;45.11Z;concession;Lille;BTP / Mécanique
MOTOR EXPO;80868772700012;808687727;84 B RUE DE MARQUILLIES 59000 LILLE;59000;LILLE;+33 6 95 36 68 12;45.11Z;concession;Lille;BTP / Mécanique
AUTO BLITZ;80976332900038;809763329;229 RUE DE SOLFERINO 59000 LILLE;59000;LILLE;+33 3 20 22 01 26;45.11Z;concession;Lille;BTP / Mécanique
JEAN FRANCOIS LEFEBVRE;80504012800011;805040128;38 RUE DU DOCTEUR LEPAN 59160 LILLE;59160;LILLE;+33 9 52 44 32 47;45.11Z;concession;Lille;BTP / Mécanique
JOAQUIM CORTES;81295883300038;812958833;ASNIT 2 ALLEE SACOMAN 13016 MARSEILLE;13016;MARSEILLE;+33 9 53 65 40 39;45.11Z;concession;Lille;BTP / Mécanique
JEAN CARLOS (CJ AUTOMOBILES);81314775800029;813147758;RUE ARTHUR LAMENDIN 59293 NEUVILLE-SUR-ESCAUT;59293;NEUVILLE-SUR-ESCAUT;+33 3 20 07 19 92;45.11Z;concession;Lille;BTP / Mécanique
PETRU RADULESCU (PETRU IMPORT/EXPORT);87948030900019;879480309;CCAS MAIRIE DE QUARTIER DE FIVES 127 T RUE PIERRE LEGRAND 59800 LILLE;59800;LILLE;+33 3 20 45 90 20;45.11Z;concession;Lille;BTP / Mécanique
RACHID TOUATI (H AUTO);88049440600015;880494406;APPT B103 34 B RUE ANATOLE FRANCE (LOMME) 59000 LILLE;59000;LILLE;+33 6 83 76 64 12;45.11Z;concession;Lille;BTP / Mécanique
WEB@UTO;80486998000024;804869980;475 AVENUE DE DUNKERQUE (LOMME) 59000 LILLE;59000;LILLE;+33 6 66 92 76 41;45.11Z;concession;Lille;BTP / Mécanique
ABDELKARIM OUAAMAR (AUTO MOSELLE);75076515800019;750765158;ENTREE 5  -  APPARTEMENT 5021 BOULEVARD DE LA MOSELLE 59000 LILLE;59000;LILLE;+33 6 83 76 64 12;45.11Z;concession;Lille;BTP / Mécanique
DRAGOVA AUTO EXPORT;84225989700036;842259897;MAISON D 27 RUE SUZANNE LANNOY BLIN 59195 HERIN;59195;HERIN;+33 6 16 87 65 40;45.11Z;concession;Lille;BTP / Mécanique
MG AUTO-EXPORT;93897167800017;938971678;1 RUE DU BECQUEREL 59800 LILLE;59800;LILLE;+33 3 58 30 06 21;45.11Z;concession;Lille;BTP / Mécanique
AUTO SPORT LUXURY;89243534800016;892435348;188 RUE MADELEINE REBERIOUX 59000 LILLE;59000;LILLE;+33 9 70 70 23 56;45.11Z;concession;Lille;BTP / Mécanique
MARC VANDE WEGHE (VDA MOTORS);89273939200033;892739392;BUREAU 3 34 PLACE DU GENERAL DE GAULLE 59800 LILLE;59800;LILLE;+33 3 74 09 98 34;45.11Z;concession;Lille;BTP / Mécanique
CARL MOTORS;89855523000017;898555230;17 BOULEVARD DE BELFORT 59000 LILLE;59000;LILLE;+33 3 59 89 21 02;45.11Z;concession;Lille;BTP / Mécanique
NATIONAL AUTO CONCEPT;89946417600010;899464176;679 AVENUE DE LA REPUBLIQUE (LILLE) 59800 LILLE;59800;LILLE;+33 7 49 82 19 85;45.11Z;concession;Lille;BTP / Mécanique
NECKER AUTOMOBILE;89004763200017;890047632;679 AVENUE DE LA REPUBLIQUE (LILLE) 59800 LILLE;59800;LILLE;+33 6 27 44 48 56;45.11Z;concession;Lille;BTP / Mécanique
GOLD MOTORS;89092173700023;890921737;229 RUE DE SOLFERINO 59000 LILLE;59000;LILLE;+33 3 20 01 03 35;45.11Z;concession;Lille;BTP / Mécanique
CORENTIN TROADEC (CARSFAST);84783669900029;847836699;229 RUE DE SOLFERINO 59000 LILLE;59000;LILLE;+33 6 65 36 16 40;45.11Z;concession;Lille;BTP / Mécanique
BER (BER);88134546600018;881345466;213 RUE DES POSTES 59000 LILLE;59000;LILLE;+33 9 60 12 42 88;45.11Z;concession;Lille;BTP / Mécanique
BB CARS;88271276300011;882712763;229 RUE DE SOLFERINO 59000 LILLE;59000;LILLE;+33 5 57 43 54 81;45.11Z;concession;Lille;BTP / Mécanique
ARMEN TONOYAN (EREVAN MOTORS);90198853500026;901988535;APP 41 4 RUE ALBERT CAMUS (LOMME) 59000 LILLE;59000;LILLE;+33 6 95 36 68 12;45.11Z;concession;Lille;BTP / Mécanique
MK. AUTO;90322363400010;903223634;BUREAU 3 38 BOULEVARD CARNOT 59800 LILLE;59800;LILLE;+33 3 10 45 49 35;45.11Z;concession;Lille;BTP / Mécanique
ORCHIES SERVICES AUTOMOBILES;90420475700036;904204757;ZAC CARRIERE DOREE 59310 ORCHIES;59310;ORCHIES;+33 3 20 79 99 99;45.11Z;concession;Lille;BTP / Mécanique
AUTO WISE SPORT (AWS);90473812700029;904738127;BUREAU 3 34 PLACE DU GENERAL DE GAULLE 59800 LILLE;59800;LILLE;+33 9 70 70 23 56;45.11Z;concession;Lille;BTP / Mécanique
SSB AUTOMOBILES;90498149500016;904981495;229 RUE DE SOLFERINO 59000 LILLE;59000;LILLE;+33 4 56 29 63 26;45.11Z;concession;Lille;BTP / Mécanique
JORDAN BIBAUT (BJ AUTOMOBILE);84520248000016;845202480;229 RUE DE SOLFERINO 59000 LILLE;59000;LILLE;+33 3 20 50 94 94;45.11Z;concession;Lille;BTP / Mécanique
GEORGES ABDUL (KOFFI) (AUTO'CHAP);90880723300014;908807233;14 RUE DES ROCHES 85290 MORTAGNE-SUR-SEVRE;85290;MORTAGNE-SUR-SEVRE;+33 6 16 87 65 40;45.11Z;concession;Lille;BTP / Mécanique
KML AUTOS;91978115300011;919781153;3 RUE MIRABEAU 59800 LILLE;59800;LILLE;+33 6 50 71 75 89;45.11Z;concession;Lille;BTP / Mécanique
SPICY MOTOR;92150486600036;921504866;144 RUE COLBERT 59493 VILLENEUVE-D'ASCQ;59493;VILLENEUVE-D'ASCQ;+33 3 20 01 03 35;45.11Z;concession;Lille;BTP / Mécanique
I.S CARS;92203972200017;922039722;229 RUE DE SOLFERINO 59000 LILLE;59000;LILLE;+33 6 62 85 79 44;45.11Z;concession;Lille;BTP / Mécanique
DEX FRANCE (DEX FRANCE);92273383700012;922733837;5 RUE LAVOISIER (LOMME) 59000 LILLE;59000;LILLE;+33 6 23 28 40 52;45.11Z;concession;Lille;BTP / Mécanique
EXCELLENCE SOCIETY;92757058000013;927570580;BUREAU 3 38 BOULEVARD CARNOT 59800 LILLE;59800;LILLE;+33 3 20 15 55 00;45.11Z;concession;Lille;BTP / Mécanique
YACINE NACER (J AND T);92778055100010;927780551;ETG 7ER APP 072 29 C RUE EUGENE JACQUET 59800 LILLE;59800;LILLE;+33 3 20 30 35 20;45.11Z;concession;Lille;BTP / Mécanique
MOISE DEMESTRE (AUTO DEMESTRE);92898341000012;928983410;SECOURS POPULAIRE FRANCAIS 18 RUE CABANIS 59800 LILLE;59800;LILLE;+33 6 16 87 65 40;45.11Z;concession;Lille;BTP / Mécanique
EVAN CARS (EVAN CARS);84966796900026;849667969;16 RUE ETIENNE DOLET 59800 LILLE;59800;LILLE;+33 3 20 30 35 20;45.11Z;concession;Lille;BTP / Mécanique
DHP AUTO;91168995800013;911689958;16 RUE ANTOINE-JOSEPH LERNOULD 59160 LILLE;59160;LILLE;+33 5 56 33 37 27;45.11Z;concession;Lille;BTP / Mécanique
FERIK SLOYAN (FR AUTOS);91177597100011;911775971;BAT 24 PORTE 1 24 AVENUE DE L'ARCHITECTE LOUIS CORDONNIER 59800 LILLE;59800;LILLE;+33 6 51 86 02 30;45.11Z;concession;Lille;BTP / Mécanique
GAETAN LEVIEL;91180718800022;911807188;40 RUE DU GENERAL AUGEREAU 02420 LE CATELET;02420;LE CATELET;+33 3 66 72 55 09;45.11Z;concession;Lille;BTP / Mécanique
ABDELILAH AMSAKOUM (GOOD CARS 59);91028409000016;910284090;PORTE 14 ENTREE 3 3 RUE COLETTE 59000 LILLE;59000;LILLE;+33 6 65 36 16 40;45.11Z;concession;Lille;BTP / Mécanique
AUTO WISE FRANCE (AUTO WISE FRANCE) (AWF);91076905800017;910769058;229 RUE DE SOLFERINO 59000 LILLE;59000;LILLE;+33 3 20 04 19 19;45.11Z;concession;Lille;BTP / Mécanique
SAMUEL LEBRUN (AUTO JACOB);91105781800013;911057818;10 PLACE GUY DE DAMPIERRE 59000 LILLE;59000;LILLE;+33 3 20 07 19 92;45.11Z;concession;Lille;BTP / Mécanique
CAR AUTOMOBILE;91132074500019;911320745;50 RUE LESAGE SENAULT 59000 LILLE;59000;LILLE;+33 4 67 96 12 07;45.11Z;concession;Lille;BTP / Mécanique
TRISTAN ROUSSEAU (ROUSSEAU AUTOMOBILE);89488886600031;894888866;PARC DE L'INNOVATION 187 RUE DE MENIN 59520 MARQUETTE-LEZ-LILLE;59520;MARQUETTE-LEZ-LILLE;+33 3 20 38 88 38;45.11Z;concession;Lille;BTP / Mécanique
COHEN AUTOMOBILE;89501532900017;895015329;104 RUE NATIONALE 59000 LILLE;59000;LILLE;+33 7 66 58 56 74;45.11Z;concession;Lille;BTP / Mécanique
GA TAXI;91830882600018;918308826;57 RUE MAURICE BERTEAUX 59260 LILLE;59260;LILLE;+33 2 98 59 97 34;45.11Z;concession;Lille;BTP / Mécanique
NET'CARS;91846294600016;918462946;38 BOULEVARD CARNOT 59800 LILLE;59800;LILLE;+33 1 39 78 75 58;45.11Z;concession;Lille;BTP / Mécanique
AUTO SPORT EXPORT;91857644800024;918576448;115 RUE DUMONT D'URVILLE 59800 LILLE;59800;LILLE;+33 9 70 70 23 56;45.11Z;concession;Lille;BTP / Mécanique
RMAUTO59;94968778400015;949687784;9 RUE D'ORAN 59800 LILLE;59800;LILLE;+33 3 20 38 81 91;45.11Z;concession;Lille;BTP / Mécanique
LILLE AUTO 59;95082471400014;950824714;229 RUE DE SOLFERINO 59000 LILLE;59000;LILLE;+33 3 20 50 94 94;45.11Z;concession;Lille;BTP / Mécanique
FANNY DEFAUX (DEF AUTO);95128246600014;951282466;229 RUE DE SOLFERINO 59000 LILLE;59000;LILLE;+33 6 21 55 65 61;45.11Z;concession;Lille;BTP / Mécanique
CARS DRIVE (CARS DRIVE);94351094100017;943510941;17 B RUE BOURJEMBOIS 59800 LILLE;59800;LILLE;+33 4 66 05 81 25;45.11Z;concession;Lille;BTP / Mécanique
ABEO AUTOMOTIVE (ABEO);94441803700015;944418037;229 RUE DE SOLFERINO 59800 LILLE;59800;LILLE;+33 6 27 44 48 56;45.11Z;concession;Lille;BTP / Mécanique
SELECT CAR NORD;94515545500013;945155455;679 AVENUE DE LA REPUBLIQUE (LILLE) 59800 LILLE;59800;LILLE;+33 3 20 08 70 70;45.11Z;concession;Lille;BTP / Mécanique
TVV AUTO;94115953500017;941159535;41 RUE JACQUEMARS GIELEE 59800 LILLE;59800;LILLE;+33 5 56 33 37 27;45.11Z;concession;Lille;BTP / Mécanique
GARAGE AUTO;94122803300010;941228033;BUREAU 3 34 PLACE DU GENERAL DE GAULLE 59800 LILLE;59800;LILLE;+33 3 81 58 49 86;45.11Z;concession;Lille;BTP / Mécanique
ALLIANCE AUTO;94272318000025;942723180;106 RUE DE DOUAI 59165 AUBERCHICOURT;59165;AUBERCHICOURT;+33 5 49 63 48 91;45.11Z;concession;Lille;BTP / Mécanique
DAILYAUTO;94307892300019;943078923;HELLEMMES 13 RUE FENELON (HELLEMMES-LILLE) 59000 LILLE;59000;LILLE;+33 3 20 68 14 93;45.11Z;concession;Lille;BTP / Mécanique
SAMIR SOLTANI (PHOENIX AUTO);93908114700018;939081147;3 EME ETAGE 19 B RUE DE TURENNE 59000 LILLE;59000;LILLE;+33 3 20 93 83 42;45.11Z;concession;Lille;BTP / Mécanique
SWITCH AUTO;93958294600017;939582946;229 RUE DE SOLFERINO 59000 LILLE;59000;LILLE;+33 6 22 40 33 31;45.11Z;concession;Lille;BTP / Mécanique
SM CARS;93971568600019;939715686;BUREAU 3 34 PLACE DU GENERAL DE GAULLE 59800 LILLE;59800;LILLE;+33 2 31 69 96 02;45.11Z;concession;Lille;BTP / Mécanique
MDA RENT;94095344100018;940953441;229 RUE DE SOLFERINO 59000 LILLE;59000;LILLE;+33 5 56 94 05 00;45.11Z;concession;Lille;BTP / Mécanique
VD CARS;92990112200010;929901122;53 RUE DU MARAIS 59160 LILLE;59160;LILLE;+33 3 25 03 71 61;45.11Z;concession;Lille;BTP / Mécanique
ALKA CONSEIL (L'ATELIER);94813582700012;948135827;229 RUE DE SOLFERINO 59000 LILLE;59000;LILLE;+33 7 69 85 12 42;45.11Z;concession;Lille;BTP / Mécanique
BH AUTO (BH CONCEPT);94890225900027;948902259;55 BOULEVARD DE STRASBOURG 59000 LILLE;59000;LILLE;+33 4 50 35 67 62;45.11Z;concession;Lille;BTP / Mécanique
THE CREW (SF CARS);93347834900014;933478349;229 RUE DE SOLFERINO 59000 LILLE;59000;LILLE;+33 7 80 94 39 84;45.11Z;concession;Lille;BTP / Mécanique
LOUIS LALLART;93448550900012;934485509;3 RUE MARACCI 59800 LILLE;59800;LILLE;+33 3 21 45 30 17;45.11Z;concession;Lille;BTP / Mécanique
PRESTIGE CARS CONSULTING 59;93462239000011;934622390;51 BOULEVARD DE STRASBOURG 59000 LILLE;59000;LILLE;+33 3 20 36 20 03;45.11Z;concession;Lille;BTP / Mécanique
SIRVARD ASSATRYAN (YAMANYAN) (AUTO CENTER);93465185200014;934651852;C11 147 RUE DE LA LITTORELLE 59000 LILLE;59000;LILLE;+33 6 83 76 64 12;45.11Z;concession;Lille;BTP / Mécanique
ZR CARS (ZR CARS);93482023400011;934820234;41 RUE JACQUEMARS GIELEE 59800 LILLE;59800;LILLE;+33 7 81 93 87 60;45.11Z;concession;Lille;BTP / Mécanique
MOHAMED YOUNIS;91379252900012;913792529;12 RUE RASPAIL 59800 LILLE;59800;LILLE;+33 9 52 77 84 52;45.11Z;concession;Lille;BTP / Mécanique
ROBERT MANSUET;91408286200022;914082862;47 RUE BASSE 59800 LILLE;59800;LILLE;+33 6 50 27 05 81;45.11Z;concession;Lille;BTP / Mécanique
LG MOTORSPORT EXCLUSIVES CARS;91427695100029;914276951;679 AVENUE DE LA REPUBLIQUE (LILLE) 59800 LILLE;59800;LILLE;+33 6 49 56 04 74;45.11Z;concession;Lille;BTP / Mécanique
DREAM CARS;91534207500024;915342075;3 AVENUE ALBERT MASUREL 59200 TOURCOING;59200;TOURCOING;+33 4 73 61 78 56;45.11Z;concession;Lille;BTP / Mécanique
AUTO-CHRIST;91748277000018;917482770;762 RUE DE CAMBRAI 59000 LILLE;59000;LILLE;+33 6 83 76 64 12;45.11Z;concession;Lille;BTP / Mécanique
COMPAGNIE PARISIENNE DE SERVICES (CPS);71200258300904;712002583;12 RUE LOUIS LECUYER 92000 NANTERRE;92000;NANTERRE;+33 1 23 45 67 89;45.20A;garage;Lyon;BTP / Mécanique
SOC.NENEJIAN;33977839100013;339778391;8 RUE DE LA MARTINIERE 69001 LYON;69001;LYON;+33 1 23 45 67 89;45.20A;garage;Lyon;BTP / Mécanique
CROIX ROUSSE MOTO (CROIX ROUSSE MOTO);81865421200013;818654212;16 RUE DES TABLES CLAUDIENNES 69001 LYON;69001;LYON;+33 9 82 43 34 70;45.20A;garage;Lyon;BTP / Mécanique
LUCIE DURAND;84801576400014;848015764;15 RUE CONSTANTINE 69001 LYON;69001;LYON;+33 4 78 83 60 37;45.20A;garage;Lyon;BTP / Mécanique
REMI PRADIER (PR AUTOS);31529584000054;315295840;242 RUE DE LA MALADIERE 69400 VILLEFRANCHE-SUR-SAONE;69400;VILLEFRANCHE-SUR-SAONE;+33 1 23 45 67 89;45.20A;garage;Lyon;BTP / Mécanique
K.SH (CENTRE DE DEMOLITION AUTO);82808747800024;828087478;29 RUE ROGER SALENGRO 69200 VENISSIEUX;69200;VENISSIEUX;+33 1 23 45 67 89;45.20A;garage;Lyon;BTP / Mécanique
CHRONO 24 PARE BRISE;94338569000012;943385690;4 RUE DE LA REPUBLIQUE 69001 LYON;69001;LYON;+33 4 78 95 39 30;45.20A;garage;Lyon;BTP / Mécanique
PARE BRISE EXPRESS;93215628400014;932156284;BUREAU 3 2 RUE COYSEVOX 69001 LYON;69001;LYON;+33 4 78 95 39 30;45.20A;garage;Lyon;BTP / Mécanique
OBJECTIF PARE BRISE;95277172300014;952771723;2 RUE COYSEVOX 69001 LYON;69001;LYON;+33 4 78 95 39 30;45.20A;garage;Lyon;BTP / Mécanique
SQUARE AUTOMOBILES;91943341700012;919433417;BUREAU 3 2 RUE COYSEVOX 69001 LYON;69001;LYON;+33 6 05 05 69 05;45.20A;garage;Lyon;BTP / Mécanique
ESPACE COMPOSITES AUTOMOTIVE;81396282600018;813962826;8 RUE VICTOR HUGO 69002 LYON;69002;LYON;+33 1 23 45 67 89;45.20A;garage;Lyon;BTP / Mécanique
ATELIER GONIN MOTEUR;44320514100015;443205141;30 RUE SEGUIN 69002 LYON;69002;LYON;+33 1 23 45 67 89;45.20A;garage;Lyon;BTP / Mécanique
PIERRE GARNIER;83175692900012;831756929;29 RUE RAVAT 69002 LYON;69002;LYON;+33 6 24 01 94 30;45.20A;garage;Lyon;BTP / Mécanique
AM CLEAN;91243022000018;912430220;PARKING CENTRE COMMERCIAL LYON CONFLUE 112 COURS CHARLEMAGNE 69002 LYON;69002;LYON;+33 4 78 70 65 16;45.20A;garage;Lyon;BTP / Mécanique
LIONEL MANIGAND (GARAGE MANIGAND);38889147500039;388891475;83 CHEMIN DES SABLONNETTES 01290 LAIZ;01290;LAIZ;+33 1 23 45 67 89;45.20A;garage;Lyon;BTP / Mécanique
ALCO;75375506500038;753755065;1448 RTE DES TROIS VAVRES 01320 SAINT-NIZIER-LE-DESERT;01320;SAINT-NIZIER-LE-DESERT;+33 1 23 45 67 89;45.20A;garage;Lyon;BTP / Mécanique
BP CLEAN;89173375000014;891733750;33 RUE DE LA REPUBLIQUE 69002 LYON;69002;LYON;+33 4 78 70 65 16;45.20A;garage;Lyon;BTP / Mécanique
SA AVIS;42984715500018;429847155;12 RUE DU BELIER 69002 LYON;69002;LYON;+33 1 23 45 67 89;45.20A;garage;Lyon;BTP / Mécanique
DENT WIZARD (DENTWIZARD DENTMASTER);40204949800072;402049498;ZA CROIX BONNET 1 RUE GEORGES MELIES 78390 BOIS-D'ARCY;78390;BOIS-D'ARCY;+33 1 23 45 67 89;45.20A;garage;Lyon;BTP / Mécanique
DSM GARAGE;93462650800014;934626508;252 RUE DE ROSNY 93100 MONTREUIL;93100;MONTREUIL;+33 7 66 64 97 55;45.20A;garage;Lyon;BTP / Mécanique
PRO PDR FRANCE;90438241300048;904382413;3 RUE D'ARSONVAL 33600 PESSAC;33600;PESSAC;+33 1 23 45 67 89;45.20A;garage;Lyon;BTP / Mécanique
GARAGE  AGL (GARAGE AGL PUSIGNAN);89742876900029;897428769;1 ROUTE NATIONALE 69330 PUSIGNAN;69330;PUSIGNAN;+33 4 78 04 22 21;45.20A;garage;Lyon;BTP / Mécanique
GLASS SERVICES (GLASS SERV);94315183700011;943151837;254 RUE VENDOME 69003 LYON;69003;LYON;+33 1 23 45 67 89;45.20A;garage;Lyon;BTP / Mécanique
JFB AUTOS (CARROSSERIE DE LA PART DIEU - CARROSSERIE MICHEL PIROUD);39444329500024;394443295;34 RUE DE LA CITE 69003 LYON;69003;LYON;+33 6 88 45 25 32;45.20A;garage;Lyon;BTP / Mécanique
EG CLEAN (EG CLEAN);82432129300014;824321293;33 RUE PERNON 69004 LYON;69004;LYON;+33 4 78 70 65 16;45.20A;garage;Lyon;BTP / Mécanique
CARROSSERIE LACASSAGNE;92856130700010;928561307;62 AVENUE LACASSAGNE 69003 LYON;69003;LYON;+33 4 78 54 26 98;45.20A;garage;Lyon;BTP / Mécanique
GARAGE CALDERONI;42878743600024;428787436;530 RUE DE LA DOMBES 01700 MIRIBEL;01700;MIRIBEL;+33 4 78 54 01 57;45.20A;garage;Lyon;BTP / Mécanique
MARCEL AUTO;10037518700018;100375187;8 RUE MARCEL PEHU 69003 LYON;69003;LYON;+33 4 81 06 08 40;45.20A;garage;Lyon;BTP / Mécanique
OCCITANE AUTO SERVICES;83790580100028;837905801;254 RUE VENDOME 69003 LYON;69003;LYON;+33 4 78 69 14 10;45.20A;garage;Lyon;BTP / Mécanique
BRICE MISSIE-MICK (LYNKCAR);82277524300022;822775243;21 RUE GUSTAVE MAREAU 49000 ANGERS;49000;ANGERS;+33 1 23 45 67 89;45.20A;garage;Lyon;BTP / Mécanique
HEDY LADHARI (LA BATTERIE LYONNAISE);82459508600029;824595086;TER 350 ROUTE DE GENAS 69500 BRON;69500;BRON;+33 1 23 45 67 89;45.20A;garage;Lyon;BTP / Mécanique
LYON AUTO CLEAN SERVICES (LACS);53196815400025;531968154;19 RUE DU LAC 69003 LYON;69003;LYON;+33 6 52 45 53 41;45.20A;garage;Lyon;BTP / Mécanique
GARAGE D ATTOMA;37946937200013;379469372;20 B RUE DU DOCTEUR REBATEL 69003 LYON 3EME;69003;LYON 3EME;+33 4 81 06 08 40;45.20A;garage;Lyon;BTP / Mécanique
PHILIPPE RAMOS;49048749300010;490487493;20 RUE DE L'EGLISE 69003 LYON;69003;LYON;+33 1 23 45 67 89;45.20A;garage;Lyon;BTP / Mécanique
MOUSSA BAMBA (GARAGEBMCARS);80351719200024;803517192;22 RUE FIOL 69003 LYON;69003;LYON;+33 1 23 45 67 89;45.20A;garage;Lyon;BTP / Mécanique
ABH;80750941900014;807509419;117 COURS RICHARD VITTON 69003 LYON;69003;LYON;+33 1 23 45 67 89;45.20A;garage;Lyon;BTP / Mécanique
SARL LAKEHAL ET MONACO;81281534800014;812815348;147 AVENUE LACASSAGNE 69003 LYON;69003;LYON;+33 4 78 54 96 79;45.20A;garage;Lyon;BTP / Mécanique
MECA SERVICE AUTO (MSA);81778112300010;817781123;11 RUE DU DAUPHINE 69003 LYON;69003;LYON;+33 4 78 69 14 10;45.20A;garage;Lyon;BTP / Mécanique
GARAGE LYON PNEUS SERVICES (GARAGE LYON PNEUS SERVICES);89516594200023;895165942;103 RUE PROFESSEUR BEAUVISAGE 69008 LYON;69008;LYON;+33 4 72 90 18 18;45.20A;garage;Lyon;BTP / Mécanique
GLASS CARROSSERIE (GLASS CARROSSERIE);93962021700025;939620217;46 RUE DU DAUPHINE 69800 SAINT-PRIEST;69800;SAINT-PRIEST;+33 6 52 68 67 00;45.20A;garage;Lyon;BTP / Mécanique
AURELIEN RUBIN;94884101000010;948841010;254 RUE VENDOME 69003 LYON;69003;LYON;+33 6 37 34 54 68;45.20A;garage;Lyon;BTP / Mécanique
PAREBRISE MINUTE;98486662400013;984866624;254 RUE VENDOME 69003 LYON;69003;LYON;+33 4 78 95 39 30;45.20A;garage;Lyon;BTP / Mécanique
AUTO GLASS;98880832500019;988808325;254 RUE VENDOME 69003 LYON;69003;LYON;+33 6 37 34 54 68;45.20A;garage;Lyon;BTP / Mécanique
ANTHONY BARONE;99229037900013;992290379;12 RUE DE LA PART-DIEU 69003 LYON;69003;LYON;+33 1 23 45 67 89;45.20A;garage;Lyon;BTP / Mécanique
RS PARE-BRISE;99415134800012;994151348;254 RUE VENDOME 69003 LYON;69003;LYON;+33 4 78 95 39 30;45.20A;garage;Lyon;BTP / Mécanique
MY DRIVE (MY DRIVE);10168771300012;101687713;254 RUE VENDOME 69003 LYON;69003;LYON;+33 7 82 67 80 86;45.20A;garage;Lyon;BTP / Mécanique
BILEL MECHTAOUI;95141940700022;951419407;18 RUE VICTOR FAUGIER 38200 VIENNE;38200;VIENNE;+33 1 23 45 67 89;45.20A;garage;Lyon;BTP / Mécanique
EUROFLEET TYRES & SERVICES;48050076800050;480500768;1ER ETAGE 100 ROUTE DE LYON 69800 SAINT-PRIEST;69800;SAINT-PRIEST;+33 6 42 43 40 79;45.20A;garage;Lyon;BTP / Mécanique
DEBOSS CARS DSP (DEBOSS CARS DSP);10075309400018;100753094;12 RUE DE LA PART-DIEU 69003 LYON;69003;LYON;+33 7 68 16 55 25;45.20A;garage;Lyon;BTP / Mécanique
DAVID GONZALEZ (DG AUTO PRESTATION);38432805000065;384328050;ST CHRISTOPHE 20 TRA DU PAQUIER 69430 DEUX-GROSNES;69430;DEUX-GROSNES;+33 1 23 45 67 89;45.20A;garage;Lyon;BTP / Mécanique
REVACTION;39792115600030;397921156;57 AVENUE JULES GUESDE 69200 VENISSIEUX;69200;VENISSIEUX;+33 1 23 45 67 89;45.20A;garage;Lyon;BTP / Mécanique
MARIO ITRI (MARIO PNEUS);40317426100053;403174261;20 RUE JULES GUESDE 38550 SAINT-MAURICE-L'EXIL;38550;SAINT-MAURICE-L'EXIL;+33 1 23 45 67 89;45.20A;garage;Lyon;BTP / Mécanique
AUTOBELLA;42084400300277;420844003;183 RUE DE FONTENAY 94300 VINCENNES;94300;VINCENNES;+33 6 21 28 47 15;45.20A;garage;Lyon;BTP / Mécanique
COLLADO SARL (BLV AUTOMOBILE);34165422600099;341654226;80 CHEMIN DE LA BOUVIERE 69780 SAINT-PIERRE-DE-CHANDIEU;69780;SAINT-PIERRE-DE-CHANDIEU;+33 4 78 53 40 75;45.20A;garage;Lyon;BTP / Mécanique
JULIEN BRETON;80471734600014;804717346;5 RUE DU LAC 69003 LYON;69003;LYON;+33 1 23 45 67 89;45.20A;garage;Lyon;BTP / Mécanique
FABRICE BRONDEAU (GARAGE FABLEX CONCEPT);80895068700034;808950687;4 A ALLEE DE LA FONTAINE 36230 TRANZAULT;36230;TRANZAULT;+33 1 23 45 67 89;45.20A;garage;Lyon;BTP / Mécanique
DENIS OLLIER (AUTO-MOBILE PRO PAINT);81103748000019;811037480;29 RUE JEANNE D'ARC 69003 LYON;69003;LYON;+33 1 23 45 67 89;45.20A;garage;Lyon;BTP / Mécanique
BONOBOSSE;81531126100045;815311261;LE BOURG 15 ROUTE DU VIEUX MOULIN 71570 LA CHAPELLE-DE-GUINCHAY;71570;LA CHAPELLE-DE-GUINCHAY;+33 1 23 45 67 89;45.20A;garage;Lyon;BTP / Mécanique
GARAGE AUTO 3EME;52091279100016;520912791;31 RUE COIGNET 69003 LYON;69003;LYON;+33 4 81 06 08 40;45.20A;garage;Lyon;BTP / Mécanique
ABDELAZIZ ABDELLI;80372816100024;803728161;2 B IMPASSE DES ROSES 38150 CHANAS;38150;CHANAS;+33 1 23 45 67 89;45.20A;garage;Lyon;BTP / Mécanique
ERIC LAGRANGE;90828425000010;908284250;12 RUE DE NAZARETH 69003 LYON;69003;LYON;+33 1 23 45 67 89;45.20A;garage;Lyon;BTP / Mécanique
ASPHALTE;89864186500016;898641865;IMMEUBLE LE BRITANNIA - BATIMENT B 20 BOULEVARD EUGENE DERUELLE 69003 LYON;69003;LYON;+33 1 23 45 67 89;45.20A;garage;Lyon;BTP / Mécanique
SEYDINA SECK (SEN REPAR AUTO);88821741100030;888217411;2925 ROUTE DU BUGEY 38300 SAINT-SAVIN;38300;SAINT-SAVIN;+33 1 23 45 67 89;45.20A;garage;Lyon;BTP / Mécanique
S.J.A. (S.J.A.);92908848200013;929088482;254 RUE VENDOME 69003 LYON;69003;LYON;+33 1 23 45 67 89;45.20A;garage;Lyon;BTP / Mécanique
SEN CLEAN CAR;94836075500011;948360755;156 RUE MONCEY 69003 LYON;69003;LYON;+33 4 78 70 65 16;45.20A;garage;Lyon;BTP / Mécanique
PBVU AUTO;99247721600012;992477216;12 RUE DE LA PART-DIEU 69003 LYON;69003;LYON;+33 6 19 31 83 40;45.20A;garage;Lyon;BTP / Mécanique
GARAGE CENTURION;99412411300014;994124113;254 RUE VENDOME 69003 LYON;69003;LYON;+33 9 73 69 29 69;45.20A;garage;Lyon;BTP / Mécanique
GARAGE DE LA BANNIERE;47906401600013;479064016;16 RUE DE LA BANNIERE 69003 LYON;69003;LYON;+33 4 78 54 26 98;45.20A;garage;Lyon;BTP / Mécanique
CHARLEMAGNE;53525412200018;535254122;8 ET 10 8 RUE BONNEFOI 69003 LYON;69003;LYON;+33 4 72 41 04 38;45.20A;garage;Lyon;BTP / Mécanique
FAST AUTO CENTER (FAST AUTO CENTER);98186945600013;981869456;254 RUE VENDOME 69003 LYON;69003;LYON;+33 9 50 83 52 30;45.20A;garage;Lyon;BTP / Mécanique
LA LYONNAISE AUTOMOBILE;95225880400014;952258804;254 RUE VENDOME 69003 LYON;69003;LYON;+33 4 37 25 35 20;45.20A;garage;Lyon;BTP / Mécanique
RHONE ALPES PARE BRISE (RHONE-ALPES PARE-BRISE);94093715400018;940937154;73 COURS ALBERT THOMAS 69003 LYON;69003;LYON;+33 4 72 13 31 20;45.20A;garage;Lyon;BTP / Mécanique
PHILIPPE GRIMARD;48059489400010;480594894;62 AVENUE LACASSAGNE 69003 LYON;69003;LYON;+33 1 23 45 67 89;45.20A;garage;Lyon;BTP / Mécanique
GARAGE JEAN JAURES;95950379800040;959503798;ANGLE 265 RUE CREQUI 14 RUE D'ARMENIE 69003 LYON;69003;LYON;+33 4 72 36 90 05;45.20A;garage;Lyon;BTP / Mécanique
SC FABRICATION;43033358300010;430333583;5 RUE DU MAIL 69004 LYON;69004;LYON;+33 1 23 45 67 89;45.20A;garage;Lyon;BTP / Mécanique
GARAGE DU MAIL L&G;49316971800019;493169718;26 RUE DU MAIL 69004 LYON;69004;LYON;+33 4 78 74 11 89;45.20A;garage;Lyon;BTP / Mécanique
EMMANUEL SANTOS;75389984800018;753899848;9 RUE RICHAN 69004 LYON;69004;LYON;+33 4 78 52 01 01;45.20A;garage;Lyon;BTP / Mécanique
SCOTCH & CUBA MOTORS (AKIRA MOTORS);90142872200010;901428722;21 RUE DE NUITS 69004 LYON;69004;LYON;+33 7 49 35 55 77;45.20A;garage;Lyon;BTP / Mécanique
TURBO 2000;34392426200052;343924262;ZA LE BOUT DU LAC LA COMBE DES PARQUETS 5377 ROUTE DU BOUT DU LAC 74210 LATHUILE;74210;LATHUILE;+33 4 78 97 37 37;45.20A;garage;Lyon;BTP / Mécanique
GARAGE BLANC;53809634800015;538096348;8 RUE GIGODOT 69004 LYON;69004;LYON;+33 4 78 28 48 16;45.20A;garage;Lyon;BTP / Mécanique
GARAGE CABIAS;75043918400029;750439184;2 AVENUE CABIAS 69004 LYON;69004;LYON;+33 4 78 27 00 75;45.20A;garage;Lyon;BTP / Mécanique
DS AUTO GROUPE;94057529300011;940575293;21 RUE ANDRE BONIN 69004 LYON;69004;LYON;+33 1 23 45 67 89;45.20A;garage;Lyon;BTP / Mécanique
GARAGE DU LION;40031106400010;400311064;16 MONTEE BONAFOUS 69004 LYON;69004;LYON;+33 4 78 29 86 72;45.20A;garage;Lyon;BTP / Mécanique
RICHARD;34861603800033;348616038;346 CHEMIN DES GRIZMOTTES 69480 LACHASSAGNE;69480;LACHASSAGNE;+33 4 78 68 56 21;45.20A;garage;Lyon;BTP / Mécanique
BRIAN BONIOL;80261111100013;802611111;BATIMENT D1 35 RUE JOLIOT CURIE 69005 LYON;69005;LYON;+33 1 23 45 67 89;45.20A;garage;Lyon;BTP / Mécanique
CARROSSERIE DU 7IEME (CARROSSERIE DU 7IEME);53091508100034;530915081;14 CHEMIN DES MOULINS 69230 SAINT-GENIS-LAVAL;69230;SAINT-GENIS-LAVAL;+33 4 37 66 52 36;45.20A;garage;Lyon;BTP / Mécanique
AREZKI AMARI (BY MY AUTO);80075881500024;800758815;LOGT 0131 13 AVENUE BARTHELEMY BUYER 69005 LYON;69005;LYON;+33 1 23 45 67 89;45.20A;garage;Lyon;BTP / Mécanique
Y MECANIQUE;88748907800014;887489078;229 AVENUE BARTHELEMY BUYER 69005 LYON;69005;LYON;+33 5 90 00 09 42;45.20A;garage;Lyon;BTP / Mécanique
ZS SARL (GOMADOM);53188697600012;531886976;BATIMENT 7 ALLEE 2 173 AVENUE BARTHELEMY BUYER 69005 LYON;69005;LYON;+33 1 23 45 67 89;45.20A;garage;Lyon;BTP / Mécanique
YACINE DGHOUGHI (PUMO);48277591300098;482775913;246 RUE DE VERDUN 42580 L'ETRAT;42580;L'ETRAT;+33 1 23 45 67 89;45.20A;garage;Lyon;BTP / Mécanique
PERRIER AUTOMOBILES;33917897200040;339178972;90 AVENUE CAMILLE ROUSSET 69500 BRON;69500;BRON;+33 4 78 26 48 20;45.20A;garage;Lyon;BTP / Mécanique
AUTO TEF (AUTO TEF);53434390000013;534343900;53 RUE DE TRION 69005 LYON;69005;LYON;+33 6 58 22 92 79;45.20A;garage;Lyon;BTP / Mécanique
ABDESLAM MEKHLOUK (GARAGE DES TUILERIES);38751805300021;387518053;143 AVENUE BARTHELEMY BUYER 69005 LYON;69005;LYON;+33 4 72 57 04 62;45.20A;garage;Lyon;BTP / Mécanique
MUSTAPHA HENNI (SOS AUTOPROPRE);84760532600028;847605326;TOUR 3 28 RUE SOEUR JANIN 69005 LYON;69005;LYON;+33 1 23 45 67 89;45.20A;garage;Lyon;BTP / Mécanique
GARAGE FULCHIRON;96550265100015;965502651;31 QUAI FULCHIRON 69005 LYON;69005;LYON;+33 4 78 37 11 36;45.20A;garage;Lyon;BTP / Mécanique
AUTOROLL;92987794200011;929877942;35 RUE DE TOURVIELLE 69005 LYON;69005;LYON;+33 4 78 02 78 60;45.20A;garage;Lyon;BTP / Mécanique
ARSHAVIR GRIGORYAN;94863820000022;948638200;140 ROUTE DE VOURLES 69230 SAINT-GENIS-LAVAL;69230;SAINT-GENIS-LAVAL;+33 1 23 45 67 89;45.20A;garage;Lyon;BTP / Mécanique
SERVICE AUTOMOBILE ARCADI;92183091500036;921830915;3 AVENUE D'ORCHA 69120 VAULX-EN-VELIN;69120;VAULX-EN-VELIN;+33 4 78 26 06 18;45.20A;garage;Lyon;BTP / Mécanique
DAMIEN HERROU (DH NETTOYAGE);79071033900033;790710339;24 RUE DU COLOMBIER 69007 LYON;69007;LYON;+33 1 23 45 67 89;45.20A;garage;Lyon;BTP / Mécanique
SOC NOUVELLE DU GARAGE D'INKERMANN (SNGI);38412921900034;384129219;3-5 3 RUE BARABAN 69006 LYON;69006;LYON;+33 4 78 24 50 11;45.20A;garage;Lyon;BTP / Mécanique
ANTONIO DA SILVA E SA;42145078400010;421450784;110 RUE DE SEZE 69006 LYON;69006;LYON;+33 1 23 45 67 89;45.20A;garage;Lyon;BTP / Mécanique
GARAGE MOLIERE;42983076300018;429830763;6 RUE MOLIERE 69006 LYON;69006;LYON;+33 9 73 69 29 69;45.20A;garage;Lyon;BTP / Mécanique
AUTOMOBILES TETE D OR;48949848500031;489498485;88 RUE RACHAIS 69007 LYON;69007;LYON;+33 6 16 88 22 01;45.20A;garage;Lyon;BTP / Mécanique
RD MOTORS;50442878000010;504428780;3 5 3 RUE BARABAN 69006 LYON;69006;LYON;+33 7 49 35 55 77;45.20A;garage;Lyon;BTP / Mécanique
AUTO SERVICES 360 (AS 360);89967891600011;899678916;38 RUE GERMAIN 69006 LYON;69006;LYON;+33 6 26 90 53 53;45.20A;garage;Lyon;BTP / Mécanique
ARLES AUTO SERVICES (DISCOUNT PNEUS);91940437600023;919404376;BUREAU 3 30 AVENUE MARECHAL FOCH 69006 LYON;69006;LYON;+33 6 13 10 00 06;45.20A;garage;Lyon;BTP / Mécanique
AUTO DOCI (GARAGE IL PRIMO);94436030400017;944360304;161 BOULEVARD STALINGRAD 69006 LYON;69006;LYON;+33 4 28 29 66 88;45.20A;garage;Lyon;BTP / Mécanique
SOS CARROSSERIE;98842736500016;988427365;83 COURS VITTON 69006 LYON;69006;LYON;+33 4 78 90 13 68;45.20A;garage;Lyon;BTP / Mécanique
POINT S DEVELOPMENT (POINT S EUROPE) (PSD);49102862700025;491028627;9 RUE CURIE 69006 LYON;69006;LYON;+33 4 78 84 72 13;45.20A;garage;Lyon;BTP / Mécanique
ABDOULAYE BAH (GARAGE AB AUTO);80011590900023;800115909;49 RUE SAINTE GENEVIEVE 69006 LYON;69006;LYON;+33 1 23 45 67 89;45.20A;garage;Lyon;BTP / Mécanique
ALR;93176336100017;931763361;131 RUE DE CREQUI 69006 LYON;69006;LYON;+33 1 23 45 67 89;45.20A;garage;Lyon;BTP / Mécanique
ASH-CAR;94256779300024;942567793;24 BOULEVARD ALEXANDRE DE FRAISSINETTE 42100 SAINT-ETIENNE;42100;SAINT-ETIENNE;+33 6 19 91 22 39;45.20A;garage;Lyon;BTP / Mécanique
GARAGE-METROPOLE;95751107400016;957511074;115 RUE BUGEAUD 69006 LYON;69006;LYON;+33 9 73 69 29 69;45.20A;garage;Lyon;BTP / Mécanique
CARROSSERIE FERNANDES (ATELIER DES BROTTEAUX);98491135400012;984911354;15 RUE CURIE 69006 LYON;69006;LYON;+33 4 22 91 21 72;45.20A;garage;Lyon;BTP / Mécanique
MS PNEUS SERVICES;98234841900010;982348419;BP 50367 3 RUE DE GENEVE 69006 LYON;69006;LYON;+33 4 72 90 18 18;45.20A;garage;Lyon;BTP / Mécanique
SOS CARROSSERIE 38;98852535800012;988525358;83 COURS VITTON 69006 LYON;69006;LYON;+33 4 78 72 50 20;45.20A;garage;Lyon;BTP / Mécanique
MAXIME DORANGE (PRESTIGE MOBILITE);99146574100015;991465741;30 AVENUE MARECHAL FOCH 69006 LYON;69006;LYON;+33 1 23 45 67 89;45.20A;garage;Lyon;BTP / Mécanique
AUTO DEPAN' LYON - 6;41521536700012;415215367;13 RUE CURIE 69006 LYON;69006;LYON;+33 4 72 38 58 72;45.20A;garage;Lyon;BTP / Mécanique
OVIDIU ENE;51753822900017;517538229;13 RUE CUVIER 69006 LYON;69006;LYON;+33 1 23 45 67 89;45.20A;garage;Lyon;BTP / Mécanique
SHIPPER (SHIPPER);88155837300018;881558373;29 COURS FRANKLIN ROOSEVELT 69006 LYON;69006;LYON;+33 1 23 45 67 89;45.20A;garage;Lyon;BTP / Mécanique
GARAGE DEPANNAGE CHAPUY;49837976700011;498379767;R D 12 69360 SOLAIZE;69360;SOLAIZE;+33 1 23 45 67 89;45.20A;garage;Lyon;BTP / Mécanique
BPC;34910163400021;349101634;43 RUE DU BEGUIN 69007 LYON;69007;LYON;+33 1 23 45 67 89;45.20A;garage;Lyon;BTP / Mécanique
S.A.R.L. ROUSSEAU;78987574700014;789875747;42 RUE ANDRE BOLLIER 69007 LYON;69007;LYON;+33 1 23 45 67 89;45.20A;garage;Lyon;BTP / Mécanique
KHAMMAR QIBAA (AUTO TECK);47964513700031;479645137;58 RUE GEORGES GOUY 69007 LYON;69007;LYON;+33 1 23 45 67 89;45.20A;garage;Lyon;BTP / Mécanique
AUTO LYON CENTRE SAS;52423367300010;524233673;70 RUE DE MARSEILLE 69007 LYON;69007;LYON;+33 4 78 74 19 67;45.20A;garage;Lyon;BTP / Mécanique
BL7;41759685500060;417596855;10 RUE JEAN GRAS 06150 CANNES;06150;CANNES;+33 1 23 45 67 89;45.20A;garage;Lyon;BTP / Mécanique
BACHIR HAMIED;79354971800013;793549718;29 RUE ANDRE BOLLIER 69007 LYON;69007;LYON;+33 6 11 78 41 39;45.20A;garage;Lyon;BTP / Mécanique
MARCELLO RICCI;35186931800045;351869318;10 AVENUE EDOUARD MILLAUD 69290 CRAPONNE;69290;CRAPONNE;+33 4 78 44 85 11;45.20A;garage;Lyon;BTP / Mécanique
GARAGE SAINT MICHEL;44265121200015;442651212;50 RUE SAINT MICHEL 69007 LYON;69007;LYON;+33 4 78 72 30 86;45.20A;garage;Lyon;BTP / Mécanique
STOYCHO DIMITROV;80359843200034;803598432;11 RUE DU CRET DE LA PERDRIX 42800 RIVE-DE-GIER;42800;RIVE-DE-GIER;+33 1 23 45 67 89;45.20A;garage;Lyon;BTP / Mécanique
WILFRIED FAURITTE (FAURITTE AUTO);88029031700036;880290317;BAT JARDIN DE BERTHELOT 63 RUE DU REPOS 69007 LYON;69007;LYON;+33 1 23 45 67 89;45.20A;garage;Lyon;BTP / Mécanique
QUALI GLASS (QUALI GLASS);48049251100039;480492511;PARC GREENOPOLIS 20 RUE BERJON 69009 LYON;69009;LYON;+33 1 23 45 67 89;45.20A;garage;Lyon;BTP / Mécanique
CARROSSERIE HOT LINE;39911027900011;399110279;CARROSSERIE H L C 120 RUE DE GERLAND 69007 LYON;69007;LYON;+33 4 78 58 38 48;45.20A;garage;Lyon;BTP / Mécanique
VULCAIN POLE SERVICES AUTOMOBILES;33809816300045;338098163;76 RUE MARIETTON 69009 LYON;69009;LYON;+33 4 72 20 51 51;45.20A;garage;Lyon;BTP / Mécanique
CARROSSERIE SAINT LOUIS;42093697300015;420936973;6 RUE CLAIR TISSEUR 69007 LYON;69007;LYON;+33 4 78 58 38 48;45.20A;garage;Lyon;BTP / Mécanique
MOUNIR SASSI (MS CARS);81202364600019;812023646;5 RUE CDT AYASSE 69007 LYON 7EME;69007;LYON 7EME;+33 1 23 45 67 89;45.20A;garage;Lyon;BTP / Mécanique
OTO NET;81236486700026;812364867;6 B BOULEVARD DE L'ARTILLERIE 69007 LYON;69007;LYON;+33 1 23 45 67 89;45.20A;garage;Lyon;BTP / Mécanique
BORIS DIMOV;81398542100037;813985421;85 RUE JULES GUESDE 69230 SAINT-GENIS-LAVAL;69230;SAINT-GENIS-LAVAL;+33 1 23 45 67 89;45.20A;garage;Lyon;BTP / Mécanique
KAMEL MEBARKI;75181041700012;751810417;5 RUE MAURICE BOUCHOR 69007 LYON;69007;LYON;+33 1 23 45 67 89;45.20A;garage;Lyon;BTP / Mécanique
PHIL & CATH' (VITE TEINT);53229817100028;532298171;70 COURS GAMBETTA 69007 LYON;69007;LYON;+33 6 24 21 59 51;45.20A;garage;Lyon;BTP / Mécanique
AA MOTO;52260745600012;522607456;124 RUE SEBASTIEN GRYPHE 69007 LYON;69007;LYON;+33 9 73 69 29 69;45.20A;garage;Lyon;BTP / Mécanique
CARROSSERIE CORZANI;51408195900017;514081959;90 RUE DU REPOS 69007 LYON;69007;LYON;+33 4 78 58 38 48;45.20A;garage;Lyon;BTP / Mécanique
LOUTFI KHEDHRI;51439284400049;514392844;46 ROUTE NATIONALE 7 69360 COMMUNAY;69360;COMMUNAY;+33 1 23 45 67 89;45.20A;garage;Lyon;BTP / Mécanique
CHEMS EDDINE CHALABI (CHALA AUTO);89384954700011;893849547;19 RUE LIEUTENANT COLONEL GIRARD 69007 LYON;69007;LYON;+33 1 23 45 67 89;45.20A;garage;Lyon;BTP / Mécanique
A.L.R.AUTOMOBILES;89527376100018;895273761;85 RUE ANDRE BOLLIER 69007 LYON;69007;LYON;+33 6 07 32 72 52;45.20A;garage;Lyon;BTP / Mécanique
HUGO LAVILLE;91328455000021;913284550;318 RUE DU HAUT BEAUJOLAIS 69860 DEUX-GROSNES;69860;DEUX-GROSNES;+33 1 23 45 67 89;45.20A;garage;Lyon;BTP / Mécanique
FIDAN HURUGLICA (SUPER CLEAN);94215947600012;942159476;16 GRANDE RUE DE LA GUILLOTIERE 69007 LYON;69007;LYON;+33 1 23 45 67 89;45.20A;garage;Lyon;BTP / Mécanique
TUDOR SIRCU (GARAGE AUTO D'OR);79430361000024;794303610;45 ROUTE DU MONT THOU 69270 SAINT-ROMAIN-AU-MONT-D'OR;69270;SAINT-ROMAIN-AU-MONT-D'OR;+33 1 23 45 67 89;45.20A;garage;Lyon;BTP / Mécanique
LOIC TECHER (LT CLEAN S SERVICES);88197510600017;881975106;30 RUE SIMONE DE BEAUVOIR 69007 LYON;69007;LYON;+33 1 23 45 67 89;45.20A;garage;Lyon;BTP / Mécanique
E.L.G.;98794678700015;987946787;44 RUE ANDRE BOLLIER 69007 LYON;69007;LYON;+33 4 72 71 63 11;45.20A;garage;Lyon;BTP / Mécanique
PROPURE (PROPURE);99199712300013;991997123;22 RUE PRE GAUDRY 69007 LYON;69007;LYON;+33 6 18 92 72 83;45.20A;garage;Lyon;BTP / Mécanique
TOMAS TOMOYAN;99369735800014;993697358;2 RUE GALLAND 69007 LYON;69007;LYON;+33 1 23 45 67 89;45.20A;garage;Lyon;BTP / Mécanique
GARAGE RICCI;38531848000030;385318480;45 RUE DE GERLAND 69007 LYON;69007;LYON;+33 9 73 69 29 69;45.20A;garage;Lyon;BTP / Mécanique
DANIEL THUAUD;30866118000015;308661180;27 RUE ANDRE BOLLIER 69007 LYON;69007;LYON;+33 1 23 45 67 89;45.20A;garage;Lyon;BTP / Mécanique
JLB GARAGE;48986057700019;489860577;15 RUE MAZAGRAN 69007 LYON;69007;LYON;+33 9 73 69 29 69;45.20A;garage;Lyon;BTP / Mécanique
SARL IL TOP SERVICES;43409105400016;434091054;5 RUE CAPITAINE ROBERT CLUZAN 69007 LYON;69007;LYON;+33 4 78 87 15 56;45.20A;garage;Lyon;BTP / Mécanique
BM AUTO PNEU;81127683100039;811276831;3 RUE JACQUES MONOD 69320 FEYZIN;69320;FEYZIN;+33 9 72 84 05 04;45.20A;garage;Lyon;BTP / Mécanique
LAV'AUTO RHONE ALPES (LARA);53804521200015;538045212;63 RUE ANDRE BOLLIER 69007 LYON;69007;LYON;+33 9 61 49 22 12;45.20A;garage;Lyon;BTP / Mécanique
GARAGE ARARAT;49848538200010;498485382;23 ROUTE DE VIENNE 69007 LYON;69007;LYON;+33 9 73 69 29 69;45.20A;garage;Lyon;BTP / Mécanique
MAZAGRAN AUTOS;53060450300017;530604503;15 RUE MAZAGRAN 69007 LYON;69007;LYON;+33 6 16 88 22 01;45.20A;garage;Lyon;BTP / Mécanique
MIDAS FRANCE;99753681801953;997536818;1 RUE DE L'UNION 92500 RUEIL-MALMAISON;92500;RUEIL-MALMAISON;+33 4 78 94 26 48;45.20A;garage;Lyon;BTP / Mécanique
CTRE.REPARATION AUTOMOBILE M.POULET (CRA);39877090900016;398770909;322 AVENUE BERTHELOT 69008 LYON;69008;LYON;+33 1 23 45 67 89;45.20A;garage;Lyon;BTP / Mécanique
AUTOMOBILES MONPLAISIR;53843905000013;538439050;42 RUE VILLON 69008 LYON;69008;LYON;+33 6 11 83 45 63;45.20A;garage;Lyon;BTP / Mécanique
SASU GARAGE GABY;92488811800016;924888118;27 RUE VILLON 69008 LYON;69008;LYON;+33 4 78 75 98 33;45.20A;garage;Lyon;BTP / Mécanique
L ACCESSOIRE AUTOMOBILE;95851344200045;958513442;ZI REVOISSON 1 RUE DES FRERES LUMIERE 69740 GENAS;69740;GENAS;+33 4 72 79 48 20;45.20A;garage;Lyon;BTP / Mécanique
GARAGE DU SOLEIL;48168848900022;481688489;2 RUE DES PRIMEVERES 69340 FRANCHEVILLE;69340;FRANCHEVILLE;+33 1 23 45 67 89;45.20A;garage;Lyon;BTP / Mécanique
SARL SIMEONI AUTO (SIMEONI AUTO);48306837500029;483068375;10 RUE D'ALSACE 69800 SAINT-PRIEST;69800;SAINT-PRIEST;+33 6 95 05 01 21;45.20A;garage;Lyon;BTP / Mécanique
GARAGE PIERRE DELORE;40019523600015;400195236;63 RUE PIERRE DELORE 69008 LYON;69008;LYON;+33 6 18 88 55 97;45.20A;garage;Lyon;BTP / Mécanique
ACHOT MAKAROV (ACH REP AUTO);79252005800043;792520058;61 AVENUE GENERAL LECLERC 69100 VILLEURBANNE;69100;VILLEURBANNE;+33 1 23 45 67 89;45.20A;garage;Lyon;BTP / Mécanique
ARGG (ARGG) (ARGG SERVICES);83320822600021;833208226;55 AVENUE DES BRUYERES 69150 DECINES-CHARPIEU;69150;DECINES-CHARPIEU;+33 4 72 93 86 37;45.20A;garage;Lyon;BTP / Mécanique
PATRICK AUTOMOBILES;31809850600054;318098506;PARC D ACTIVITES LES AYATS 3B 117 RUE DE GUENAS 69390 MILLERY;69390;MILLERY;+33 7 67 00 00 42;45.20A;garage;Lyon;BTP / Mécanique
M V AUTOMOBILES;32973671400042;329736714;53 AVENUE DE LA REPUBLIQUE 69200 VENISSIEUX;69200;VENISSIEUX;+33 6 07 32 72 52;45.20A;garage;Lyon;BTP / Mécanique
RELAIS AUTOMOBILE SERVICES LYON;48419759500016;484197595;9 RUE AUDIBERT ET LAVIROTTE 69008 LYON;69008;LYON;+33 4 87 62 12 65;45.20A;garage;Lyon;BTP / Mécanique
SERKAN CULHA (NEVA AUTO NETTOYAGE);53858434300015;538584343;27 B AVENUE VIVIANI 69008 LYON;69008;LYON;+33 1 23 45 67 89;45.20A;garage;Lyon;BTP / Mécanique
CHAKRAM AUTO DISCOUNT;53992178300012;539921783;35 RUE DES TUILIERS 69008 LYON;69008;LYON;+33 6 27 86 88 48;45.20A;garage;Lyon;BTP / Mécanique
CARROSSERIE DE L'EUROPE;82158178200025;821581782;27 RUE ANTOINE PERICAUD 69008 LYON;69008;LYON;+33 4 78 76 24 37;45.20A;garage;Lyon;BTP / Mécanique
BRIAL AUTO (BRIAL AUTO);78957268200019;789572682;27 RUE PIERRE DELORE 69008 LYON;69008;LYON;+33 4 78 61 32 28;45.20A;garage;Lyon;BTP / Mécanique
NIKOLAY NIKOLOV (N & N);79043002900021;790430029;23 RUE PASCAL 69100 VILLEURBANNE;69100;VILLEURBANNE;+33 1 23 45 67 89;45.20A;garage;Lyon;BTP / Mécanique
DWH;82159887700024;821598877;656 AVENUE DE L'INDUSTRIE 69140 RILLIEUX-LA-PAPE;69140;RILLIEUX-LA-PAPE;+33 8 50 00 09 42;45.20A;garage;Lyon;BTP / Mécanique
DIDIER HOARAU (AUTO Z ILES);82852700200012;828527002;273 AVENUE BERTHELOT 69008 LYON;69008;LYON;+33 1 23 45 67 89;45.20A;garage;Lyon;BTP / Mécanique
MOHAMMED BOUGAA (MB CARS);89116855100028;891168551;41 RUE THOMAS BLANCHET 69008 LYON;69008;LYON;+33 1 23 45 67 89;45.20A;garage;Lyon;BTP / Mécanique
CLEAN MY CAR SERVICES (CLEAN MY CAR SERVICES);84829890700033;848298907;190 RUE DU SORBIER 38150 AGNIN;38150;AGNIN;+33 1 23 45 67 89;45.20A;garage;Lyon;BTP / Mécanique
MOHAMED BENHAMOU;88256416400011;882564164;134 RUE CHALLEMEL LACOUR 69008 LYON;69008;LYON;+33 1 23 45 67 89;45.20A;garage;Lyon;BTP / Mécanique
THOMAS GIRAUD (GT PERFORMANCES);88294111500017;882941115;74 RUE MARYSE BASTIE 69008 LYON;69008;LYON;+33 1 23 45 67 89;45.20A;garage;Lyon;BTP / Mécanique
RABIA SAADA (SAADA AUTO);92502145300012;925021453;CI 0101 106 AVENUE PAUL SANTY 69008 LYON;69008;LYON;+33 1 23 45 67 89;45.20A;garage;Lyon;BTP / Mécanique
MOHAMED REKIK (MAR);91005071500010;910050715;1 RUE DE CHAMPAGNEUX 69008 LYON;69008;LYON;+33 1 23 45 67 89;45.20A;garage;Lyon;BTP / Mécanique
MOHAMED THIAM (PUREPRESTIGE);93159034300022;931590343;43 RUE ANTOINE LUMIERE 69008 LYON;69008;LYON;+33 1 23 45 67 89;45.20A;garage;Lyon;BTP / Mécanique
PEDRO NANGA (CLEAN FRESH AUTO);93336842500015;933368425;44 RUE PROFESSEUR TAVERNIER 69008 LYON;69008;LYON;+33 1 23 45 67 89;45.20A;garage;Lyon;BTP / Mécanique
ELYASE BERRANI (NAZIM SERVICES);94316409500011;943164095;5 RUE LUDOVIC ARRACHART 69008 LYON;69008;LYON;+33 4 72 78 97 05;45.20A;garage;Lyon;BTP / Mécanique
AUTO GTECH;98146957000015;981469570;85 RUE LAENNEC 69008 LYON;69008;LYON;+33 6 25 01 47 76;45.20A;garage;Lyon;BTP / Mécanique
OPTIM PARE BRISE;99491130300018;994911303;10 RUE COLONEL ARNAUD BELTRAME 69008 LYON;69008;LYON;+33 4 78 95 39 30;45.20A;garage;Lyon;BTP / Mécanique
MOURAD AIT AHMAD;79995262700013;799952627;AMBROISE PARE 41 RUE THOMAS BLANCHET 69008 LYON;69008;LYON;+33 1 23 45 67 89;45.20A;garage;Lyon;BTP / Mécanique
CHIR-AUTO;81131750200029;811317502;92 RUE DE MONTAGNY 69008 LYON;69008;LYON;+33 4 78 75 88 93;45.20A;garage;Lyon;BTP / Mécanique
NAZIF OURO GUEZERE (E.N.A CLEANING SERVICES);81746266600022;817462666;311 AVENUE ANDREI SAKHAROV 69009 LYON;69009;LYON;+33 1 23 45 67 89;45.20A;garage;Lyon;BTP / Mécanique
CG PAREBRISE (A PLUS GLASS);75069755900045;750697559;62 RUE PHILIPPE FABIA 69008 LYON;69008;LYON;+33 4 72 90 47 17;45.20A;garage;Lyon;BTP / Mécanique
LYON SANS PERMIS;75218554600013;752185546;2 RUE JEAN CHEVAILLER 69008 LYON;69008;LYON;+33 4 78 00 05 55;45.20A;garage;Lyon;BTP / Mécanique
BOULLEY;52523591700016;525235917;51 B RUE ANTOINE LUMIERE 69008 LYON;69008;LYON;+33 1 23 45 67 89;45.20A;garage;Lyon;BTP / Mécanique
CARROSSERIE RS AUTO;75308835000024;753088350;25 AVENUE GABRIEL PERI 69960 CORBAS;69960;CORBAS;+33 6 64 13 62 82;45.20A;garage;Lyon;BTP / Mécanique
HAKIM BAIBOU;50041594800016;500415948;87 RUE VILLON 69008 LYON;69008;LYON;+33 6 27 86 88 48;45.20A;garage;Lyon;BTP / Mécanique
AB AUTOS;50979028300014;509790283;197 AVENUE PAUL SANTY 69008 LYON;69008;LYON;+33 4 78 23 71 28;45.20A;garage;Lyon;BTP / Mécanique
O NEO 74 (O'NEO);50802059100048;508020591;PARKING COUVERT GEANT 14 RUE DE LA RESISTANCE 74100 ANNEMASSE;74100;ANNEMASSE;+33 1 23 45 67 89;45.20A;garage;Lyon;BTP / Mécanique
TAREK GUENDOUZI (EXPERT PARE BRISE);89255043500028;892550435;81 AVENUE JEAN MERMOZ 69008 LYON;69008;LYON;+33 1 23 45 67 89;45.20A;garage;Lyon;BTP / Mécanique
ARTUR NIKOGHOSYAN (PERFECT AUTO 69);89350469600020;893504696;83 RUE JEAN SARRAZIN 69008 LYON;69008;LYON;+33 1 23 45 67 89;45.20A;garage;Lyon;BTP / Mécanique
IGLASS LYON (IGLASS LYON);91050778900014;910507789;4 B RUE DES LILAS 69008 LYON;69008;LYON;+33 4 81 91 18 58;45.20A;garage;Lyon;BTP / Mécanique
MAXIME VALLEE;91267543600014;912675436;11 RUE PAUL CAZENEUVE 69008 LYON;69008;LYON;+33 1 23 45 67 89;45.20A;garage;Lyon;BTP / Mécanique
SIMON BRUNEL (BRUNEL) (SB AUTOMOTIVE);94071447000017;940714470;41 RUE MARYSE BASTIE 69008 LYON;69008;LYON;+33 1 23 45 67 89;45.20A;garage;Lyon;BTP / Mécanique
LRT AUTO SERVICES;83160678500010;831606785;16 RUE DES SERPOLLIERES 69008 LYON;69008;LYON;+33 7 60 36 13 47;45.20A;garage;Lyon;BTP / Mécanique
HUGUES GOUTONDJI (HAUTE GAMME NETTOYAGE ET LOCATION);82421051200011;824210512;RES AMBROISE PARE 41 RUE THOMAS BLANCHET 69008 LYON;69008;LYON;+33 1 23 45 67 89;45.20A;garage;Lyon;BTP / Mécanique
NP AUTO 69;95224345900015;952243459;155 BOULEVARD DES ETATS-UNIS 69008 LYON;69008;LYON;+33 6 33 85 18 87;45.20A;garage;Lyon;BTP / Mécanique
TOUT AUTOS (TOUT AUTOS);93918183000018;939181830;106 RUE PIERRE DELORE 69008 LYON;69008;LYON;+33 4 37 37 26 66;45.20A;garage;Lyon;BTP / Mécanique
DARIUS COVACIU (DARIUS AUTO);98756885400010;987568854;13 BOULEVARD DES ETATS-UNIS 69008 LYON;69008;LYON;+33 1 23 45 67 89;45.20A;garage;Lyon;BTP / Mécanique
LYDIA ABED;99024998900015;990249989;77 RUE PHILIPPE FABIA 69008 LYON;69008;LYON;+33 1 23 45 67 89;45.20A;garage;Lyon;BTP / Mécanique
LORENZO MARTIN (LM NETTOYAGE AUTO);99903628800010;999036288;73 AVENUE JEAN MERMOZ 69008 LYON;69008;LYON;+33 1 23 45 67 89;45.20A;garage;Lyon;BTP / Mécanique
CARROSSERIE HENRY;47789002400011;477890024;35 AVENUE DE PRESSENSE 69008 LYON;69008;LYON;+33 4 78 01 12 05;45.20A;garage;Lyon;BTP / Mécanique
DAP;47799799300019;477997993;11 RUE SAINT VINCENT DE PAUL 69008 LYON;69008;LYON;+33 1 23 45 67 89;45.20A;garage;Lyon;BTP / Mécanique
LUX AUTO LYON;40494461300045;404944613;151 AVENUE FRANKLIN ROOSEVELT 69150 DECINES-CHARPIEU;69150;DECINES-CHARPIEU;+33 4 72 38 58 72;45.20A;garage;Lyon;BTP / Mécanique
GGI;78859571800016;788595718;1 A 7 1 AVENUE DE PRESSENSE 69008 LYON;69008;LYON;+33 1 23 45 67 89;45.20A;garage;Lyon;BTP / Mécanique
ADSC;44769823400013;447698234;147 ROUTE DE VIENNE 69008 LYON;69008;LYON;+33 1 23 45 67 89;45.20A;garage;Lyon;BTP / Mécanique
ALPES NETTOYAGE AUTOS;48506976900027;485069769;1 RUE JEAN CHEVAILLER 69008 LYON;69008;LYON;+33 6 99 03 83 66;45.20A;garage;Lyon;BTP / Mécanique
LYON PRESTATIONS SERVICES AUTO (LPSAUTO);89384849900016;893848499;17 T IMPASSE BAZAT 69008 LYON;69008;LYON;+33 4 78 00 05 55;45.20A;garage;Lyon;BTP / Mécanique
AS AUTO;53267451200019;532674512;35 AVENUE DE PRESSENSE 69008 LYON;69008;LYON;+33 6 52 22 58 93;45.20A;garage;Lyon;BTP / Mécanique
MOURAD BARKA;48829383800014;488293838;197 AVENUE PAUL SANTY 69008 LYON;69008;LYON;+33 1 23 45 67 89;45.20A;garage;Lyon;BTP / Mécanique
AUTO DESIGN 69 (AUTO DESIGN 69);90080860100018;900808601;BAT B 4 RUE FLORENT 69008 LYON;69008;LYON;+33 7 76 61 00 00;45.20A;garage;Lyon;BTP / Mécanique
WAEL ABDELI (WDA);87807807000025;878078070;13 RUE COLONEL ARNAUD BELTRAME 69008 LYON;69008;LYON;+33 1 23 45 67 89;45.20A;garage;Lyon;BTP / Mécanique
DURAND SERVICES;37823354800031;378233548;LOTISSEMENT INDUSTRIEL LE LEVATEL 38140 RIVES;38140;RIVES;+33 4 72 49 19 40;45.20A;garage;Lyon;BTP / Mécanique
MARIO VELOSO;53238955800018;532389558;547 RUE DE BEER-SHEVA 69009 LYON;69009;LYON;+33 1 23 45 67 89;45.20A;garage;Lyon;BTP / Mécanique
ASSISTANCE DEPANNAGE AUTOMOBILE (ADA);30985796900047;309857969;29 AVENUE BARTHELEMY THIMONNIER 69300 CALUIRE-ET-CUIRE;69300;CALUIRE-ET-CUIRE;+33 6 67 53 65 15;45.20A;garage;Lyon;BTP / Mécanique
CAR DOM;44022231300080;440222313;9 AVENUE PIERRE SEMARD 69200 VENISSIEUX;69200;VENISSIEUX;+33 4 78 22 47 15;45.20A;garage;Lyon;BTP / Mécanique
GARAGE DE ROCHECARDON;96350579700018;963505797;138 RUE DE SAINT-CYR 69009 LYON;69009;LYON;+33 4 78 83 71 15;45.20A;garage;Lyon;BTP / Mécanique
ESPACE AUTO VAISE;45253788900019;452537889;18 RUE DES DEUX AMANTS 69009 LYON;69009;LYON;+33 4 78 34 49 18;45.20A;garage;Lyon;BTP / Mécanique
ANDRE FAURE (FAURE ANDRE);38891564700027;388915647;1 BD DES TREFILERIES 38230 CHARVIEU-CHAVAGNEUX;38230;CHARVIEU-CHAVAGNEUX;+33 1 23 45 67 89;45.20A;garage;Lyon;BTP / Mécanique
VOIRIN AUTO SPORT;42144021500034;421440215;99 RUE DE SAINT-CYR 69370 SAINT-DIDIER-AU-MONT-D'OR;69370;SAINT-DIDIER-AU-MONT-D'OR;+33 4 78 64 86 62;45.20A;garage;Lyon;BTP / Mécanique
GARAGE GORGE DE LOUP;51481558800017;514815588;1 RUE DE LA FRATERNELLE 69009 LYON;69009;LYON;+33 4 78 15 90 37;45.20A;garage;Lyon;BTP / Mécanique
CARROSSERIE MOREL VAISE 9EME;75042120800018;750421208;28 RUE DU BOURBONNAIS 69009 LYON;69009;LYON;+33 7 67 76 90 00;45.20A;garage;Lyon;BTP / Mécanique
FARID DAHA (D-F AUTO);53462597500014;534625975;20 AVENUE BARTHELEMY BUYER 69009 LYON;69009;LYON;+33 9 53 08 59 10;45.20A;garage;Lyon;BTP / Mécanique
GARAGE BEAUVERSANT;81378696900028;813786969;3 ALLEE GAY-LUSSAC 69230 SAINT-GENIS-LAVAL;69230;SAINT-GENIS-LAVAL;+33 4 78 51 65 00;45.20A;garage;Lyon;BTP / Mécanique
BRISE DE GLACE;81464720200021;814647202;33 QUAI ARLOING 69009 LYON;69009;LYON;+33 1 23 45 67 89;45.20A;garage;Lyon;BTP / Mécanique
REB AUTOS;82164410100015;821644101;29 RUE TISSOT 69009 LYON;69009;LYON;+33 6 88 45 25 32;45.20A;garage;Lyon;BTP / Mécanique
AMS-LYON VAISE;90140216400015;901402164;109 RUE MARIETTON 69009 LYON;69009;LYON;+33 4 72 53 14 80;45.20A;garage;Lyon;BTP / Mécanique
BKM AUTOMOBILE;93472027700029;934720277;5 ROUTE DES MONTS DU LYONNAIS 69510 MESSIMY;69510;MESSIMY;+33 6 12 30 11 59;45.20A;garage;Lyon;BTP / Mécanique
LENYLS AUTO (LENYLS AUTO);98144411000028;981444110;73 GRANDE RUE DE SAINT RAMBERT 69009 LYON;69009;LYON;+33 1 23 45 67 89;45.20A;garage;Lyon;BTP / Mécanique
PICOT DEPANNAGE;39958067900021;399580679;1 IMPASSE LOUIS SAILLANT 69120 VAULX-EN-VELIN;69120;VAULX-EN-VELIN;+33 1 23 45 67 89;45.20A;garage;Lyon;BTP / Mécanique
SYNER G ENVIRONNEMENT (SYNER G ENVIRONNEMENT) (S G);75019750100034;750197501;4 RUE L ET M LOUISE BAUMER 69120 VAULX EN VELIN;69120;VAULX EN VELIN;+33 1 23 45 67 89;45.20A;garage;Lyon;BTP / Mécanique
MECANO MOBILE 69;83511689800023;835116898;LOT A04 CENTRE ARTISANAL BLEU GUIMET ALL GUIMET 69250 FLEURIEU-SUR-SAONE;69250;FLEURIEU-SUR-SAONE;+33 8 15 02 56 10;45.20A;garage;Lyon;BTP / Mécanique
MOHAMED DRAME;93299700000017;932997000;31 RUE ROGER SALENGRO 69009 LYON;69009;LYON;+33 1 23 45 67 89;45.20A;garage;Lyon;BTP / Mécanique
GARAGE DU TUNNEL;78009603800051;780096038;27 CHEMIN DE LA ROSSIGNOLE 69390 VERNAISON;69390;VERNAISON;+33 1 23 45 67 89;45.20A;garage;Lyon;BTP / Mécanique
H.N.;88221491900012;882214919;5 MONTEE DE L'OBSERVANCE 69009 LYON;69009;LYON;+33 1 23 45 67 89;45.20A;garage;Lyon;BTP / Mécanique
BOURBONNAIS   AUTO;99391593300010;993915933;68 RUE DU BOURBONNAIS 69009 LYON;69009;LYON;+33 1 23 45 67 89;45.20A;garage;Lyon;BTP / Mécanique
GARAGE DE LA FRATERNELLE;41050762800015;410507628;13 RUE DE LA FRATERNELLE 69009 LYON;69009;LYON;+33 4 78 83 71 15;45.20A;garage;Lyon;BTP / Mécanique
MOHAMED EL ATTAR;75184445700026;751844457;LES TROIS RIVIERES BATIMENT D9 410 AVENUE JANVIER PASSERO 06210 MANDELIEU-LA-NAPOULE;06210;MANDELIEU-LA-NAPOULE;+33 1 23 45 67 89;45.20A;garage;Lyon;BTP / Mécanique
GRAND GARAGE DE L AVENUE SARL;95651040800027;956510408;70 AVENUE LEON FOILLARD 69830 SAINT-GEORGES-DE-RENEINS;69830;SAINT-GEORGES-DE-RENEINS;+33 1 23 45 67 89;45.20A;garage;Lyon;BTP / Mécanique
MAERNA AUTO (MAERNA SERVICES);81393401500013;813934015;75 RUE MARIETTON 69009 LYON;69009;LYON;+33 4 78 83 76 82;45.20A;garage;Lyon;BTP / Mécanique
AUTO DIAMS (SELECT-AUTO);53290205300018;532902053;16 RUE POUTEAU 69001 LYON;69001;LYON;+33 1 23 45 67 89;45.11Z;concession;Lyon;BTP / Mécanique
OMAROV (MSA AUTO);53440253200038;534402532;12 RUE ALPHONSE DAUDET 69330 MEYZIEU;69330;MEYZIEU;+33 1 23 45 67 89;45.11Z;concession;Lyon;BTP / Mécanique
THOMAS HOUILLE (L.A.L AUTO);81858050800047;818580508;61 AVENUE MARECHAL FOCH 69006 LYON;69006;LYON;+33 1 23 45 67 89;45.11Z;concession;Lyon;BTP / Mécanique
IDEAL CARS;93323846100018;933238461;2 RUE COYSEVOX 69001 LYON;69001;LYON;+33 7 62 04 32 17;45.11Z;concession;Lyon;BTP / Mécanique
ABDESSAMI NEFFATI;84458131400029;844581314;16 RUE JULES MICHELET 69140 RILLIEUX-LA-PAPE;69140;RILLIEUX-LA-PAPE;+33 1 23 45 67 89;45.11Z;concession;Lyon;BTP / Mécanique
AUTOPIA (AUTOPIA);85000206400010;850002064;4 RUE DE LA REPUBLIQUE 69001 LYON;69001;LYON;+33 1 23 45 67 89;45.11Z;concession;Lyon;BTP / Mécanique
E.C.H AUTO;91283976800039;912839768;BUREAU 3 18 RUE MASSENA 06000 NICE;06000;NICE;+33 9 81 04 36 35;45.11Z;concession;Lyon;BTP / Mécanique
SAMIR YOUSSOUF;89751223200025;897512232;60 RUE FRANCOIS IER 75008 PARIS;75008;PARIS;+33 1 23 45 67 89;45.11Z;concession;Lyon;BTP / Mécanique
MH MOTORS;91934056200025;919340562;1901 ROUTE DEPARTEMENTALE 386 69560 SAINT-ROMAIN-EN-GAL;69560;SAINT-ROMAIN-EN-GAL;+33 9 83 92 06 86;45.11Z;concession;Lyon;BTP / Mécanique
MM EXCLUSIVE CARS (MM EXCLUSIVE CARS) (MM);91452414500010;914524145;BUREAU 3 2 RUE COYSEVOX 69001 LYON;69001;LYON;+33 6 09 85 40 05;45.11Z;concession;Lyon;BTP / Mécanique
VAP;98280961800035;982809618;LOCAL 8 12 RUE LEOPHA 69780 MIONS;69780;MIONS;+33 1 23 45 67 89;45.11Z;concession;Lyon;BTP / Mécanique
LOUIS BOJARUNIEC (IDENTITE AUTOMOBILE);98415618200011;984156182;4 RUE DE LA REPUBLIQUE 69001 LYON;69001;LYON;+33 9 80 80 14 14;45.11Z;concession;Lyon;BTP / Mécanique
PASTEUR AUTO;10178019500018;101780195;9 RUE DU BAT D'ARGENT 69001 LYON;69001;LYON;+33 1 23 45 67 89;45.11Z;concession;Lyon;BTP / Mécanique
MOHAMED ZRAN;52488959900030;524889599;4 PLACE DE L’EGLISE 91520 EGLY;91520;EGLY;+33 1 23 45 67 89;45.11Z;concession;Lyon;BTP / Mécanique
COSMINA LINGURAR (HENDRE) (CFAUTO);78863050700036;788630507;13 RUE ANDRE BOLLIER 69007 LYON;69007;LYON;+33 1 23 45 67 89;45.11Z;concession;Lyon;BTP / Mécanique
DANIEL VASILE;91353136400010;913531364;2 PETITE RUE DES FEUILLANTS 69001 LYON;69001;LYON;+33 1 23 45 67 89;45.11Z;concession;Lyon;BTP / Mécanique
MB AUTO;91998454200028;919984542;1859 ROUTE DEPARTEMENTALE 386 69560 SAINT-ROMAIN-EN-GAL;69560;SAINT-ROMAIN-EN-GAL;+33 6 43 97 66 15;45.11Z;concession;Lyon;BTP / Mécanique
RUSALIM COVACI (RC AUTOMOBILE);87985848800023;879858488;2 RUE BELY 69004 LYON;69004;LYON;+33 1 23 45 67 89;45.11Z;concession;Lyon;BTP / Mécanique
IOSIF-DANIEL COVACI;81801041500011;818010415;13 RUE DES CAPUCINS 69001 LYON;69001;LYON;+33 1 23 45 67 89;45.11Z;concession;Lyon;BTP / Mécanique
SELECT CAR (SELECT CAR);89051631300016;890516313;16 RUE POUTEAU 69001 LYON;69001;LYON;+33 6 76 31 84 89;45.11Z;concession;Lyon;BTP / Mécanique
DEN'CARS;98437370400019;984373704;BUREAU 3 2 RUE COYSEVOX 69001 LYON;69001;LYON;+33 6 18 86 60 86;45.11Z;concession;Lyon;BTP / Mécanique
V-LOC LYON;98138523000017;981385230;BUREAU 3 2 RUE COYSEVOX 69001 LYON;69001;LYON;+33 6 51 70 02 98;45.11Z;concession;Lyon;BTP / Mécanique
FRANCE AUTOMOBILES;51153880300012;511538803;16 RUE POUTEAU 69001 LYON;69001;LYON;+33 4 78 81 94 82;45.11Z;concession;Lyon;BTP / Mécanique
CURIOZ;32702014500022;327020145;ZONE ESPACE LEADERS 36 CHEMIN DE PATTU 74540 ALBY-SUR-CHERAN;74540;ALBY-SUR-CHERAN;+33 1 23 45 67 89;45.20B;carrossier;Lyon;BTP / Mécanique
TRUCKS PARE BRISE;50342299000013;503422990;30 RUE JEANNE HACHETTE 69003 LYON;69003;LYON;+33 4 78 95 39 30;45.20B;carrossier;Lyon;BTP / Mécanique
HPLD;43015758600057;430157586;4 PLACE GENERAL BROSSET 69006 LYON;69006;LYON;+33 1 23 45 67 89;45.20B;carrossier;Lyon;BTP / Mécanique
G M A (G M A);51872770600021;518727706;98 RUE BUGEAUD 69006 LYON;69006;LYON;+33 1 23 45 67 89;45.20B;carrossier;Lyon;BTP / Mécanique
TOP VITRAGE AUTO (FRANCE PARE BRISE);75025594500016;750255945;46 RUE DE LA THIBAUDIERE 69007 LYON;69007;LYON;+33 4 78 34 49 18;45.20B;carrossier;Lyon;BTP / Mécanique
AUTO VITRAGE LYON;51934569800012;519345698;46 RUE DE LA THIBAUDIERE 69007 LYON;69007;LYON;+33 4 72 38 58 72;45.20B;carrossier;Lyon;BTP / Mécanique
DJ SERVICES;90177367100028;901773671;46 RUE VICTOR HUGO 69200 VENISSIEUX;69200;VENISSIEUX;+33 6 30 73 66 01;45.20B;carrossier;Lyon;BTP / Mécanique
OPTIMUM;49407905600011;494079056;29 RUE SEGUIN 69002 LYON;69002;LYON;+33 1 23 45 67 89;45.40Z;moto;Lyon;BTP / Mécanique
OVELO CYCLES (OVELO);80910767500070;809107675;POLE CAPITOU NORD 357 AVENUE DES LIONS 83600 FREJUS;83600;FREJUS;+33 1 23 45 67 89;45.40Z;moto;Lyon;BTP / Mécanique
SPEEDWAY;34746118800018;347461188;119 COURS LIEUTAUD 13006 MARSEILLE;13006;MARSEILLE;+33 4 78 60 19 01;45.40Z;moto;Lyon;BTP / Mécanique
H.M.L;44260141500015;442601415;58 CHEMIN DE LA BRUYERE 69570 DARDILLY;69570;DARDILLY;+33 4 78 43 85 43;45.40Z;moto;Lyon;BTP / Mécanique
AMC MOTOS;48354267600018;483542676;20 RUE DE L'EGLISE 69003 LYON;69003;LYON;+33 9 83 92 06 86;45.40Z;moto;Lyon;BTP / Mécanique
ZEMBO;83948638800029;839486388;254 RUE VENDOME 69003 LYON;69003;LYON;+33 1 23 45 67 89;45.40Z;moto;Lyon;BTP / Mécanique
MEKABIKE;83037809700018;830378097;127 AVENUE MARECHAL DE SAXE 69003 LYON;69003;LYON;+33 4 78 60 39 88;45.40Z;moto;Lyon;BTP / Mécanique
ONLY MOTO (ONLY MOTO);88916441400019;889164414;80 RUE DE LA PART-DIEU 69003 LYON;69003;LYON;+33 4 81 06 08 40;45.40Z;moto;Lyon;BTP / Mécanique
EURO - MOTOS;40325788400052;403257884;2 RUE DES FRERES LOUIS ET EMILE BERTRAND 69200 VENISSIEUX;69200;VENISSIEUX;+33 4 78 95 21 87;45.40Z;moto;Lyon;BTP / Mécanique
REILLES;75349872400016;753498724;254 RUE VENDOME 69003 LYON;69003;LYON;+33 1 23 45 67 89;45.40Z;moto;Lyon;BTP / Mécanique
OLIVIER MOTOS LYON;52928295600018;529282956;117 AVENUE MARECHAL DE SAXE 69003 LYON;69003;LYON;+33 4 78 95 21 87;45.40Z;moto;Lyon;BTP / Mécanique
GREENMOOW (GREENMOOW);83499978100026;834999781;256 RUE GARIBALDI 69003 LYON;69003;LYON;+33 6 16 72 74 94;45.40Z;moto;Lyon;BTP / Mécanique
PHILIPPE BOUCHET;93073653300017;930736533;74 RUE MAURICE FLANDIN 69003 LYON;69003;LYON;+33 1 23 45 67 89;45.40Z;moto;Lyon;BTP / Mécanique
REGIS FRANCOIS;38988944500034;389889445;249 ROUTE DE GENAS 69100 VILLEURBANNE;69100;VILLEURBANNE;+33 4 78 24 78 06;45.40Z;moto;Lyon;BTP / Mécanique
E-DC CENTER (E-DC CENTER);88295451400023;882954514;2 RUE DES FRERES BERTRAND 69200 VENISSIEUX;69200;VENISSIEUX;+33 4 87 65 17 84;45.40Z;moto;Lyon;BTP / Mécanique
BERNARD VERNE;77564376000058;775643760;146 AVENUE MARECHAL DE SAXE 69003 LYON;69003;LYON;+33 6 63 84 60 84;45.40Z;moto;Lyon;BTP / Mécanique
LVE;79015408200016;790154082;51 GRANDE RUE DE LA CROIX-ROUSSE 69004 LYON;69004;LYON;+33 1 23 45 67 89;45.40Z;moto;Lyon;BTP / Mécanique
LYON VELO LOCATION;53522568400021;535225684;74 RUE SALOMON REINACH 69007 LYON;69007;LYON;+33 1 23 45 67 89;45.40Z;moto;Lyon;BTP / Mécanique
STEPHANE VIDAL (ATELIER SCOOTER VINTAGE);48404565300041;484045653;485 ROUTE DE CHAMPROUGE 71250 MAZILLE;71250;MAZILLE;+33 1 23 45 67 89;45.40Z;moto;Lyon;BTP / Mécanique
PIATON;41513184600024;415131846;189 MTE DE CHOULANS 69005 LYON 5EME;69005;LYON 5EME;+33 4 78 25 34 18;45.40Z;moto;Lyon;BTP / Mécanique
GMB SERVICES (GMB SERVICES);98208738900010;982087389;64 RUE WALDECK ROUSSEAU 69006 LYON;69006;LYON;+33 6 30 73 66 01;45.40Z;moto;Lyon;BTP / Mécanique
IR2M;49750645100010;497506451;29/31 29 RUE ROGER SALENGRO 69310 OULLINS-PIERRE-BENITE;69310;OULLINS-PIERRE-BENITE;+33 1 23 45 67 89;45.40Z;moto;Lyon;BTP / Mécanique
CHRISTOPHE DAVID (C.DMOTO);97912181100017;979121811;16 RUE CUVIER 69006 LYON;69006;LYON;+33 1 23 45 67 89;45.40Z;moto;Lyon;BTP / Mécanique
PALAIS DE LA MOTO ALEXIS-MOTOS;97150236400013;971502364;5 AVENUE JEAN JAURES 69007 LYON;69007;LYON;+33 4 78 61 70 70;45.40Z;moto;Lyon;BTP / Mécanique
LYON MOTO VIRUS (GROUPE CHOPARD);40427354200021;404273542;LE TRONCHON ROUTE DU PAISY 69570 DARDILLY;69570;DARDILLY;+33 4 78 43 85 43;45.40Z;moto;Lyon;BTP / Mécanique
GARAGE MOTO;82367762000010;823677620;55 RUE DOMER 69007 LYON;69007;LYON;+33 9 73 69 29 69;45.40Z;moto;Lyon;BTP / Mécanique
Y2G MOTO;80850895600014;808508956;42 RUE SAINT MICHEL 69007 LYON;69007;LYON;+33 4 78 30 49 57;45.40Z;moto;Lyon;BTP / Mécanique
ANDGYN MOTOS;51868175400017;518681754;42 ET 7 42 RUE SAINT MICHEL 69007 LYON;69007;LYON;+33 9 73 69 29 69;45.40Z;moto;Lyon;BTP / Mécanique
CHEMSEDDINE LAHMAR;79536107000019;795361070;8 B RUE HUGUES GUERIN 69008 LYON;69008;LYON;+33 1 23 45 67 89;45.40Z;moto;Lyon;BTP / Mécanique
BENJAMIN OHAYON;33024848500055;330248485;291 G AVENUE BERTHELOT 69008 LYON;69008;LYON;+33 1 23 45 67 89;45.40Z;moto;Lyon;BTP / Mécanique
MOTO DRIVER;34760433200028;347604332;256 BOULEVARD PINEL 69008 LYON;69008;LYON;+33 4 78 76 44 35;45.40Z;moto;Lyon;BTP / Mécanique
XTREM MOTOR RACING;50934018800028;509340188;DU ROCHER 38780 ESTRABLIN;38780;ESTRABLIN;+33 1 23 45 67 89;45.40Z;moto;Lyon;BTP / Mécanique
ABONDIS;42270385000012;422703850;320 AVENUE BERTHELOT 69008 LYON;69008;LYON;+33 7 76 61 00 00;45.40Z;moto;Lyon;BTP / Mécanique
ACCESS DESIGN;83150179600039;831501796;1 LE FOUILLOUX 69480 MORANCE;69480;MORANCE;+33 6 15 82 13 05;45.40Z;moto;Lyon;BTP / Mécanique
SELECT AUTO;49460824300023;494608243;18 ET 18B AV HENRI BARBUSSE CHE DES CARRIERES 69250 ALBIGNY-SUR-SAONE;69250;ALBIGNY-SUR-SAONE;+33 6 15 98 26 92;45.11Z;concession;Lyon;BTP / Mécanique
AUTO-FAYS;88359129900010;883591299;4 RUE DE LA REPUBLIQUE 69001 LYON;69001;LYON;+33 1 23 45 67 89;45.11Z;concession;Lyon;BTP / Mécanique
BS IMPORTATION (BS IMPORTATION);93852285100014;938522851;1 PLACE SATHONAY 69001 LYON;69001;LYON;+33 1 23 45 67 89;45.11Z;concession;Lyon;BTP / Mécanique
FAT MOTORS (FAT MOTORS);53248901000019;532489010;16 RUE DE LA VIEILLE 69001 LYON;69001;LYON;+33 2 00 36 10 00;45.11Z;concession;Lyon;BTP / Mécanique
STRYK AUTO;88339978400015;883399784;4 RUE DE LA REPUBLIQUE 69001 LYON;69001;LYON;+33 9 80 80 14 14;45.11Z;concession;Lyon;BTP / Mécanique
OCCASION RHONE AUTOMOBILE 7 (ORA 7);48890103400014;488901034;CD 12 LD LES TUILLERES 69360 SEREZIN-DU-RHONE;69360;SEREZIN-DU-RHONE;+33 4 78 66 08 08;45.11Z;concession;Lyon;BTP / Mécanique
DONNADIEU AUTOMOBILE;47962086600042;479620866;119 ROUTE DE SAINT FORTUNAT 69450 SAINT-CYR-AU-MONT-D'OR;69450;SAINT-CYR-AU-MONT-D'OR;+33 1 23 45 67 89;45.11Z;concession;Lyon;BTP / Mécanique
ETABLISSEMENTS DUMONT FRERES;95550856900022;955508569;361 CHEMIN DES PRINCES D'ORANGE 84740 VELLERON;84740;VELLERON;+33 1 23 45 67 89;45.11Z;concession;Lyon;BTP / Mécanique
INTER GENTLEMEN DRIVERS CLUB;53363658500028;533636585;327 RUE ANDRE PHILIP 69003 LYON;69003;LYON;+33 6 79 13 35 71;45.11Z;concession;Lyon;BTP / Mécanique
IBRAHIM BEN HAMZA;79208885800024;792088858;17 BOULEVARD LENINE 69200 VENISSIEUX;69200;VENISSIEUX;+33 1 23 45 67 89;45.11Z;concession;Lyon;BTP / Mécanique
CONCEPT LOCATION;42341306100072;423413061;215 CHEMIN DE LA CROISEE 26600 LA ROCHE-DE-GLUN;26600;LA ROCHE-DE-GLUN;+33 1 23 45 67 89;45.11Z;concession;Lyon;BTP / Mécanique
GCF;53970352000012;539703520;33 RUE DE LA REPUBLIQUE 69002 LYON;69002;LYON;+33 1 23 45 67 89;45.11Z;concession;Lyon;BTP / Mécanique
CALPI AUTO DISCOUNT;75181709900011;751817099;18 RUE DE CONDE 69002 LYON;69002;LYON;+33 6 27 86 88 48;45.11Z;concession;Lyon;BTP / Mécanique
CALCAGNI AUTOMOBILES;80914875200011;809148752;33 RUE DE LA REPUBLIQUE 69002 LYON;69002;LYON;+33 6 11 78 41 39;45.11Z;concession;Lyon;BTP / Mécanique
GARAGE PIEGAY;32897038900024;328970389;9 RUE DUHAMEL 69002 LYON;69002;LYON;+33 4 72 77 09 70;45.11Z;concession;Lyon;BTP / Mécanique
SIMON BENHAMOU;34458288700040;344582887;410 ROUTE NATIONALE 6 69380 DOMMARTIN;69380;DOMMARTIN;+33 1 23 45 67 89;45.11Z;concession;Lyon;BTP / Mécanique
GT MOTORS;80128060300011;801280603;3 COURS CHARLEMAGNE 69002 LYON;69002;LYON;+33 2 00 36 10 00;45.11Z;concession;Lyon;BTP / Mécanique
DISTRICARS RHONE ALPES;79107869400019;791078694;3 COURS CHARLEMAGNE 69002 LYON;69002;LYON;+33 4 27 11 90 07;45.11Z;concession;Lyon;BTP / Mécanique
PARK AUTO LYON;52142455600038;521424556;124 RUE BUGEAUD 69006 LYON;69006;LYON;+33 4 78 60 19 01;45.11Z;concession;Lyon;BTP / Mécanique
VLADA KRIZAJ;51856933000013;518569330;22 RUE GENTIL 69002 LYON;69002;LYON;+33 1 23 45 67 89;45.11Z;concession;Lyon;BTP / Mécanique
OILID JAFFALI (DADA AUTO);50991795100030;509917951;119 RUE SMITH 69002 LYON;69002;LYON;+33 1 23 45 67 89;45.11Z;concession;Lyon;BTP / Mécanique
ARNOUX-PROST-ENTERPRISES (COPERNICUS SOFTWARE SOLUTIONS);89493137700028;894931377;38 LIEU DIT POUZATS 81530 LE MASNAU-MASSUGUIES;81530;LE MASNAU-MASSUGUIES;+33 1 23 45 67 89;45.11Z;concession;Lyon;BTP / Mécanique
TAW (TAW) (TAW);94224824600012;942248246;12 RUE DE LA REPUBLIQUE 69002 LYON;69002;LYON;+33 1 23 45 67 89;45.11Z;concession;Lyon;BTP / Mécanique
TETRIS;94489394000014;944893940;2 RUE DES FORCES 69002 LYON;69002;LYON;+33 1 23 45 67 89;45.11Z;concession;Lyon;BTP / Mécanique
NASSIM TRANSPORT;84156258000016;841562580;30 RUE DUGAS MONTBEL 69002 LYON;69002;LYON;+33 1 23 45 67 89;45.11Z;concession;Lyon;BTP / Mécanique
HRC;31162281500042;311622815;2 RUE DES ROSIERISTES 69760 LIMONEST;69760;LIMONEST;+33 1 23 45 67 89;45.11Z;concession;Lyon;BTP / Mécanique
BH'AUTO;53785886200015;537858862;33 RUE DE LA REPUBLIQUE 69002 LYON;69002;LYON;+33 6 43 97 66 15;45.11Z;concession;Lyon;BTP / Mécanique
LANZ EUROPE;38914352000044;389143520;PARC ACTIVITES DE MASSIEUX 78 ALL LUMIERE 01600 MASSIEUX;01600;MASSIEUX;+33 1 23 45 67 89;45.11Z;concession;Lyon;BTP / Mécanique
CENTRAL AUTOS (GROUPE CENTRAL AUTOS);78009637600089;780096376;49 B BOULEVARD LUCIEN SAMPAIX 69190 SAINT-FONS;69190;SAINT-FONS;+33 4 72 28 97 00;45.11Z;concession;Lyon;BTP / Mécanique
FELIX FAURE AUTOMOBILES;38927089300172;389270893;51 RUE ROGER SALENGRO 69200 VENISSIEUX;69200;VENISSIEUX;+33 4 72 60 01 01;45.11Z;concession;Lyon;BTP / Mécanique
FCA FRANCE;30549317300549;305493173;43 RUE JEAN PIERRE TIMBAUD 78300 POISSY;78300;POISSY;+33 1 23 45 67 89;45.11Z;concession;Lyon;BTP / Mécanique
CITY BIKE EVASION (CITY BIKE 38);42134500000077;421345000;ZA LE GRAND PLANOT 38290 LA VERPILLIERE;38290;LA VERPILLIERE;+33 1 23 45 67 89;45.11Z;concession;Lyon;BTP / Mécanique
EMERAUDES AVENUE;39403303900048;394033039;82 BOULEVARD MARIUS VIVIER-MERLE 69003 LYON;69003;LYON;+33 1 23 45 67 89;45.11Z;concession;Lyon;BTP / Mécanique
RC PRESTIGE;51205486700027;512054867;5 ROUTE DE NIEDERMORSCHWIHR 68230 TURCKHEIM;68230;TURCKHEIM;+33 4 78 32 53 87;45.11Z;concession;Lyon;BTP / Mécanique
MD LEASE;79090421300036;790904213;350 CHEMIN DE PAISY 69760 LIMONEST;69760;LIMONEST;+33 4 78 52 52 45;45.11Z;concession;Lyon;BTP / Mécanique
DELIAH CARS;83752264800042;837522648;18 RUE ALBERT CAMUS 69200 VENISSIEUX;69200;VENISSIEUX;+33 4 37 25 00 25;45.11Z;concession;Lyon;BTP / Mécanique
MOHAMED GUIDOUM;82301866800017;823018668;91 ROUTE DE VIENNE 69007 LYON;69007;LYON;+33 1 23 45 67 89;45.11Z;concession;Lyon;BTP / Mécanique
PART DIEU AUTOMOBILES;39919194900029;399191949;36 RUE DE L'UNIVERSITE 69007 LYON;69007;LYON;+33 6 16 88 22 01;45.11Z;concession;Lyon;BTP / Mécanique
NOMADE 69;49136800700028;491368007;CHEMIN DE SACUNY 69530 BRIGNAIS;69530;BRIGNAIS;+33 4 78 60 01 36;45.11Z;concession;Lyon;BTP / Mécanique
VI.OCCASION;81803356500024;818033565;IMMEUBLE DANICA B 21 AVENUE GEORGES POMPIDOU 69003 LYON;69003;LYON;+33 1 23 45 67 89;45.11Z;concession;Lyon;BTP / Mécanique
NEXYO MOBILITES;90983083800027;909830838;195-199 195 AVENUE FRANCIS DE PRESSENSE 69200 VENISSIEUX;69200;VENISSIEUX;+33 4 51 23 64 80;45.11Z;concession;Lyon;BTP / Mécanique
K.W AUTOMOBILES;75299878100039;752998781;14 RUE GENERAL DE MIRIBEL 69007 LYON;69007;LYON;+33 6 07 32 72 52;45.11Z;concession;Lyon;BTP / Mécanique
AGENCE AUTO-IMMO;98231958400016;982319584;54 RUE ETIENNE RICHERAND 69003 LYON;69003;LYON;+33 1 23 45 67 89;45.11Z;concession;Lyon;BTP / Mécanique
ABC;41781900000023;417819000;14-20 RUE GERMAINE 69200 VENISSIEUX;69200;VENISSIEUX;+33 4 78 57 37 81;45.11Z;concession;Lyon;BTP / Mécanique
GILLES CABECAS (CABECAS GILLES);41865452100099;418654521;2 RUE DU MONT D'OR 69450 SAINT-CYR-AU-MONT-D'OR;69450;SAINT-CYR-AU-MONT-D'OR;+33 1 23 45 67 89;45.11Z;concession;Lyon;BTP / Mécanique
RENE GUY;34419802300030;344198023;12 RUE DE LA PART-DIEU 69003 LYON;69003;LYON;+33 1 23 45 67 89;45.11Z;concession;Lyon;BTP / Mécanique
MEKKA AUTO;10040592700011;100405927;254 RUE VENDOME 69003 LYON;69003;LYON;+33 6 29 38 24 64;45.11Z;concession;Lyon;BTP / Mécanique
FLORIAN ACHOUIL (2A AUTO);53378531700025;533785317;13 RUE EDISON 69330 MEYZIEU;69330;MEYZIEU;+33 1 23 45 67 89;45.11Z;concession;Lyon;BTP / Mécanique
C.R.P.;53396949900029;533969499;15 RUE CLAUDIUS PENET 69003 LYON;69003;LYON;+33 1 23 45 67 89;45.11Z;concession;Lyon;BTP / Mécanique
ND AUTOMOBILES (VOITURES VINTAGE);79249410600034;792494106;9 RUE DU PROGRES 69800 SAINT-PRIEST;69800;SAINT-PRIEST;+33 6 07 32 72 52;45.11Z;concession;Lyon;BTP / Mécanique
SAID HAMDACHE;79324130800014;793241308;BAT A 5 IMPASSE VICTOR HUGO 69003 LYON;69003;LYON;+33 1 23 45 67 89;45.11Z;concession;Lyon;BTP / Mécanique
THIERNO BAH;52049473300030;520494733;19 RUE AUGUSTE PAYANT 69007 LYON;69007;LYON;+33 1 23 45 67 89;45.11Z;concession;Lyon;BTP / Mécanique
CARS AUTOMOBILES;79143713000028;791437130;250 ROUTE DE GENAS 69500 BRON;69500;BRON;+33 4 87 62 12 65;45.11Z;concession;Lyon;BTP / Mécanique
JUGURTHA BOUDJEMAA (CHRONO SERVICES);83032121200029;830321212;BOITE 22 17 RUE DU CHEMIN DE FER 93500 PANTIN;93500;PANTIN;+33 1 23 45 67 89;45.11Z;concession;Lyon;BTP / Mécanique
KEVIN REMOND;82447026400055;824470264;254 RUE VENDOME 69003 LYON;69003;LYON;+33 1 23 45 67 89;45.11Z;concession;Lyon;BTP / Mécanique
GARAGE BRONDEL;87748369300033;877483693;2 CHEMIN DE LA VALLEE 69580 SATHONAY-CAMP;69580;SATHONAY-CAMP;+33 7 78 66 15 72;45.11Z;concession;Lyon;BTP / Mécanique
SOC ETABLISSEMENTS DUBUIT;32250531400060;322505314;126 RUE DE GERLAND 69007 LYON;69007;LYON;+33 1 23 45 67 89;45.11Z;concession;Lyon;BTP / Mécanique
CHRISTIAN FESSY;33084762500036;330847625;4 QUAI JOSEPH GILLET 69004 LYON;69004;LYON;+33 1 23 45 67 89;45.11Z;concession;Lyon;BTP / Mécanique
ABDERRAHMANE MEBARKI (MBK);38222732000027;382227320;62 B RUE DE LA REPUBLIQUE 69330 MEYZIEU;69330;MEYZIEU;+33 1 23 45 67 89;45.11Z;concession;Lyon;BTP / Mécanique
MB DISTRIBUTION;40256653300061;402566533;44 ROUTE DE GENAS 69003 LYON;69003;LYON;+33 4 28 29 93 99;45.11Z;concession;Lyon;BTP / Mécanique
SOPRIM;41216050900037;412160509;117 COURS RICHARD VITTON 69003 LYON;69003;LYON;+33 1 23 45 67 89;45.11Z;concession;Lyon;BTP / Mécanique
ALEXANDRE MARIEN;42147665600028;421476656;273 RUE DE CREQUI 69003 LYON;69003;LYON;+33 1 23 45 67 89;45.11Z;concession;Lyon;BTP / Mécanique
CERDAN AUTO;43787718600035;437877186;42 RUE SAINT MICHEL 69007 LYON;69007;LYON;+33 6 50 62 17 53;45.11Z;concession;Lyon;BTP / Mécanique
PACIFIC TRUCKS;44089107500036;440891075;279 RUE PAUL BERT 69003 LYON;69003;LYON;+33 1 23 45 67 89;45.11Z;concession;Lyon;BTP / Mécanique
EURO COURSES SERVICES;48978788700053;489787887;254 RUE VENDOME 69003 LYON;69003;LYON;+33 1 23 45 67 89;45.11Z;concession;Lyon;BTP / Mécanique
MOHAMED BOUZID (LOOK AUTO 69 MB);48748664900030;487486649;3 RUE GUY DE MAUPASSANT 69800 SAINT-PRIEST;69800;SAINT-PRIEST;+33 4 69 60 02 43;45.11Z;concession;Lyon;BTP / Mécanique
JEAN PHILIPPE ANGELUS;79494189800015;794941898;44 ROUTE DE GENAS 69003 LYON;69003;LYON;+33 1 23 45 67 89;45.11Z;concession;Lyon;BTP / Mécanique
BOUZID SEGUENI (SBS);51755856500035;517558565;37 AVENUE JEAN MOULIN 69520 GRIGNY;69520;GRIGNY;+33 1 23 45 67 89;45.11Z;concession;Lyon;BTP / Mécanique
PALACE GARAGE;51846492000033;518464920;11 IMPASSE DU RHONE 69960 CORBAS;69960;CORBAS;+33 6 10 62 47 83;45.11Z;concession;Lyon;BTP / Mécanique
PASCAL SARARD;75008712400020;750087124;21 QUAI PAUL SEDALLIAN 69009 LYON;69009;LYON;+33 1 23 45 67 89;45.11Z;concession;Lyon;BTP / Mécanique
SEBASTIEN OLIVIER (MSC AUTO);50798919200020;507989192;117 RUE DU DAUPHINE 69003 LYON;69003;LYON;+33 1 23 45 67 89;45.11Z;concession;Lyon;BTP / Mécanique
RADHOUANE NAGHMOUCHI (CHAINEZE AUTO);75179089000030;751790890;148 AVENUE FELIX FAURE 69003 LYON;69003;LYON;+33 1 23 45 67 89;45.11Z;concession;Lyon;BTP / Mécanique
AUTO BELLICARD;53537467200025;535374672;2 RUE BELLICARD 69003 LYON;69003;LYON;+33 6 37 34 54 68;45.11Z;concession;Lyon;BTP / Mécanique
CRISTIAN LAZAR;53796027000016;537960270;303 RUE DUGUESCLIN 69003 LYON;69003;LYON;+33 1 23 45 67 89;45.11Z;concession;Lyon;BTP / Mécanique
SABRINA BOUZAR (SABRINA);81811584200028;818115842;18 RUE DE LA RUCHE 69003 LYON;69003;LYON;+33 1 23 45 67 89;45.11Z;concession;Lyon;BTP / Mécanique
YB AUTO;81820992600018;818209926;1 RUE D'ARMENIE 69003 LYON;69003;LYON;+33 6 19 31 83 40;45.11Z;concession;Lyon;BTP / Mécanique
SAMUEL AMOUYAL;80828618100033;808286181;224 AVENUE FELIX FAURE 69003 LYON;69003;LYON;+33 1 23 45 67 89;45.11Z;concession;Lyon;BTP / Mécanique
AF-AUTOMOBILES;79422342000025;794223420;60 CHEMIN DU CHARBONNIER 69200 VENISSIEUX;69200;VENISSIEUX;+33 6 07 32 72 52;45.11Z;concession;Lyon;BTP / Mécanique
REMI MARIN (AUTO MR);93117424700011;931174247;62 RUE SAINTE ANNE DE BARABAN 69003 LYON;69003;LYON;+33 1 23 45 67 89;45.11Z;concession;Lyon;BTP / Mécanique
AF AUTOMOBILES;88100507800012;881005078;10 RUE BELLICARD 69003 LYON;69003;LYON;+33 6 07 32 72 52;45.11Z;concession;Lyon;BTP / Mécanique
FLASH CARROSSERIE;92843422400020;928434224;37 AVENUE DU 8 MAI 1945 69120 VAULX-EN-VELIN;69120;VAULX-EN-VELIN;+33 6 19 91 22 39;45.11Z;concession;Lyon;BTP / Mécanique
BILAL SAADI;90145370400024;901453704;110 COURS TOLSTOI 69100 VILLEURBANNE;69100;VILLEURBANNE;+33 1 23 45 67 89;45.11Z;concession;Lyon;BTP / Mécanique
ELEGANCE AUTOS;85230714900017;852307149;36 RUE PAUL BERT 69003 LYON;69003;LYON;+33 1 23 45 67 89;45.11Z;concession;Lyon;BTP / Mécanique
DIGITAL CONCEPT (D.C.);91817641300030;918176413;29 RUE JULES VERNE 63100 CLERMONT-FERRAND;63100;CLERMONT-FERRAND;+33 1 23 45 67 89;45.11Z;concession;Lyon;BTP / Mécanique
JET MOTORS;91898043400040;918980434;60 RUE DE LA JONQUIERE 75017 PARIS;75017;PARIS;+33 6 34 37 78 99;45.11Z;concession;Lyon;BTP / Mécanique
MEHDI SALHI (SM AUTO PARTS);94373171100017;943731711;25 RUE DESAIX 69003 LYON;69003;LYON;+33 9 50 07 98 37;45.11Z;concession;Lyon;BTP / Mécanique
EKA MOTORS;94394816600013;943948166;254 RUE VENDOME 69003 LYON;69003;LYON;+33 7 49 35 55 77;45.11Z;concession;Lyon;BTP / Mécanique
JUALNA AUTO (JUALNA AUTO);94431017600010;944310176;1 B RUE DOCTEUR BONHOMME 69003 LYON;69003;LYON;+33 6 09 34 36 95;45.11Z;concession;Lyon;BTP / Mécanique
HAMZA OUHEDENIA;93949860600036;939498606;37 AVENUE LACASSAGNE 69003 LYON;69003;LYON;+33 1 23 45 67 89;45.11Z;concession;Lyon;BTP / Mécanique
OTS AUTO (OTS AUTO);93294414300019;932944143;12 RUE DE LA PART-DIEU 69003 LYON;69003;LYON;+33 6 19 31 83 40;45.11Z;concession;Lyon;BTP / Mécanique
PRUDENT AUTOMOBILE (PRUDENT AUTOMOBILE);93028965700031;930289657;254 RUE VENDOME 69003 LYON;69003;LYON;+33 6 12 30 11 59;45.11Z;concession;Lyon;BTP / Mécanique
AHMED CHENITI (MIDO AUTO);93500801100014;935008011;114 RUE NEY 69003 LYON;69003;LYON;+33 1 23 45 67 89;45.11Z;concession;Lyon;BTP / Mécanique
DRIVITE;93804888100016;938048881;12 RUE DE LA PART-DIEU 69003 LYON;69003;LYON;+33 4 11 66 56 11;45.11Z;concession;Lyon;BTP / Mécanique
VEGA AUTOMOBILE;97350797300129;973507973;IMMEUBLE LE GALAXIE 75 RUE DE LA VILLETTE 69003 LYON;69003;LYON;+33 6 12 30 11 59;45.11Z;concession;Lyon;BTP / Mécanique
NET & GO;97845201900018;978452019;48 ROUTE DE GENAS 69003 LYON;69003;LYON;+33 1 23 45 67 89;45.11Z;concession;Lyon;BTP / Mécanique
CARBUZZ;97903104400030;979031044;500 RUE PIERRE ET LAURENT RAMUS 73000 CHAMBERY;73000;CHAMBERY;+33 1 23 45 67 89;45.11Z;concession;Lyon;BTP / Mécanique
CH AUTO;98273945000012;982739450;8 RUE DES PETITES SOEURS 69003 LYON;69003;LYON;+33 6 19 31 83 40;45.11Z;concession;Lyon;BTP / Mécanique
RDH AUTO;98339658100024;983396581;70 AVENUE DES BRUYERES 69150 DECINES-CHARPIEU;69150;DECINES-CHARPIEU;+33 6 51 91 00 87;45.11Z;concession;Lyon;BTP / Mécanique
ALP DRIVE;98463041800015;984630418;12 RUE DE LA PART-DIEU 69003 LYON;69003;LYON;+33 7 82 67 80 86;45.11Z;concession;Lyon;BTP / Mécanique
LMP MOTORS;98832071900020;988320719;INNOVESPACE PERICA 206 RUE DES TERRES BOURDIN 69140 RILLIEUX-LA-PAPE;69140;RILLIEUX-LA-PAPE;+33 2 00 36 10 00;45.11Z;concession;Lyon;BTP / Mécanique
RACE PRO AUTOS;98886742000016;988867420;12 RUE DE LA PART-DIEU 69003 LYON;69003;LYON;+33 4 81 06 08 40;45.11Z;concession;Lyon;BTP / Mécanique
YANNA AUTO;98894003700019;988940037;61 COURS DE LA LIBERTE 69003 LYON;69003;LYON;+33 6 09 34 36 95;45.11Z;concession;Lyon;BTP / Mécanique
PRESTIGE BY CAR;99524586700016;995245867;12 RUE DE LA PART-DIEU 69003 LYON;69003;LYON;+33 4 78 32 53 87;45.11Z;concession;Lyon;BTP / Mécanique
GROUPE LAMBERT AUTOMOBILE;99532241900020;995322419;73 RUE PAUL ET MARC BARBEZAT 69150 DECINES-CHARPIEU;69150;DECINES-CHARPIEU;+33 9 87 31 70 84;45.11Z;concession;Lyon;BTP / Mécanique
VAN CAMPERS;99975582000019;999755820;TOUR PART-DIEU 129 RUE SERVIENT 69003 LYON;69003;LYON;+33 1 23 45 67 89;45.11Z;concession;Lyon;BTP / Mécanique
MOHAMED HAMDA (MYKAR);99986073700017;999860737;12 RUE DE LA PART-DIEU 69003 LYON;69003;LYON;+33 1 23 45 67 89;45.11Z;concession;Lyon;BTP / Mécanique
6AUTO9;10199627000019;101996270;12 RUE DE LA PART-DIEU 69003 LYON 3EME;69003;LYON 3EME;+33 6 19 31 83 40;45.11Z;concession;Lyon;BTP / Mécanique
JEAN VILNET;10141067800011;101410678;78 RUE DE BONNEL 69003 LYON;69003;LYON;+33 1 23 45 67 89;45.11Z;concession;Lyon;BTP / Mécanique
A.S. AUTO;49983700300031;499837003;436 CHEMIN DES FONTAINES 38540 GRENAY;38540;GRENAY;+33 4 78 64 56 18;45.11Z;concession;Lyon;BTP / Mécanique
NTL MOTORS;49228583800024;492285838;102 RUE BOSSUET 69006 LYON;69006;LYON;+33 6 34 37 78 99;45.11Z;concession;Lyon;BTP / Mécanique
AUTO EMOTION;79463535900019;794635359;73 COURS ALBERT THOMAS 69003 LYON;69003;LYON;+33 6 37 34 54 68;45.11Z;concession;Lyon;BTP / Mécanique
MISS AUTO;79504037700017;795040377;26 RUE DE L'HARMONIE 69003 LYON;69003;LYON;+33 6 09 34 36 95;45.11Z;concession;Lyon;BTP / Mécanique
NICOLAS LOUBE;79346188000015;793461880;21 AVENUE GEORGES POMPIDOU 69003 LYON;69003;LYON;+33 1 23 45 67 89;45.11Z;concession;Lyon;BTP / Mécanique
P5 AUTOS;79829984800019;798299848;15 BOULEVARD MARIUS VIVIER-MERLE 69003 LYON;69003;LYON;+33 6 88 45 25 32;45.11Z;concession;Lyon;BTP / Mécanique
LAFAYETTE AUTOMOBILES;32881337300045;328813373;138 RUE LEON BLUM 69100 VILLEURBANNE;69100;VILLEURBANNE;+33 1 23 45 67 89;45.11Z;concession;Lyon;BTP / Mécanique
SYMBOL CARS;39231204700070;392312047;2 BOULEVARD LUCIEN SAMPAIX 69190 SAINT-FONS;69190;SAINT-FONS;+33 4 81 09 17 75;45.11Z;concession;Lyon;BTP / Mécanique
LARBI TCHEIR;42040285100042;420402851;48 B AVENUE GRANDCLEMENT 69120 VAULX-EN-VELIN;69120;VAULX-EN-VELIN;+33 1 23 45 67 89;45.11Z;concession;Lyon;BTP / Mécanique
ELIR (E.L.I.R.);44364243400049;443642434;15 BOULEVARD MARIUS VIVIER-MERLE 69003 LYON;69003;LYON;+33 1 23 45 67 89;45.11Z;concession;Lyon;BTP / Mécanique
AIXIA;44500537400050;445005374;16 CHEMIN DU SOLEIL D’OR 06590 THEOULE-SUR-MER;06590;THEOULE-SUR-MER;+33 1 23 45 67 89;45.11Z;concession;Lyon;BTP / Mécanique
A.P.E.;45208680400021;452086804;24 ALLEE BUFFON 69110 SAINTE-FOY-LES-LYON;69110;SAINTE-FOY-LES-LYON;+33 4 78 45 38 48;45.11Z;concession;Lyon;BTP / Mécanique
GARAGE AMBROISE PARE;44099530600022;440995306;20 RUE COLETTE 69008 LYON;69008;LYON;+33 4 78 74 98 27;45.11Z;concession;Lyon;BTP / Mécanique
MOHAMMED ALOUANE (N.S CAR);80424799700039;804247997;18 RUE DU BOCAGE 69008 LYON;69008;LYON;+33 1 23 45 67 89;45.11Z;concession;Lyon;BTP / Mécanique
MOUNIR DINAR;80079957900019;800799579;4 RUE SAINT CHARLES 69003 LYON;69003;LYON;+33 1 23 45 67 89;45.11Z;concession;Lyon;BTP / Mécanique
HW AUTOS;79194158600020;791941586;46 RUE VICTOR HUGO 69200 VENISSIEUX;69200;VENISSIEUX;+33 6 88 45 25 32;45.11Z;concession;Lyon;BTP / Mécanique
RS CARS;79240781900012;792407819;55 RUE BARABAN 69003 LYON;69003;LYON;+33 6 18 86 60 86;45.11Z;concession;Lyon;BTP / Mécanique
TOYOTA FRANCE (TFR);71203404000154;712034040;N°20 A 30 20 BOULEVARD DE LA REPUBLIQUE 92420 VAUCRESSON;92420;VAUCRESSON;+33 1 23 45 67 89;45.11Z;concession;Lyon;BTP / Mécanique
ZEUHAYR LAMHAMDI (SERVICE CARTE GRISE);74988874900035;749888749;12 RUE DU PORT VILLIERS 71100 CHALON-SUR-SAONE;71100;CHALON-SUR-SAONE;+33 1 23 45 67 89;45.11Z;concession;Lyon;BTP / Mécanique
SAMET SIMSEK (CAR ERNEST);53410197700039;534101977;254 RUE VENDOME 69003 LYON;69003;LYON;+33 4 78 95 39 30;45.11Z;concession;Lyon;BTP / Mécanique
P2A (P2A);82786610400017;827866104;21 RUE DE LA BANNIERE 69003 LYON;69003;LYON;+33 1 23 45 67 89;45.11Z;concession;Lyon;BTP / Mécanique
NICOLAS ROUMEZY (NR PERF);88894946800027;888949468;47 RUE DU DAUPHINE 69003 LYON;69003;LYON;+33 1 23 45 67 89;45.11Z;concession;Lyon;BTP / Mécanique
VAN AUTOS;90775965800012;907759658;TOUR PART DIEU 129 RUE SERVIENT 69003 LYON;69003;LYON;+33 4 78 23 71 28;45.11Z;concession;Lyon;BTP / Mécanique
MOURAD MANSOURI (AUTOMANS);90273405200019;902734052;114 RUE NEY 69003 LYON;69003;LYON;+33 1 23 45 67 89;45.11Z;concession;Lyon;BTP / Mécanique
SALAH AZZOUZ;88848267600010;888482676;44 B RUE FEUILLAT 69003 LYON 3EME;69003;LYON 3EME;+33 1 23 45 67 89;45.11Z;concession;Lyon;BTP / Mécanique
ROYAL MOTORS;53792507500013;537925075;55 RUE BARABAN 69003 LYON;69003;LYON;+33 7 49 35 55 77;45.11Z;concession;Lyon;BTP / Mécanique
VOLKSWAGEN GROUP AUTOMOTIVE RETAIL FRANCE (VAG);60202553800078;602025538;11 AVENUE DE BOURSONNE 02600 VILLERS-COTTERETS;02600;VILLERS-COTTERETS;+33 1 23 45 67 89;45.11Z;concession;Lyon;BTP / Mécanique
ARMEN SARGSYAN;84179120500021;841791205;BAT A 57 RUE HENRI GORJUS 69004 LYON;69004;LYON;+33 1 23 45 67 89;45.11Z;concession;Lyon;BTP / Mécanique
MOHAMED MAOUCHE;81792321200010;817923212;11 RUE JEAN-PIERRE LEVY 69003 LYON;69003;LYON;+33 1 23 45 67 89;45.11Z;concession;Lyon;BTP / Mécanique
CARTER;88535814300026;885358143;47 T RUE DE L'AGRICULTURE 69960 CORBAS;69960;CORBAS;+33 1 23 45 67 89;45.11Z;concession;Lyon;BTP / Mécanique
ABDELKADER MECHEMOUM;80177727700014;801777277;176 AVENUE LACASSAGNE 69003 LYON;69003;LYON;+33 1 23 45 67 89;45.11Z;concession;Lyon;BTP / Mécanique
ROMEO COVACI (C ROMERO VENTES ACHATS);99046819100012;990468191;110 RUE DU DAUPHINE 69003 LYON;69003;LYON;+33 1 23 45 67 89;45.11Z;concession;Lyon;BTP / Mécanique
MERCUREA;98516957200015;985169572;254 RUE VENDOME 69003 LYON;69003;LYON;+33 6 10 73 96 38;45.11Z;concession;Lyon;BTP / Mécanique
GARAGE DE FRANCE;96350552400016;963505524;213 RUE PAUL BERT 69003 LYON;69003;LYON;+33 4 78 54 18 78;45.11Z;concession;Lyon;BTP / Mécanique
ALCIA LYON SUD;97150354500107;971503545;IMM LE GALAXIE 75 RUE DE LA VILLETTE 69003 LYON;69003;LYON;+33 4 81 68 34 53;45.11Z;concession;Lyon;BTP / Mécanique
YASSINE BELHADJ (PLOMB'24/24);95143648400012;951436484;2 PLACE DANTON 69003 LYON;69003;LYON;+33 1 23 45 67 89;45.11Z;concession;Lyon;BTP / Mécanique
WORLDS DRIVE (WORLDS DRIVE);92809758300019;928097583;12 RUE DE LA PART-DIEU 69003 LYON;69003;LYON;+33 4 11 66 56 11;45.11Z;concession;Lyon;BTP / Mécanique
JL AUTO 26;92812883400019;928128834;12 RUE DE LA PART-DIEU 69003 LYON;69003;LYON;+33 6 19 31 83 40;45.11Z;concession;Lyon;BTP / Mécanique
MOURAD CHRIGUI (CHRIGUI AUTOS);97967457900011;979674579;123 RUE ANTOINE CHARIAL 69003 LYON;69003;LYON;+33 1 23 45 67 89;45.11Z;concession;Lyon;BTP / Mécanique
ZN AUTO;98090978200024;980909782;254 RUE VENDOME 69003 LYON;69003;LYON;+33 6 19 31 83 40;45.11Z;concession;Lyon;BTP / Mécanique
TOO LOK;92914111700028;929141117;254 RUE VENDOME 69003 LYON;69003;LYON;+33 6 37 34 54 68;45.11Z;concession;Lyon;BTP / Mécanique
ENZO MOTORS;94889298900013;948892989;136 COURS LAFAYETTE 69003 LYON;69003;LYON;+33 6 82 18 64 50;45.11Z;concession;Lyon;BTP / Mécanique
OLIVIA MONTI (MNT AUTO);99006961900015;990069619;268 RUE VENDOME 69003 LYON;69003;LYON;+33 1 23 45 67 89;45.11Z;concession;Lyon;BTP / Mécanique
HA EXCLUSIF (PRESSKING);99139916300013;991399163;254 RUE VENDOME 69003 LYON 3EME;69003;LYON 3EME;+33 6 37 34 54 68;45.11Z;concession;Lyon;BTP / Mécanique
TRANSAUTO;99233952300019;992339523;21 RUE D'ESSLING 69003 LYON;69003;LYON;+33 9 86 26 62 41;45.11Z;concession;Lyon;BTP / Mécanique
VIRTUOSE (VIRTUOSE);99317566000014;993175660;118 RUE BARABAN 69003 LYON;69003;LYON;+33 1 23 45 67 89;45.11Z;concession;Lyon;BTP / Mécanique
B2A AUTO;99361046800015;993610468;31 B RUE FEUILLAT 69003 LYON;69003;LYON;+33 6 19 31 83 40;45.11Z;concession;Lyon;BTP / Mécanique
AA AUTOMOBILE;10225250900017;102252509;71 COURS ALBERT THOMAS 69003 LYON;69003;LYON;+33 6 12 30 11 59;45.11Z;concession;Lyon;BTP / Mécanique
LCCM;48320754400022;483207544;43 RUE DUQUESNE 69006 LYON;69006;LYON;+33 1 23 45 67 89;45.11Z;concession;Lyon;BTP / Mécanique
MSA INTERNATIONAL SA;43232399600012;432323996;L 1259 SENNINGERBERG ZI BREEDEWUES LUXEMBOURG;None;;+33 1 23 45 67 89;45.11Z;concession;Lyon;BTP / Mécanique
P.A.S. PREMIUM AUTO SELECTION;49757538100015;497575381;27 RUE DE LA VILLETTE 69003 LYON;69003;LYON;+33 6 15 98 26 92;45.11Z;concession;Lyon;BTP / Mécanique
BEST CAR;83844476800041;838444768;65 RUE DE LA CROIX 92000 NANTERRE;92000;NANTERRE;+33 6 60 69 97 24;45.11Z;concession;Lyon;BTP / Mécanique
SAS A.S.D.S. (SAS A.S.D.S.);88930576900024;889305769;220 RUE DE CREQUI 69003 LYON;69003;LYON;+33 1 23 45 67 89;45.11Z;concession;Lyon;BTP / Mécanique
GARAGE MILLION;32516659300013;325166593;10 IMP MILLON 69003 LYON 3EME;69003;LYON 3EME;+33 1 23 45 67 89;45.11Z;concession;Lyon;BTP / Mécanique
PARIS AUTO DISCOUNT;38379080500022;383790805;17 RUE DE LA RIZE 69003 LYON;69003;LYON;+33 6 27 86 88 48;45.11Z;concession;Lyon;BTP / Mécanique
EURIAL;31982257300139;319822573;ZONE INDUSTRIELLE B 24 RUE DU LUYOT 59113 SECLIN;59113;SECLIN;+33 1 23 45 67 89;45.11Z;concession;Lyon;BTP / Mécanique
AUTOMOBILES CITROEN;64205019901089;642050199;43 RUE JEAN PIERRE TIMBAUD 78300 POISSY;78300;POISSY;+33 1 23 45 67 89;45.11Z;concession;Lyon;BTP / Mécanique
HELI-PACK (ALTITUDE 42);41934954300027;419349543;42 A 46 42 RUE DES DOCTEURS HENRI ET BERNARD MULLER 42000 SAINT-ETIENNE;42000;SAINT-ETIENNE;+33 1 23 45 67 89;45.11Z;concession;Lyon;BTP / Mécanique
MAGAS-AUTO;82867312900015;828673129;8 RUE GRATALOUP 69004 LYON;69004;LYON;+33 6 52 22 58 93;45.11Z;concession;Lyon;BTP / Mécanique
DL AUTO 69;53905104500018;539051045;24 QUAI JOSEPH GILLET 69004 LYON;69004;LYON;+33 6 19 31 83 40;45.11Z;concession;Lyon;BTP / Mécanique
ABDERRAOUF BENSABER (GVM EXPORT);88053856600022;880538566;M BENSABER 23 RUE VALENTIN COUTURIER 69004 LYON;69004;LYON;+33 1 23 45 67 89;45.11Z;concession;Lyon;BTP / Mécanique
CFA NEGOCE LOC AUTO LYON (CFA NEGOCE LOC AUTO LYON) (CNLAL);98259264400032;982592644;60 RUE HENRI GORJUS 69004 LYON;69004;LYON;+33 4 72 38 58 72;45.11Z;concession;Lyon;BTP / Mécanique
AURELIEN MYARD (AUTOGONE);80082591100020;800825911;NUMERO 27 ROCADE DES MONTS D'OR 69370 SAINT-DIDIER-AU-MONT-D'OR;69370;SAINT-DIDIER-AU-MONT-D'OR;+33 4 78 35 90 20;45.11Z;concession;Lyon;BTP / Mécanique
DELUXE MOTORS;50343277500057;503432775;98 RUE LA BOETIE 75008 PARIS;75008;PARIS;+33 1 23 45 67 89;45.11Z;concession;Lyon;BTP / Mécanique
DND MOTORS;78919211900012;789192119;24 QUAI JOSEPH GILLET 69004 LYON;69004;LYON;+33 6 82 18 64 50;45.11Z;concession;Lyon;BTP / Mécanique
LBC;91858756900016;918587569;4 IMPASSE D'YPRES 69004 LYON;69004;LYON;+33 1 23 45 67 89;45.11Z;concession;Lyon;BTP / Mécanique
CHARLELIE DAVID (OPALE AUTO SERVICES);89024609300037;890246093;34 RUE DE L'EGLISE 62132 HARDINGHEN;62132;HARDINGHEN;+33 1 23 45 67 89;45.11Z;concession;Lyon;BTP / Mécanique
ABDELKADER KADI (KADI'AUTO);84250646100016;842506461;34 RUE DUVIARD 69004 LYON;69004;LYON;+33 1 23 45 67 89;45.11Z;concession;Lyon;BTP / Mécanique
CABRIOLET DU MONDE;49106377200017;491063772;4 QUAI JOSEPH GILLET 69004 LYON;69004;LYON;+33 1 23 45 67 89;45.11Z;concession;Lyon;BTP / Mécanique
CHRISTIAN LOPEZ;41923934800024;419239348;85 RUE JOLIOT CURIE 69005 LYON;69005;LYON;+33 1 23 45 67 89;45.11Z;concession;Lyon;BTP / Mécanique
AUTOSOF;83846067300018;838460673;36 RUE PAULINE-MARIE JARICOT 69005 LYON;69005;LYON;+33 6 58 22 92 79;45.11Z;concession;Lyon;BTP / Mécanique
LE GRAND MONT;41201012600065;412010126;13 IMPASSE CUMIN 69005 LYON;69005;LYON;+33 1 23 45 67 89;45.11Z;concession;Lyon;BTP / Mécanique
SAMIR KAMEL (NATURE OCEAN TERRE VOITURE);43039906300022;430399063;19 RUE SAINT JEAN 69005 LYON;69005;LYON;+33 6 22 93 38 19;45.11Z;concession;Lyon;BTP / Mécanique
R.T.C.;51913832500021;519138325;174 MTE DE CHOULANS 69005 LYON 5EME;69005;LYON 5EME;+33 1 23 45 67 89;45.11Z;concession;Lyon;BTP / Mécanique
NASSIM LAKEHAL;87983067700024;879830677;173 AVENUE BARTHELEMY BUYER 69005 LYON;69005;LYON;+33 1 23 45 67 89;45.11Z;concession;Lyon;BTP / Mécanique
RENT AUTO LUXURY;79967199500022;799671995;12 CHEMIN MAURICE FERREOL 69120 VAULX-EN-VELIN;69120;VAULX-EN-VELIN;+33 6 36 13 46 53;45.11Z;concession;Lyon;BTP / Mécanique
ABDESSALEM AZIZ (AZ AUTO 69);89347310800023;893473108;1 RUE MONTAIGNE 69670 VAUGNERAY;69670;VAUGNERAY;+33 1 23 45 67 89;45.11Z;concession;Lyon;BTP / Mécanique
AUTOMOBILES BRIAND;94145119700011;941451197;88 RUE SAINT GEORGES 69005 LYON;69005;LYON;+33 4 78 28 65 03;45.11Z;concession;Lyon;BTP / Mécanique
TD CARS (TD CARS);98896055500015;988960555;17 RUE DE LA GARENNE 69005 LYON;69005;LYON;+33 6 18 86 60 86;45.11Z;concession;Lyon;BTP / Mécanique
GAETAN BAYLE;43791499700014;437914997;3 RUE DU VIEL RENVERSE 69005 LYON;69005;LYON;+33 1 23 45 67 89;45.11Z;concession;Lyon;BTP / Mécanique
MICHEL GUILLOT (SAINT JUST DEPANN);34199085100030;341990851;426 CHEMIN DE BELLEVUE 69870 SAINT-JUST-D'AVRAY;69870;SAINT-JUST-D'AVRAY;+33 1 23 45 67 89;45.11Z;concession;Lyon;BTP / Mécanique
GUILLAUME PAVONI;80761373200013;807613732;38 BOULEVARD DES CASTORS 69005 LYON;69005;LYON;+33 1 23 45 67 89;45.11Z;concession;Lyon;BTP / Mécanique
SAS TAVARES;81796139400027;817961394;8 ALLEE DE BEAULIEU-MONTRIBLOUD 69009 LYON;69009;LYON;+33 1 23 45 67 89;45.11Z;concession;Lyon;BTP / Mécanique
GARAGE MONDON SA;77987988100026;779879881;31 AVENUE BARTHELEMY BUYER 69005 LYON;69005;LYON;+33 4 78 25 29 18;45.11Z;concession;Lyon;BTP / Mécanique
ROXANA-EMA COVACI;82452890500030;824528905;MAISON DE LA METROPOLE POUR LES SOLIDA 5 B RUE CLEBERG 69005 LYON;69005;LYON;+33 1 23 45 67 89;45.11Z;concession;Lyon;BTP / Mécanique
WILLIAM BERTINO (WILLONAUTO);88444534700013;884445347;13 RUE CARDINAL GERLIER 69005 LYON;69005;LYON;+33 6 56 75 75 07;45.11Z;concession;Lyon;BTP / Mécanique
FATEH SOUAKRIA (SF AUTO);97929650600020;979296506;84 C CHEMIN D'EVORDES 74160 COLLONGES-SOUS-SALEVE;74160;COLLONGES-SOUS-SALEVE;+33 1 23 45 67 89;45.11Z;concession;Lyon;BTP / Mécanique
AUTO PASSION;92983724300013;929837243;1 RUE APPIAN 69005 LYON;69005;LYON;+33 4 78 34 31 36;45.11Z;concession;Lyon;BTP / Mécanique
777 CARS;82836958700021;828369587;1 RUE MARIUS VIVIER-MERLE 69200 VENISSIEUX;69200;VENISSIEUX;+33 6 18 86 60 86;45.11Z;concession;Lyon;BTP / Mécanique
L'ADRESSE AUTOMOBILE;49422706900023;494227069;33 AVENUE MATHIEU MISERY 69160 TASSIN-LA-DEMI-LUNE;69160;TASSIN-LA-DEMI-LUNE;+33 4 78 83 30 30;45.11Z;concession;Lyon;BTP / Mécanique
NISSAUTO;40441862600085;404418626;519 AVENUE DE PARME 01000 BOURG-EN-BRESSE;01000;BOURG-EN-BRESSE;+33 1 23 45 67 89;45.11Z;concession;Lyon;BTP / Mécanique
APPRO AUTOMOBILES (APPRO AUTOMOBILES);43846402600048;438464026;214 RTE DE CHARTINIERE 01120 DAGNEUX;01120;DAGNEUX;+33 9 86 24 67 17;45.11Z;concession;Lyon;BTP / Mécanique
ASP CENTER LYON (ASP CENTER LYON);34769779900075;347697799;365 ROUTE DE VIENNE 69200 VENISSIEUX;69200;VENISSIEUX;+33 4 69 12 95 84;45.11Z;concession;Lyon;BTP / Mécanique
LA BOUTIQUE EGARAGE (EGARAGE LYON-CALUIRE);97936352000011;979363520;16 RUE CUVIER 69006 LYON;69006;LYON;+33 9 80 80 09 59;45.11Z;concession;Lyon;BTP / Mécanique
ALVARO VIEIRA (IRINA CAR);10143494200013;101434942;1 RUE DE SEZE 69006 LYON;69006;LYON;+33 1 23 45 67 89;45.11Z;concession;Lyon;BTP / Mécanique
AUTO CE;48779281400039;487792814;83 COURS VITTON 69006 LYON;69006;LYON;+33 6 58 22 92 79;45.11Z;concession;Lyon;BTP / Mécanique
CLAUDE BICHANY;83157063500027;831570635;3 RUE CLAUDIA 69120 VAULX-EN-VELIN;69120;VAULX-EN-VELIN;+33 9 54 67 96 08;45.11Z;concession;Lyon;BTP / Mécanique
OPTIONS VO (OVO);49233190500033;492331905;22 ROUTE DE LYON 69740 GENAS;69740;GENAS;+33 1 23 45 67 89;45.11Z;concession;Lyon;BTP / Mécanique
TIBERIUS ROSTAS;53791292500014;537912925;303 RUE DUGUESCLIN 69006 LYON;69006;LYON;+33 4 22 91 21 72;45.11Z;concession;Lyon;BTP / Mécanique
CAS (CAS);84825325800026;848253258;16 RUE CUVIER 69006 LYON;69006;LYON;+33 1 23 45 67 89;45.11Z;concession;Lyon;BTP / Mécanique
KHALED BEN MAKHLOUF;90471841800034;904718418;350 MONTEE DU MOULIN 01480 FAREINS;01480;FAREINS;+33 1 23 45 67 89;45.11Z;concession;Lyon;BTP / Mécanique
LEONARD AUZEAU (L.A AUTOMOBILE);91883444100019;918834441;64 COURS VITTON 69006 LYON;69006;LYON;+33 1 23 45 67 89;45.11Z;concession;Lyon;BTP / Mécanique
SOPHIE FAURE (SSK);93466063000013;934660630;81 RUE DE SEZE 69006 LYON;69006;LYON;+33 1 23 45 67 89;45.11Z;concession;Lyon;BTP / Mécanique
PERIDEL;91504657700010;915046577;CHEZ M. MICHEL DELOLME 4 BOULEVARD DES BELGES 69006 LYON;69006;LYON;+33 1 23 45 67 89;45.11Z;concession;Lyon;BTP / Mécanique
MF LUXURY CARS;97903982300021;979039823;59 RUE BELLECOMBE 69006 LYON;69006;LYON;+33 1 23 45 67 89;45.11Z;concession;Lyon;BTP / Mécanique
ROULEZEN;99332965500019;993329655;30 AVENUE MARECHAL FOCH 69006 LYON;69006;LYON;+33 1 23 45 67 89;45.11Z;concession;Lyon;BTP / Mécanique
GROUPE AUTOMOBILE MULTIMARQUE;99897328300018;998973283;16 RUE CUVIER 69006 LYON;69006;LYON;+33 6 05 05 69 05;45.11Z;concession;Lyon;BTP / Mécanique
JULIEN BOUVIER;10272509000017;102725090;BUREAU 3 30 AVENUE MARECHAL FOCH 69006 LYON;69006;LYON;+33 1 23 45 67 89;45.11Z;concession;Lyon;BTP / Mécanique
NATHALIE BLANES (NATHTURBO);10218512100013;102185121;132 AVENUE THIERS 69006 LYON;69006;LYON;+33 1 23 45 67 89;45.11Z;concession;Lyon;BTP / Mécanique
STEFAN URSU (STEF AUTO CASH);10203318000013;102033180;30 AVENUE MARECHAL FOCH 69006 LYON;69006;LYON;+33 1 23 45 67 89;45.11Z;concession;Lyon;BTP / Mécanique
NDK;49335927700081;493359277;227 BOULEVARD ANATOLE FRANCE 93200 SAINT-DENIS;93200;SAINT-DENIS;+33 1 23 45 67 89;45.11Z;concession;Lyon;BTP / Mécanique
L&A (ELEANOR'S);10080805400017;100808054;30 AVENUE MARECHAL FOCH 69006 LYON 6EME;69006;LYON 6EME;+33 1 23 45 67 89;45.11Z;concession;Lyon;BTP / Mécanique
DIDS;45105693100038;451056931;13 ALLEE DES BLEUETS 26120 MONTELIER;26120;MONTELIER;+33 1 23 45 67 89;45.11Z;concession;Lyon;BTP / Mécanique
RHONE MATERIEL;45120533000017;451205330;131 RUE DE CREQUI 69006 LYON;69006;LYON;+33 1 23 45 67 89;45.11Z;concession;Lyon;BTP / Mécanique
LMDA;81740919600018;817409196;112 RUE GARIBALDI 69006 LYON;69006;LYON;+33 1 23 45 67 89;45.11Z;concession;Lyon;BTP / Mécanique
MALESHERBES AUTOMOBILES;52469576400018;524695764;45 RUE MALESHERBES 69006 LYON;69006;LYON;+33 4 78 93 27 98;45.11Z;concession;Lyon;BTP / Mécanique
VASILE STEFAN (DANI AUTO);75268230200035;752682302;9 RUE FRANCISQUE AYNARD 69200 VENISSIEUX;69200;VENISSIEUX;+33 1 23 45 67 89;45.11Z;concession;Lyon;BTP / Mécanique
JONATHAN JARSAILLON;52144710200026;521447102;26 RUE TRONCHET 69006 LYON;69006;LYON;+33 1 23 45 67 89;45.11Z;concession;Lyon;BTP / Mécanique
MAVIC;48852883700039;488528837;47 RUE CUVIER 69006 LYON;69006;LYON;+33 1 23 45 67 89;45.11Z;concession;Lyon;BTP / Mécanique
SST AUTO;91075993500026;910759935;243 ROUTE DE GRENOBLE 69800 SAINT-PRIEST;69800;SAINT-PRIEST;+33 6 69 41 90 90;45.11Z;concession;Lyon;BTP / Mécanique
COSMOSS (COSMOSS);91759964900014;917599649;2 PLACE JULES FERRY 69006 LYON;69006;LYON;+33 7 69 38 72 83;45.11Z;concession;Lyon;BTP / Mécanique
KILLIAN BRUYAS (K&N CO);92085795000017;920857950;90 RUE DUGUESCLIN 69006 LYON;69006;LYON;+33 1 23 45 67 89;45.11Z;concession;Lyon;BTP / Mécanique
AUTOSTORE;93154272400014;931542724;16 RUE CUVIER 69006 LYON;69006;LYON;+33 1 23 45 67 89;45.11Z;concession;Lyon;BTP / Mécanique
JEAN ALEXANIAN (AJ AUTOMOTIVE);84238409100059;842384091;48 RUE SULLY 69150 DECINES-CHARPIEU;69150;DECINES-CHARPIEU;+33 6 67 64 06 69;45.11Z;concession;Lyon;BTP / Mécanique
WALID JAOUINI;87824171000028;878241710;BUREAU 3 30 AVENUE MARECHAL FOCH 69006 LYON;69006;LYON;+33 1 23 45 67 89;45.11Z;concession;Lyon;BTP / Mécanique
RIADH SAIDANI;85280371700028;852803717;16 RUE CUVIER 69006 LYON;69006;LYON;+33 1 23 45 67 89;45.11Z;concession;Lyon;BTP / Mécanique
BS AUTO;82449566700019;824495667;131 RUE DE CREQUI 69006 LYON;69006;LYON;+33 6 88 45 25 32;45.11Z;concession;Lyon;BTP / Mécanique
FP AUTOS;89051616400021;890516164;16 RUE GERMAIN 69006 LYON;69006;LYON;+33 6 88 45 25 32;45.11Z;concession;Lyon;BTP / Mécanique
EXPERT MOTO PRO (EXPERT MOTO PRO);94501050200017;945010502;BUREAU 3 30 AVENUE MARECHAL FOCH 69006 LYON;69006;LYON;+33 4 78 81 91 71;45.11Z;concession;Lyon;BTP / Mécanique
AUTO TRUCK;94785150700030;947851507;16 RUE CUVIER 69006 LYON;69006;LYON;+33 4 78 01 20 10;45.11Z;concession;Lyon;BTP / Mécanique
COOP ANIMAL (COOP ANIMAL);93476245100037;934762451;30 AVENUE MARECHAL FOCH 69006 LYON;69006;LYON;+33 1 23 45 67 89;45.11Z;concession;Lyon;BTP / Mécanique
DRIVERGO (WALKERGO);93752036900011;937520369;FLEX-O LYON TETE D'OR 3 RUE DE GENEVE 69006 LYON;69006;LYON;+33 6 79 13 35 71;45.11Z;concession;Lyon;BTP / Mécanique
DMZAUTOMOTIVE;92920896500012;929208965;16 RUE CUVIER 69006 LYON;69006;LYON;+33 4 28 29 66 88;45.11Z;concession;Lyon;BTP / Mécanique
IAI AUTOMOTIVE (IAI AUTOMOTIVE);98991584800018;989915848;16 RUE CUVIER 69006 LYON;69006;LYON;+33 4 28 29 66 88;45.11Z;concession;Lyon;BTP / Mécanique
SUPER UTILITAIRE;99909170500015;999091705;BUREAU 3 30 AVENUE MARECHAL FOCH 69006 LYON;69006;LYON;+33 1 23 45 67 89;45.11Z;concession;Lyon;BTP / Mécanique
J.B.AUTO;39810243400022;398102434;GRANDE RUE 01320 VILLETTE-SUR-AIN;01320;VILLETTE-SUR-AIN;+33 4 78 80 08 08;45.11Z;concession;Lyon;BTP / Mécanique
LEGEND MOTORS SAS;50378256700021;503782567;2 CHEMIN DES CUERS 69570 DARDILLY;69570;DARDILLY;+33 4 73 26 85 69;45.11Z;concession;Lyon;BTP / Mécanique
AUTO PLAISIR;49456326500011;494563265;94 RUE GARIBALDI 69006 LYON;69006;LYON;+33 4 78 01 20 10;45.11Z;concession;Lyon;BTP / Mécanique
RCB AUTOMOBILES;75269663300037;752696633;5 RUE ANDRE MAILHET 26400 CREST;26400;CREST;+33 6 07 32 72 52;45.11Z;concession;Lyon;BTP / Mécanique
LM AUTO;90315275900010;903152759;131 RUE DE CREQUI 69006 LYON;69006;LYON;+33 4 78 84 22 58;45.11Z;concession;Lyon;BTP / Mécanique
CLE AUTO SERVICE 69;93201733800017;932017338;16 RUE CUVIER 69006 LYON;69006;LYON;+33 6 26 90 53 53;45.11Z;concession;Lyon;BTP / Mécanique
PR AUTOMOBILES;53958358300023;539583583;11 ET 13 11 RUE CURIE 69006 LYON;69006;LYON;+33 6 07 32 72 52;45.11Z;concession;Lyon;BTP / Mécanique
SETRY;50511602000023;505116020;131 RUE DE CREQUI 69006 LYON;69006;LYON;+33 1 23 45 67 89;45.11Z;concession;Lyon;BTP / Mécanique
R AUTO;90110499200010;901104992;131 RUE DE CREQUI 69006 LYON;69006;LYON;+33 4 87 38 07 71;45.11Z;concession;Lyon;BTP / Mécanique
BSN AUTO;88824575000011;888245750;131 RUE DE CREQUI 69006 LYON;69006;LYON;+33 6 95 05 01 21;45.11Z;concession;Lyon;BTP / Mécanique
STARTERRE;38872784400051;388727844;33/41 ET BOULEVARD LAURENT BONNEVAY 33 BOULEVARD LUCIEN SAMPAIX 69190 SAINT-FONS;69190;SAINT-FONS;+33 1 23 45 67 89;45.11Z;concession;Lyon;BTP / Mécanique
CHARLES POZZI;95450628300124;954506283;10 RUE CURNONSKY 75017 PARIS;75017;PARIS;+33 1 23 45 67 89;45.11Z;concession;Lyon;BTP / Mécanique
BOUTIC AUTO;33208823600093;332088236;28 CHEMIN DE GENAS 69800 SAINT-PRIEST;69800;SAINT-PRIEST;+33 6 43 97 66 15;45.11Z;concession;Lyon;BTP / Mécanique
ATLANTIC AUTOMOBILES;45129140500103;451291405;1 AVENUE GEORGES CHARPAK 69700 GIVORS;69700;GIVORS;+33 4 78 73 13 07;45.11Z;concession;Lyon;BTP / Mécanique
JEAN LAIN E-CITY (JEAN LAIN E-CITY);44215279900049;442152799;RUE PRE GAUT 73420 VOGLANS;73420;VOGLANS;+33 4 78 67 12 12;45.11Z;concession;Lyon;BTP / Mécanique
LAVANCE EXPLOITATION;41511264800282;415112648;ZA DU CHENE VERT ALL DE GERHOUI 35650 LE RHEU;35650;LE RHEU;+33 9 69 36 60 44;45.20A;garage;Bordeaux;BTP / Mécanique
IMMOJET;39002253100029;390022531;36 BOULEVARD DE LA BASTILLE 75012 PARIS;75012;PARIS;+33 1 43 45 64 64;45.20A;garage;Bordeaux;BTP / Mécanique
AQUITAINE DEPANNAGE SERVICE (ADS);37752957300059;377529573;51 ALLEE MEGEVIE 33170 GRADIGNAN;33170;GRADIGNAN;+33 5 57 71 00 00;45.20A;garage;Bordeaux;BTP / Mécanique
E.M.G;44757205800017;447572058;ZAC VILLAGE ENTREPRISE 47510 FOULAYRONNES;47510;FOULAYRONNES;+33 3 88 10 90 90;45.20A;garage;Bordeaux;BTP / Mécanique
MERIC;44540205000048;445402050;15 AVENUE DU BOURGAILH 33600 PESSAC;33600;PESSAC;+33 5 56 49 36 11;45.20A;garage;Bordeaux;BTP / Mécanique
AUTO VITRAGE BORDEAUX OUEST (AVBO) (AVBO);49160310600080;491603106;9 RUE LEON MORANE 33700 MERIGNAC;33700;MERIGNAC;+33 5 56 12 45 45;45.20A;garage;Bordeaux;BTP / Mécanique
BACHIR BENAHMED;39323116200024;393231162;85 RUE IRENE JOLIOT-CURIE 76620 LE HAVRE;76620;LE HAVRE;+33 9 60 44 37 24;45.20A;garage;Bordeaux;BTP / Mécanique
CARROSSERIE MARC DUMAS;47220390000015;472203900;37 RUE DE CESTAS 33000 BORDEAUX;33000;BORDEAUX;+33 5 56 24 25 27;45.20A;garage;Bordeaux;BTP / Mécanique
AQUIPAS BERGERAC;51816258100012;518162581;ROUTE DE BORDEAUX 6 CHEMIN DE LA RIVIERE 24100 SAINT-LAURENT-DES-VIGNES;24100;SAINT-LAURENT-DES-VIGNES;+33 5 53 22 14 14;45.20A;garage;Bordeaux;BTP / Mécanique
GARAGE DE VERDUN;47858995500010;478589955;6 B COURS DE GOURGUE 33000 BORDEAUX;33000;BORDEAUX;+33 5 56 52 24 88;45.20A;garage;Bordeaux;BTP / Mécanique
EURL POURAILLY LAVAGE AUTO;45332204200061;453322042;LD LE BRAOU 4 AVENUE GAUGUIN 33138 LANTON;33138;LANTON;+33 5 56 82 19 42;45.20A;garage;Bordeaux;BTP / Mécanique
EURL NOUICER LAVAGE;49978647300011;499786473;3 RUE PAUL VALERY 33150 CENON;33150;CENON;+33 6 50 28 17 05;45.20A;garage;Bordeaux;BTP / Mécanique
DUMBO;84763800400014;847638004;18 RUE DELMESTRE 33200 BORDEAUX;33200;BORDEAUX;+33 5 61 98 50 06;45.20A;garage;Bordeaux;BTP / Mécanique
TOM AUTO LAVAGE;90284045300010;902840453;35 AVENUE BEL AIR 33200 BORDEAUX;33200;BORDEAUX;+33 5 57 89 54 23;45.20A;garage;Bordeaux;BTP / Mécanique
ATELIER BLANCHOT;99289380000019;992893800;11 RUE BASTE 33300 BORDEAUX;33300;BORDEAUX;+33 5 57 88 96 93;45.20A;garage;Bordeaux;BTP / Mécanique
KING PNEUS;99977232000019;999772320;16 PLACE DES QUINCONCES 33000 BORDEAUX;33000;BORDEAUX;+33 1 55 86 31 44;45.20A;garage;Bordeaux;BTP / Mécanique
PATRICK PUJOL;47957175400015;479571754;14 RUE COMMANDANT HAUTREUX 33300 BORDEAUX;33300;BORDEAUX;+33 6 08 86 60 49;45.20A;garage;Bordeaux;BTP / Mécanique
LA HOLDING MARCIA;39404658500110;394046585;85 IMPASSE DES OYATS 40600 BISCARROSSE;40600;BISCARROSSE;+33 5 57 19 40 00;45.20A;garage;Bordeaux;BTP / Mécanique
CARROSSERIE DES CHARTRONS (CARROSSERIE DES CHARTRONS);41833643400026;418336434;481 BOULEVARD ALFRED DANEY 33300 BORDEAUX;33300;BORDEAUX;+33 5 56 11 84 40;45.20A;garage;Bordeaux;BTP / Mécanique
CAUDERAN AUTOMOBILES;46820039900037;468200399;ZA LE BARON 82 RUE MARIE CURIE 33127 SAINT-JEAN-D'ILLAC;33127;SAINT-JEAN-D'ILLAC;+33 5 56 64 71 46;45.20A;garage;Bordeaux;BTP / Mécanique
GARAGE PASCAL PEREZ;45253690700010;452536907;17 RUE DU PORTAIL 33800 BORDEAUX;33800;BORDEAUX;+33 5 56 92 76 70;45.20A;garage;Bordeaux;BTP / Mécanique
D&M'S MOBILITY;92157366300017;921573663;24 QUAI DE LA SOUYS 33100 BORDEAUX;33100;BORDEAUX;+33 9 70 19 59 59;45.20A;garage;Bordeaux;BTP / Mécanique
DIGITAL CAR;83865379800028;838653798;5 RUE RENE FOURNETS 64000 PAU;64000;PAU;+33 6 50 11 77 83;45.20A;garage;Bordeaux;BTP / Mécanique
ATELIER SOLUTIONS MOTO (ASM / BMS - BORDEAUX MOTO SUSPENSION/ SHOWROOM);98001092000034;980010920;BATIMENT A 9 RUE FRANCIS GARNIER 33300 BORDEAUX;33300;BORDEAUX;+33 5 57 88 96 93;45.20A;garage;Bordeaux;BTP / Mécanique
JB AUTOS;98757065200014;987570652;26 RUE EDOUARD VAILLANT 33270 FLOIRAC;33270;FLOIRAC;+33 7 71 28 92 81;45.20A;garage;Bordeaux;BTP / Mécanique
JEROME REMY (GARAGE PRESTATION SERVICES);44424767000045;444247670;25 AVENUE DE LA LIBERATION 33138 LANTON;33138;LANTON;+33 1 42 61 06 50;45.20A;garage;Bordeaux;BTP / Mécanique
VIRAGES (VIRAGES SARL);45072445500024;450724455;37 CHEMIN DE BOUCHET 33370 POMPIGNAC;33370;POMPIGNAC;+33 1 42 52 46 79;45.20A;garage;Bordeaux;BTP / Mécanique
GRAND GARAGE SAINT MAUR;45820091200012;458200912;29 B RUE PAUL VERLAINE 33000 BORDEAUX;33000;BORDEAUX;+33 1 55 12 33 29;45.20A;garage;Bordeaux;BTP / Mécanique
GGDB;46120068500034;461200685;103-103BIS 105-105BIS 103 B RUE PAULIN 33000 BORDEAUX;33000;BORDEAUX;+33 5 56 79 41 56;45.20A;garage;Bordeaux;BTP / Mécanique
CARROSSERIE AUTO MECANIQUE AQUITAINE (CAMA);47020283900010;470202839;267 RUE JUDAIQUE 33000 BORDEAUX;33000;BORDEAUX;+33 5 56 96 30 83;45.20A;garage;Bordeaux;BTP / Mécanique
CARROSSERIE ROBERT COUTURAS;47120224200015;471202242;37 BOULEVARD ANTOINE GAUTIER 33000 BORDEAUX;33000;BORDEAUX;+33 5 56 24 04 34;45.20A;garage;Bordeaux;BTP / Mécanique
MOURAD BEN BRAHIM (SUBLIME CAR);47791655500014;477916555;RES PALMER   APPT 501 1 RUE COLETTE 33150 CENON;33150;CENON;+33 3 44 28 38 31;45.20A;garage;Bordeaux;BTP / Mécanique
HERITAGE;45011844300016;450118443;73 RUE MARCELIN BERTHELOT 33200 BORDEAUX;33200;BORDEAUX;+33 1 88 48 09 55;45.20A;garage;Bordeaux;BTP / Mécanique
A CAR (A + GLASS);45268469900039;452684699;53 AVENUE PASTEUR 24100 BERGERAC;24100;BERGERAC;+33 3 51 85 44 31;45.20A;garage;Bordeaux;BTP / Mécanique
JUNGLE'S 4X4;45351482000027;453514820;164 AVENUE DE LA LIBERATION 33700 MERIGNAC;33700;MERIGNAC;+33 5 56 02 44 88;45.20A;garage;Bordeaux;BTP / Mécanique
SERVICE AUTO MOTO;52267640200012;522676402;59 RUE DE VAUCOULEURS 33800 BORDEAUX;33800;BORDEAUX;+33 5 57 26 99 87;45.20A;garage;Bordeaux;BTP / Mécanique
JEREMI JEAN (JEAN JEREMI);53397022400028;533970224;LES PINS DE LA RUADE 10 ALLEE DES PINS DE LA RUADE 33470 GUJAN-MESTRAS;33470;GUJAN-MESTRAS;+33 7 70 03 04 58;45.20A;garage;Bordeaux;BTP / Mécanique
CAP 33 AUTOMOBILE;41151747700039;411517477;31 AVENUE DU COLONEL PIERRE BOURGOIN 33127 MARTIGNAS-SUR-JALLE;33127;MARTIGNAS-SUR-JALLE;+33 6 83 19 94 67;45.20A;garage;Bordeaux;BTP / Mécanique
NOVAUTO;50418764200021;504187642;APPT 2 103 COURS EDOUARD VAILLANT 33300 BORDEAUX;33300;BORDEAUX;+33 5 57 57 22 00;45.20A;garage;Bordeaux;BTP / Mécanique
CARROSSERIE ARCOS;79315462600014;793154626;151 RUE BOUTHIER 33100 BORDEAUX;33100;BORDEAUX;+33 5 56 86 01 07;45.20A;garage;Bordeaux;BTP / Mécanique
EXCELLENCE AUTOMOBILE;51129831700013;511298317;279 AVENUE THIERS 33100 BORDEAUX;33100;BORDEAUX;+33 5 56 86 00 56;45.20A;garage;Bordeaux;BTP / Mécanique
ABDERAHIM DOURARI;83972907600019;839729076;CITE JJ BOSC PORTE 184 141 BOULEVARD JEAN-JACQUES BOSC 33800 BORDEAUX;33800;BORDEAUX;+33 9 56 49 68 43;45.20A;garage;Bordeaux;BTP / Mécanique
MOUSSA LY (RIVE DROITE PEINTURE CARROSSERIE);83852230800017;838522308;32 RUE DE LAUZAC 33100 BORDEAUX;33100;BORDEAUX;+33 9 79 40 89 55;45.20A;garage;Bordeaux;BTP / Mécanique
PIERRE OLIVIER ESTEVENON (PIEROL AUTO SERVICES);82194632400034;821946324;19 RUE PERICLES 33185 LE HAILLAN;33185;LE HAILLAN;+33 9 56 02 88 70;45.20A;garage;Bordeaux;BTP / Mécanique
ED MOTORS;84212482800026;842124828;10 RUE LA MOTTE PICQUET 33300 BORDEAUX;33300;BORDEAUX;+33 6 37 23 48 53;45.20A;garage;Bordeaux;BTP / Mécanique
CARROSSERIE PELISSOU;39272080100019;392720801;26 RUE PAUL BERTHELOT 33300 BORDEAUX;33300;BORDEAUX;+33 5 57 87 02 73;45.20A;garage;Bordeaux;BTP / Mécanique
KAMAL ABDELLAOUI;35087121600049;350871216;141 RUE GEORGES BONNAC 33000 BORDEAUX;33000;BORDEAUX;+33 5 56 93 11 60;45.20A;garage;Bordeaux;BTP / Mécanique
MANDRON AUTOMOBILES;35212690800016;352126908;A 264 262 B RUE MANDRON 33000 BORDEAUX;33000;BORDEAUX;+33 5 57 19 09 29;45.20A;garage;Bordeaux;BTP / Mécanique
SARL GARAGE MARMANDE;39454309400012;394543094;85 RUE DE MARMANDE 33800 BORDEAUX;33800;BORDEAUX;+33 5 56 92 56 05;45.20A;garage;Bordeaux;BTP / Mécanique
PHILIPPE DE BRITO;41374870800026;413748708;291 COURS BALGUERIE STUTTENBERG 33300 BORDEAUX;33300;BORDEAUX;+33 5 56 50 75 14;45.20A;garage;Bordeaux;BTP / Mécanique
CARROSSERIE PINHEIRO;49995737100036;499957371;17 ALLEE REGANEAU 33380 MARCHEPRIME;33380;MARCHEPRIME;+33 5 56 87 46 48;45.20A;garage;Bordeaux;BTP / Mécanique
RODRIGUES (GARAGE A.R);44539709400035;445397094;ZA CANTELOUP 2 RUE DES ARCHERS 33450 SAINT-SULPICE-ET-CAMEYRAC;33450;SAINT-SULPICE-ET-CAMEYRAC;+33 1 43 89 33 00;45.20A;garage;Bordeaux;BTP / Mécanique
CONCEPT AUTO CARROSSERIE;48868450700020;488684507;4 D CHE DE LA GRANGE 33650 MARTILLAC;33650;MARTILLAC;+33 5 56 34 41 68;45.20A;garage;Bordeaux;BTP / Mécanique
BENJAMIN GANDON (ART CLASSIC CAR);50434189200033;504341892;3 RUE DE LA GARE 33440 AMBARES-ET-LAGRAVE;33440;AMBARES-ET-LAGRAVE;+33 2 34 59 87 66;45.20A;garage;Bordeaux;BTP / Mécanique
DESTOCK PNEUS;50525762600034;505257626;2 RTE DE LANDOTTE 33450 IZON;33450;IZON;+33 5 55 91 07 08;45.20A;garage;Bordeaux;BTP / Mécanique
JEAN BESNIER;53863131800010;538631318;RESIDENCE AMPERE APP.18 31 RUE GABRIEL LEGLISE 33200 BORDEAUX;33200;BORDEAUX;+33 2 31 20 81 80;45.20A;garage;Bordeaux;BTP / Mécanique
ABC CLEAN (ABC CLEAN);53907966500037;539079665;ZI DU PHARE 33 AVENUE GUSTAVE EIFFEL 33700 MERIGNAC;33700;MERIGNAC;+33 7 51 29 52 41;45.20A;garage;Bordeaux;BTP / Mécanique
L'ENTRETIEN AUTOMOBILE A DOMICILE (L.E.A.D);75332117300027;753321173;11 RUE DU PORT 33800 BORDEAUX;33800;BORDEAUX;+33 6 37 75 45 21;45.20A;garage;Bordeaux;BTP / Mécanique
VLADIMIR CERNESCU;75362876700026;753628767;6 AVENUE DU CANADA 33600 PESSAC;33600;PESSAC;+33 5 24 61 13 42;45.20A;garage;Bordeaux;BTP / Mécanique
WADII;50911221500033;509112215;9 RUE DE NAVARRE 33000 BORDEAUX;33000;BORDEAUX;+33 9 61 28 81 10;45.20A;garage;Bordeaux;BTP / Mécanique
PASCAL GUTH (GUTH & CARS);53503048000029;535030480;4 RUE CLAUDE BONNIER 33000 BORDEAUX;33000;BORDEAUX;+33 3 89 61 10 37;45.20A;garage;Bordeaux;BTP / Mécanique
BOUTHIER CARROSSERIE;80445875000028;804458750;ZI LE BETAIL RUE BLAISE PASCAL 33370 ARTIGUES-PRES-BORDEAUX;33370;ARTIGUES-PRES-BORDEAUX;+33 6 74 72 85 01;45.20A;garage;Bordeaux;BTP / Mécanique
DAVY GRAZIOTIN (RETRO PEINTURE(S) GRAZIOTIN);78894759600037;788947596;12 RUE GEORGES LITALIEN 33270 FLOIRAC;33270;FLOIRAC;+33 9 81 98 93 46;45.20A;garage;Bordeaux;BTP / Mécanique
DMO (STT YACHTING);81829510700036;818295107;ESPACE DES LICES 9 BOULEVARD LOUIS BLANC 83990 SAINT-TROPEZ;83990;SAINT-TROPEZ;+33 4 77 67 80 40;45.20A;garage;Bordeaux;BTP / Mécanique
HADJ BENDJELID;80983406200014;809834062;26 RUE DU COMMANDANT ARNOULD 33000 BORDEAUX;33000;BORDEAUX;+33 1 04 58 20 97;45.20A;garage;Bordeaux;BTP / Mécanique
NOUVEAU GARAGE VERGE SAS;81051885200027;810518852;53 CHEMIN DU PORT DE L'HOMME 33360 LATRESNE;33360;LATRESNE;+33 5 56 86 27 18;45.20A;garage;Bordeaux;BTP / Mécanique
JC AUTO CARROSSERIE;87920007900017;879200079;255 RUE DE LA BENAUGE 33100 BORDEAUX;33100;BORDEAUX;+33 5 56 34 41 68;45.20A;garage;Bordeaux;BTP / Mécanique
YASSINE KERCHAOUI (YASSINE KERCHAOUI);84372430300030;843724303;APPARTEMENT B03 155 CHEMIN DE COUHINS 33140 VILLENAVE-D'ORNON;33140;VILLENAVE-D'ORNON;+33 5 56 75 69 63;45.20A;garage;Bordeaux;BTP / Mécanique
AMIR ABDOU;80308253600019;803082536;121 RUE PRUNIER 33300 BORDEAUX;33300;BORDEAUX;+33 6 39 67 60 92;45.20A;garage;Bordeaux;BTP / Mécanique
OSMA;52994010800010;529940108;ZONE COMMERCIALE ALEANOR D'AQUITAINE RUE DUGUAY-TROUIN 33300 BORDEAUX;33300;BORDEAUX;+33 2 43 21 12 12;45.20A;garage;Bordeaux;BTP / Mécanique
ANDRE JUILLARD;78178383200012;781783832;172 QUAI DE BACALAN 33300 BORDEAUX;33300;BORDEAUX;+33 1 45 84 39 49;45.20A;garage;Bordeaux;BTP / Mécanique
AMINE LEFHAL (AUTO LUXE);89073893300021;890738933;1 PLACE DE L'EUROPE 33300 BORDEAUX;33300;BORDEAUX;+33 6 16 41 24 88;45.20A;garage;Bordeaux;BTP / Mécanique
CHRISTOPHER CHOUC (AC-NETTOYAGE);84910441900023;849104419;RES LES ROCHES  2 BAT C APPT 104 24 RUE EMILE COMBES 33560 CARBON-BLANC;33560;CARBON-BLANC;+33 5 57 33 11 58;45.20A;garage;Bordeaux;BTP / Mécanique
ABS AUTO MECA PNEU (ABS AUTO MECA PNEU);92134359600018;921343596;146 RUE DE BEGLES 33800 BORDEAUX;33800;BORDEAUX;+33 7 49 07 48 21;45.20A;garage;Bordeaux;BTP / Mécanique
KY AUTO (KY AUTO);92250162200034;922501622;BUREAU 3 9 RUE DE CONDE 33000 BORDEAUX;33000;BORDEAUX;+33 6 65 78 10 53;45.20A;garage;Bordeaux;BTP / Mécanique
GVD GARAGE & CO (GVD GARAGE & CO);92490330500010;924903305;BAT D APPT 657 182 BOULEVARD ALBERT 1ER 33800 BORDEAUX;33800;BORDEAUX;+33 5 56 02 85 42;45.20A;garage;Bordeaux;BTP / Mécanique
PHILIPPE TCHAKATOU (CARROSSERIE BONI);85173399800039;851733998;EFEA - APPT 369 BAT E CITE MONT LUCAS 2 97300 CAYENNE;97300;CAYENNE;+33 6 94 04 34 37;45.20A;garage;Bordeaux;BTP / Mécanique
GUL NAZARI (NAZARI CAR WASH);95131774200025;951317742;APT 314 - RES KIPLING 4 RUE DU DOCTEUR SCHWEITZER 33300 BORDEAUX;33300;BORDEAUX;+33 6 09 51 94 11;45.20A;garage;Bordeaux;BTP / Mécanique
MANUEL BATISTA PEREIRA (SMC AUTO DOMICILE);94174067200014;941740672;140 BOULEVARD ALBERT BRANDENBURG 33300 BORDEAUX;33300;BORDEAUX;+33 9 66 92 29 83;45.20A;garage;Bordeaux;BTP / Mécanique
MAUD SAILLAND (CRIC IT UP);94193477000012;941934770;159 RUE ACHARD 33300 BORDEAUX;33300;BORDEAUX;+33 7 51 29 52 41;45.20A;garage;Bordeaux;BTP / Mécanique
SAMVEL ARAKELYAN (SAMVEL SERVICES);92983209500012;929832095;49 RUE EDOUARD MAYAUDON 33100 BORDEAUX;33100;BORDEAUX;+33 9 50 17 32 26;45.20A;garage;Bordeaux;BTP / Mécanique
AQUIPAS BORDEAUX (GROUPE FRANC DIESEL);94536855300018;945368553;24 RUE YVES GLOTIN 33300 BORDEAUX;33300;BORDEAUX;+33 5 57 81 07 08;45.20A;garage;Bordeaux;BTP / Mécanique
OWEN MENARD (OWEN AUTO SERVICES);94769628200021;947696282;APP F002 80 CHEMIN DE LEYRAN 33140 VILLENAVE-D'ORNON;33140;VILLENAVE-D'ORNON;+33 9 70 97 80 25;45.20A;garage;Bordeaux;BTP / Mécanique
DAMIEN SALE (L'ATELIER DE L'AUTOMOBILE);93835364600020;938353646;69 RUE DES VIVANTS 33100 BORDEAUX;33100;BORDEAUX;+33 5 56 86 49 60;45.20A;garage;Bordeaux;BTP / Mécanique
CYRIL PIRIOUA (CYRIL PIRIOUA);97946004500011;979460045;7 RUE DES ARGENTIERS 33000 BORDEAUX;33000;BORDEAUX;+33 5 57 34 74 22;45.20A;garage;Bordeaux;BTP / Mécanique
KEVIN COTTET (FIVE FINGER CLEANER);98099432100019;980994321;40 BOULEVARD ALFRED DANEY 33300 BORDEAUX;33300;BORDEAUX;+33 9 53 99 46 17;45.20A;garage;Bordeaux;BTP / Mécanique
KEVIN DESCHAMPS (DESCHAMPS) (CRYSTAL CAR AQUITAINE);98916057700015;989160577;12 4 RUE DES ANCIENS COMBATTANTS D'AFRIQUE 33800 BORDEAUX;33800;BORDEAUX;+33 3 80 56 63 23;45.20A;garage;Bordeaux;BTP / Mécanique
AUTOZEN CLEANING CAR;99281199200013;992811992;9 RUE DE CONDE 33000 BORDEAUX;33000;BORDEAUX;+33 5 53 51 60 45;45.20A;garage;Bordeaux;BTP / Mécanique
WARREN MURIEL (WARREN KART SERVICES);99932127600019;999321276;APPARTEMENT 32 5 RUE SAINT BENOIT 33800 BORDEAUX;33800;BORDEAUX;+33 4 93 30 21 66;45.20A;garage;Bordeaux;BTP / Mécanique
JEAN PAYET (JK AUTO974);10076452100017;100764521;BUREAU 3 9 RUE DE CONDE 33000 BORDEAUX;33000;BORDEAUX;+33 5 53 27 60 60;45.20A;garage;Bordeaux;BTP / Mécanique
SEQUEIRA JOSE;43127910800010;431279108;85 AVENUE DE VERDUN 33200 BORDEAUX;33200;BORDEAUX;+33 4 70 03 64 92;45.20A;garage;Bordeaux;BTP / Mécanique
CARROSSERIE T. MARQUES;51279259900015;512792599;13 RUE JOSEPH BRUNET 33300 BORDEAUX;33300;BORDEAUX;+33 5 56 29 59 92;45.20A;garage;Bordeaux;BTP / Mécanique
R.M.AUTO-NEUF;51082010300024;510820103;CS 70101 26 AVENUE GUSTAVE EIFFEL 33700 MERIGNAC;33700;MERIGNAC;+33 5 56 55 92 30;45.20A;garage;Bordeaux;BTP / Mécanique
MAXIME POULIQUEN;52425296200013;524252962;26 RUE POMME D'OR 33000 BORDEAUX;33000;BORDEAUX;+33 4 37 57 90 87;45.20A;garage;Bordeaux;BTP / Mécanique
JACQUES CHENNEBAULT;30392345200021;303923452;22 RUE GLORIS 33200 BORDEAUX;33200;BORDEAUX;+33 5 56 08 14 32;45.20A;garage;Bordeaux;BTP / Mécanique
OLIVIER REY;53470336800017;534703368;36 RUE CLERAMBAULT 33200 BORDEAUX;33200;BORDEAUX;+33 6 68 31 98 04;45.20A;garage;Bordeaux;BTP / Mécanique
MIRCEA POP;79375360900015;793753609;74 COURS SAINT LOUIS 33300 BORDEAUX;33300;BORDEAUX;+33 9 50 83 32 25;45.20A;garage;Bordeaux;BTP / Mécanique
MEHDI ZEMMOURI (AUTO MD);78992108700076;789921087;RC APPT 08 3 RUE JEAN D'ORMESSON 33140 VILLENAVE-D'ORNON;33140;VILLENAVE-D'ORNON;+33 6 29 88 32 95;45.20A;garage;Bordeaux;BTP / Mécanique
JEAN RICHARD;39325619300011;393256193;255 RUE DE LA BENAUGE 33100 BORDEAUX;33100;BORDEAUX;+33 4 67 30 51 61;45.20A;garage;Bordeaux;BTP / Mécanique
SOC EXPL CARROSSERIE LAOUE;30532057400026;305320574;77 RUE BOUTHIER 33100 BORDEAUX;33100;BORDEAUX;+33 5 56 86 50 21;45.20A;garage;Bordeaux;BTP / Mécanique
ISIDRO IRIONDO ODRIOZOLA;40131606200025;401316062;53 RUE PAUL CAMELLE 33100 BORDEAUX;33100;BORDEAUX;+33 5 56 32 75 23;45.20A;garage;Bordeaux;BTP / Mécanique
HERVE MADORRE (RAYURES);35369281700060;353692817;2 RUE DU COMMANDANT MOREAU 33720 PODENSAC;33720;PODENSAC;+33 9 52 57 38 99;45.20A;garage;Bordeaux;BTP / Mécanique
RIVE DROITE DIESEL (RIVE DROITE DIESEL);48932053100010;489320531;108 QUAI DE LA SOUYS 33100 BORDEAUX;33100;BORDEAUX;+33 5 53 94 40 08;45.20A;garage;Bordeaux;BTP / Mécanique
AUTO STAR PREPARATION AUTOMOBILE ASPA (A S P A AUTO STAR PREPARATION AUTOMOBILE);44813093000028;448130930;22 RUE DU 19 MARS 1962 33320 EYSINES;33320;EYSINES;+33 6 87 01 64 29;45.20A;garage;Bordeaux;BTP / Mécanique
CARROSSERIE LAHITETTE BORDEAUX;47120305900012;471203059;78 RUE HENRI IV 33000 BORDEAUX;33000;BORDEAUX;+33 5 56 91 48 27;45.20A;garage;Bordeaux;BTP / Mécanique
DAVID GUIONIE;45377504100016;453775041;63 RUE FURTADO 33800 BORDEAUX;33800;BORDEAUX;+33 5 56 17 45 36;45.20A;garage;Bordeaux;BTP / Mécanique
GAETAN DEMY (OLDBACK);80482574300011;804825743;APPARTEMENT 510 18 AVENUE MARCEL DASSAULT 33300 BORDEAUX;33300;BORDEAUX;+33 9 83 27 52 92;45.20A;garage;Bordeaux;BTP / Mécanique
ROBERT KRZEWINSKI;80080622600026;800806226;APP N. A 03 6 RUE BELLE ROSE 33130 BEGLES;33130;BEGLES;+33 9 51 99 71 60;45.20A;garage;Bordeaux;BTP / Mécanique
CARROSSERIE AUTO AQUITAINE;79108448600020;791084486;12 AVENUE BLANQUI 33270 FLOIRAC;33270;FLOIRAC;+33 5 57 61 42 38;45.20A;garage;Bordeaux;BTP / Mécanique
BORDEAUX MARITIME CARROSSERIE (BORDEAUX MARITIME CARROSSERIE) (BMC);80958029300011;809580293;24 RUE POURMANN 33300 BORDEAUX;33300;BORDEAUX;+33 5 47 47 65 11;45.20A;garage;Bordeaux;BTP / Mécanique
ATANAS YANEV;75169490200022;751694902;APPT 1301 23 PLACE GINETTE NEVEU 33300 BORDEAUX;33300;BORDEAUX;+33 5 54 68 14 69;45.20A;garage;Bordeaux;BTP / Mécanique
JEAN-BAPTISTE PINEAU (L'ATELIER DE JB);52766771100040;527667711;3 RUE OSCAR ET JEAN AURIAC 33800 BORDEAUX;33800;BORDEAUX;+33 2 40 96 55 48;45.20A;garage;Bordeaux;BTP / Mécanique
DAVID JAUMOUILLIE;51767611000011;517676110;28 COURS BALGUERIE STUTTENBERG 33300 BORDEAUX;33300;BORDEAUX;+33 5 58 82 04 96;45.20A;garage;Bordeaux;BTP / Mécanique
DAVID PERET;52011208700025;520112087;APPT 42 BAT D 5 RUE RENE DE BOUSSAC 33520 BRUGES;33520;BRUGES;+33 9 80 83 11 82;45.20A;garage;Bordeaux;BTP / Mécanique
SVP UTILITAIRES;82108248400014;821082484;20 RUE PIERRE BAOUR 33300 BORDEAUX;33300;BORDEAUX;+33 7 81 68 51 23;45.20A;garage;Bordeaux;BTP / Mécanique
LAVAGE CHRISTOPHE GOBESSI (LAVAGE CHRISTOPHE GOBESSI) (LCG);89986703000012;899867030;30 AVENUE ALSACE LORRAINE 33200 BORDEAUX;33200;BORDEAUX;+33 5 57 87 59 20;45.20A;garage;Bordeaux;BTP / Mécanique
AHMED LAMRI (SAMY AUTO);90793073900020;907930739;RES SOLIDAIRE ALDEA BAT B APT 304 15 RUE DOCTEUR YERSIN 33100 BORDEAUX;33100;BORDEAUX;+33 9 52 53 09 32;45.20A;garage;Bordeaux;BTP / Mécanique
B.V.S;75221253000048;752212530;ZONE SYLVA 21 14 B RUE ALAIN PERONNAU 33830 BELIN-BELIET;33830;BELIN-BELIET;+33 9 67 09 53 27;45.20A;garage;Bordeaux;BTP / Mécanique
LEVAN KOIAVA (GARAGE87 DETAILING);84271510400027;842715104;4 RUE CLAUDE BONNIER 33000 BORDEAUX;33000;BORDEAUX;+33 9 55 81 75 88;45.20A;garage;Bordeaux;BTP / Mécanique
PARE BRISE 33 (PARE BRISE 33);93096015800010;930960158;50 ALLEE HAUSSMANN 33300 BORDEAUX;33300;BORDEAUX;+33 6 14 65 32 59;45.20A;garage;Bordeaux;BTP / Mécanique
ARTHUR BEZANCON (MONSIEUR ARTHUR);83994005300011;839940053;RES PASTEUR MURAT BAT C3 APPT 59 62 RUE MURAT 33200 BORDEAUX;33200;BORDEAUX;+33 5 56 02 20 40;45.20A;garage;Bordeaux;BTP / Mécanique
GM BORDEAUX AUTO;84953853300019;849538533;RUE DUGUAY-TROUIN 33300 BORDEAUX;33300;BORDEAUX;+33 5 56 36 98 19;45.20A;garage;Bordeaux;BTP / Mécanique
JEREMY VULLO (APIC MECANIQUE);84776223400023;847762234;A ROUTE DE PEUJARD 33240 VIRSAC;33240;VIRSAC;+33 9 79 35 80 77;45.20A;garage;Bordeaux;BTP / Mécanique
RJ PROTECTION (MM LUXURY CUSTOM);85028769900027;850287699;BAT 5C PARC D'ACTIVITES DOCKS MARIT QUAI CARRIET 33310 LORMONT;33310;LORMONT;+33 5 23 37 52 90;45.20A;garage;Bordeaux;BTP / Mécanique
KHALED SAIDI (KS);87905293400012;879052934;CCAS 4 RUE CLAUDE BONNIER 33000 BORDEAUX;33000;BORDEAUX;+33 9 51 58 44 06;45.20A;garage;Bordeaux;BTP / Mécanique
SACCO DSP;99484352200016;994843522;D103 5 RUE DES LENDEMAINS 33300 BORDEAUX;33300;BORDEAUX;+33 2 79 05 00 22;45.20A;garage;Bordeaux;BTP / Mécanique
TEINT AUTO BORDEAUX (TEINT AUTO BORDEAUX);88170911700025;881709117;4 RUE RAMONET 33000 BORDEAUX;33000;BORDEAUX;+33 5 56 28 52 17;45.20A;garage;Bordeaux;BTP / Mécanique
MOHAMED SAIDANI;94218307000021;942183070;150 AVENUE ROGER SALENGRO 93290 TREMBLAY-EN-FRANCE;93290;TREMBLAY-EN-FRANCE;+33 9 75 59 06 82;45.20A;garage;Bordeaux;BTP / Mécanique
MAZIGH BEDJOU (MAZ SERVICES);95087687000037;950876870;35 RUE BOURBON 33300 BORDEAUX;33300;BORDEAUX;+33 9 52 42 32 61;45.20A;garage;Bordeaux;BTP / Mécanique
BRONCHAL;95242466100017;952424661;137 COURS DU MARECHAL GALLIENI 33000 BORDEAUX;33000;BORDEAUX;+33 5 67 80 57 63;45.20A;garage;Bordeaux;BTP / Mécanique
FACTORY AUTO;94816454600020;948164546;9 RUE DE CONDE 33000 BORDEAUX;33000;BORDEAUX;+33 4 67 92 98 80;45.20A;garage;Bordeaux;BTP / Mécanique
BIELSA AUTOMOBILE;98161687300023;981616873;94 AVENUE ARISTIDE BRIAND 33700 MERIGNAC;33700;MERIGNAC;+33 6 32 30 36 19;45.20A;garage;Bordeaux;BTP / Mécanique
FS BORDEAUX AUTO (MIDAS);98845800600018;988458006;86-88 BOULEVARD GEORGE V 33000 BORDEAUX;33000;BORDEAUX;+33 5 56 36 98 19;45.20A;garage;Bordeaux;BTP / Mécanique
KYLIAN PINEAU (KPM AUTO);99151069400011;991510694;5 RUE FENELON 33000 BORDEAUX;33000;BORDEAUX;+33 2 41 56 26 49;45.20A;garage;Bordeaux;BTP / Mécanique
ALLO BEN'C;99236537900013;992365379;60 RUE JULES GUESDE 33800 BORDEAUX;33800;BORDEAUX;+33 5 56 49 41 83;45.20A;garage;Bordeaux;BTP / Mécanique
EASY GLASS;99396711600019;993967116;5 RUE FENELON 33000 BORDEAUX;33000;BORDEAUX;+33 7 56 10 87 27;45.20A;garage;Bordeaux;BTP / Mécanique
CLEAN BIO;99436122800012;994361228;APPART 901 120 BOULEVARD GODARD 33300 BORDEAUX;33300;BORDEAUX;+33 7 51 29 52 41;45.20A;garage;Bordeaux;BTP / Mécanique
GARAGE DE LESCURE;46020026400022;460200264;29 RUE LAURENT SENS 33000 BORDEAUX;33000;BORDEAUX;+33 5 56 52 24 88;45.20A;garage;Bordeaux;BTP / Mécanique
CAPADOCE AUTO;49764205800026;497642058;36 RUE GIACOMO MATTEOTTI 33100 BORDEAUX;33100;BORDEAUX;+33 6 03 35 02 27;45.20A;garage;Bordeaux;BTP / Mécanique
DOCKAUTO;49778835600010;497788356;5 COURS DU MEDOC 33300 BORDEAUX;33300;BORDEAUX;+33 5 57 57 22 00;45.20A;garage;Bordeaux;BTP / Mécanique
CARROSSERIE LACARRIERE;79879571200016;798795712;199 COURS DU MARECHAL GALLIENI 33000 BORDEAUX;33000;BORDEAUX;+33 5 56 91 48 27;45.20A;garage;Bordeaux;BTP / Mécanique
SNC WASH NET;35131325900076;351313259;Z I DES GUERLANDES 33530 BASSENS;33530;BASSENS;+33 9 67 40 61 96;45.20A;garage;Bordeaux;BTP / Mécanique
GARAGE POINT;39806278600015;398062786;29 RUE DE TAUZIA 33800 BORDEAUX;33800;BORDEAUX;+33 6 47 50 48 25;45.20A;garage;Bordeaux;BTP / Mécanique
CAR CLEAN GROUPE HELLIAS SERVICES;41284978800044;412849788;PKG C CCIAL MERIADECK RUE DU CHATEAU D'EAU 33000 BORDEAUX;33000;BORDEAUX;+33 5 56 57 50 34;45.20A;garage;Bordeaux;BTP / Mécanique
AUTO RENOV;42196347100030;421963471;279 AVENUE THIERS 33100 BORDEAUX;33100;BORDEAUX;+33 6 80 70 92 44;45.20A;garage;Bordeaux;BTP / Mécanique
GARAGE D'ARCINS;50016938800021;500169388;17 RUE MARCEL BOUC 33130 BEGLES;33130;BEGLES;+33 5 56 85 78 05;45.20A;garage;Bordeaux;BTP / Mécanique
B.A.B. UTILITAIRES;44505621100037;445056211;75 AVENUE DU GENERAL LECLERC 33000 BORDEAUX;33000;BORDEAUX;+33 7 81 68 51 23;45.20A;garage;Bordeaux;BTP / Mécanique
NUNOCAR 54;44841292400020;448412924;LES BUREAUX DU LAC RUE ROBERT CAUMONT 33300 BORDEAUX;33300;BORDEAUX;+33 1 30 25 51 29;45.20A;garage;Bordeaux;BTP / Mécanique
CONFORT AUTO;49088562100014;490885621;305 COURS BALGUERIE STUTTENBERG 33300 BORDEAUX;33300;BORDEAUX;+33 2 98 74 53 43;45.20A;garage;Bordeaux;BTP / Mécanique
AQUITAINE VITR'AUTO;49310775900018;493107759;LES BUREAUX DU LAC II RUE ROBERT CAUMONT 33300 BORDEAUX;33300;BORDEAUX;+33 5 57 71 00 00;45.20A;garage;Bordeaux;BTP / Mécanique
ALIENOR PNEUS SERVICES;82521696300017;825216963;96 QUAI DE LA SOUYS 33100 BORDEAUX;33100;BORDEAUX;+33 5 56 40 22 39;45.20A;garage;Bordeaux;BTP / Mécanique
MECA RAPID'AUTO (MECA RAPID'AUTO) (MRA);53982087800020;539820878;8 AVENUE DE LA LIBERATION 33410 BEGUEY;33410;BEGUEY;+33 9 70 35 64 08;45.20A;garage;Bordeaux;BTP / Mécanique
GARAGE DU SOURDIS;80413038300016;804130383;132 RUE FRANCOIS DE SOURDIS 33000 BORDEAUX;33000;BORDEAUX;+33 5 56 52 24 88;45.20A;garage;Bordeaux;BTP / Mécanique
DIAMOND AUTO CLEAN;79398792600011;793987926;ZI DE BORDEAUX NORD 43 RUE PIERRE BAOUR 33300 BORDEAUX;33300;BORDEAUX;+33 7 51 29 52 41;45.20A;garage;Bordeaux;BTP / Mécanique
EL HABIB BOUAZZA ([ND]);91342429700020;913424297;[ND] [ND] [ND] [ND] [ND] [ND] [ND] [ND];[ND];LINAS;+33 9 51 12 42 53;45.20A;garage;Bordeaux;BTP / Mécanique
BERTIN LAVAGE;49787189700045;497871897;18-30 18 RUE EDOUARD HERRIOT 33310 LORMONT;33310;LORMONT;+33 4 50 68 70 57;45.20A;garage;Bordeaux;BTP / Mécanique
EUROPEAN AUTO FRANCE (E.A.F.);53762061900016;537620619;9 RUE DE CONDE 33000 BORDEAUX;33000;BORDEAUX;+33 5 56 49 41 83;45.20A;garage;Bordeaux;BTP / Mécanique
GARAGE DE GARONNE;79444862100019;794448621;202 COURS SAINT LOUIS 33300 BORDEAUX;33300;BORDEAUX;+33 5 56 50 91 33;45.20A;garage;Bordeaux;BTP / Mécanique
GARAGE AUTO;42421269400014;424212694;8 COURS SAINT LOUIS 33300 BORDEAUX;33300;BORDEAUX;+33 5 54 68 00 00;45.20A;garage;Bordeaux;BTP / Mécanique
MANDRON SERVICES AUTO;40495970200014;404959702;106 RUE MANDRON 33000 BORDEAUX;33000;BORDEAUX;+33 5 57 19 09 29;45.20A;garage;Bordeaux;BTP / Mécanique
JEAN SOUCHAL;34518795900035;345187959;202 COURS SAINT LOUIS 33300 BORDEAUX;33300;BORDEAUX;+33 4 73 96 50 80;45.20A;garage;Bordeaux;BTP / Mécanique
DSA PNEUS;80390381400033;803903814;158 COURS DE LA MARNE 33800 BORDEAUX;33800;BORDEAUX;+33 7 49 07 48 21;45.20A;garage;Bordeaux;BTP / Mécanique
SARL BPI;41146595800022;411465958;54 QUAI DE BRAZZA 33100 BORDEAUX;33100;BORDEAUX;+33 8 92 56 79 00;45.20A;garage;Bordeaux;BTP / Mécanique
AELYOS;50793751400028;507937514;149 RUE DU JARDIN PUBLIC 33000 BORDEAUX;33000;BORDEAUX;+33 5 56 56 95 72;45.20A;garage;Bordeaux;BTP / Mécanique
CAR REPAR;82450884000017;824508840;146 RUE DE BEGLES 33800 BORDEAUX;33800;BORDEAUX;+33 6 68 18 53 59;45.20A;garage;Bordeaux;BTP / Mécanique
BEN'S AUTOMOBILE;80747406900018;807474069;85 AVENUE D'ARES 33000 BORDEAUX;33000;BORDEAUX;+33 6 15 58 06 46;45.20A;garage;Bordeaux;BTP / Mécanique
VP AUTO (GUIGNARD ET ASSOCIES - VP OUEST - VP AUTO);44249617000014;442496170;ZI DE KERPONT 277 RUE DE KERPONT 56850 CAUDAN;56850;CAUDAN;+33 6 82 84 25 67;45.11Z;concession;Bordeaux;BTP / Mécanique
GCA BORDEAUX;44357492600053;443574926;52 QUAI WILSON 33130 BEGLES;33130;BEGLES;+33 5 56 16 76 10;45.11Z;concession;Bordeaux;BTP / Mécanique
KOP.K (WESTERN FLYERS);51151098400012;511510984;31 T RUE SEBASTIEN G CASTAING 33510 ANDERNOS-LES-BAINS;33510;ANDERNOS-LES-BAINS;+33 5 56 03 77 48;45.11Z;concession;Bordeaux;BTP / Mécanique
UNIVERSAL DEUX ROUES (U.D.R);84219780800012;842197808;20 RUE DU MANOIR DE SERVIGNE 35000 RENNES;35000;RENNES;+33 7 83 62 52 97;45.11Z;concession;Bordeaux;BTP / Mécanique
MERCEDES-BENZ FRANCE (A MERCEDES-BENZ GROUP AG COMPAGNY);62204428700788;622044287;7 AV NIEPCE 78180 MONTIGNY LE BRETONNEUX;78180;MONTIGNY LE BRETONNEUX;+33 5 57 88 23 30;45.11Z;concession;Bordeaux;BTP / Mécanique
CITADINE LOCATION;51465770900044;514657709;260 ALLEE DES 2 POTEAUX 33127 SAINT-JEAN-D'ILLAC;33127;SAINT-JEAN-D'ILLAC;+33 8 25 33 33 32;45.11Z;concession;Bordeaux;BTP / Mécanique
AUTOMOTIVE INTERNATIONAL RETAILER (AIR);48011808200084;480118082;7 AVENUE DE L'EUROPE 44620 LA MONTAGNE;44620;LA MONTAGNE;+33 6 98 18 24 60;45.11Z;concession;Bordeaux;BTP / Mécanique
INTER V.O FRANCE;41038195800041;410381958;34 RUE JACQUES PREVERT 33700 MERIGNAC;33700;MERIGNAC;+33 5 57 19 85 85;45.11Z;concession;Bordeaux;BTP / Mécanique
DEKRA AUTOMOTIVE SOLUTIONS FRANCE (DEKRA AUTOMOTIVE SOLUTIONS - AUTOCONTACT - CARSAT - OPLUS - EXLINEA SERVICES - EURO SERVICES - ARTSA);41155163300091;411551633;IMMEUBLE LA BOURSIDIERE PORTE H LA BOURSIDIERE 92350 LE PLESSIS ROBINSON;92350;LE PLESSIS ROBINSON;+33 1 69 04 00 65;45.11Z;concession;Bordeaux;BTP / Mécanique
CARGROUP (CARGROUP - AD OCCASION);88133393400027;881333934;214 RUE DES CHARTINIERES 01120 DAGNEUX;01120;DAGNEUX;+33 5 56 32 24 00;45.11Z;concession;Bordeaux;BTP / Mécanique
IMPACT NOW;84420169900049;844201699;96 RUE DE LOURMEL 75015 PARIS;75015;PARIS;+33 1 73 07 48 37;45.11Z;concession;Bordeaux;BTP / Mécanique
LEADERFORCE;50302813600011;503028136;46 ALLEE DE TOURNY 33000 BORDEAUX;33000;BORDEAUX;+33 7 88 81 10 11;45.11Z;concession;Bordeaux;BTP / Mécanique
LES 4 S;49296292300040;492962923;32 T RUE DU BOUT DU PARC 33440 AMBARES-ET-LAGRAVE;33440;AMBARES-ET-LAGRAVE;+33 4 30 16 65 22;45.11Z;concession;Bordeaux;BTP / Mécanique
E S A;40248596500030;402485965;54 AVENUE DE L'OCEAN 33950 LEGE-CAP-FERRET;33950;LEGE-CAP-FERRET;+33 2 40 80 54 80;45.11Z;concession;Bordeaux;BTP / Mécanique
TEA BORDEAUX (SRT);30777282200176;307772822;AVENUE DES INDUSTRIES 33440 AMBARES-ET-LAGRAVE;33440;AMBARES-ET-LAGRAVE;+33 5 56 16 76 10;45.11Z;concession;Bordeaux;BTP / Mécanique
BRUNO SIGALAS (JAGALFA);44362784900039;443627849;116 AVENUE JEAN JAURES 33520 BRUGES;33520;BRUGES;+33 9 80 86 91 84;45.11Z;concession;Bordeaux;BTP / Mécanique
IES (AUTO-IES);44912079900019;449120799;ZAC DES ANCISES RUE DES ANCIZES 03300 CREUZIER-LE-NEUF;03300;CREUZIER-LE-NEUF;+33 3 81 80 16 14;45.11Z;concession;Bordeaux;BTP / Mécanique
ALBERT SERRANO;80869608200011;808696082;APPT 22 7 RUE ANTOINE WATTEAU 33150 CENON;33150;CENON;+33 4 70 96 77 49;45.11Z;concession;Bordeaux;BTP / Mécanique
CARS SERVICES;89941484100028;899414841;9 RUE DE CONDE 33000 BORDEAUX;33000;BORDEAUX;+33 5 56 24 25 27;45.11Z;concession;Bordeaux;BTP / Mécanique
ETS PIERRE BOUTEVILLE;32609297000028;326092970;RUE SUFFREN 33300 BORDEAUX;33300;BORDEAUX;+33 5 56 50 58 32;45.20B;carrossier;Bordeaux;BTP / Mécanique
AXEL DUBOS;79349811400016;793498114;13 RUE DE VINCENNES 33000 BORDEAUX;33000;BORDEAUX;+33 9 60 39 70 63;45.20B;carrossier;Bordeaux;BTP / Mécanique
FATIH CAMLICA (AUTO COIFF);80011162700025;800111627;APPT 14 RESIDENCE LA BENAUGE 17 RUE RAYMOND POINCARE 33100 BORDEAUX;33100;BORDEAUX;+33 6 58 67 43 15;45.20B;carrossier;Bordeaux;BTP / Mécanique
ROKSANA CHUDZINSKA (CHUDZINSKA SAFETY GLASS);93043859300012;930438593;28 RUE LECOCQ 33000 BORDEAUX;33000;BORDEAUX;+33 4 65 31 02 85;45.20B;carrossier;Bordeaux;BTP / Mécanique
G P AUTO;51364042500015;513640425;77 CITE REINETTE 33000 BORDEAUX;33000;BORDEAUX;+33 6 65 78 10 53;45.20B;carrossier;Bordeaux;BTP / Mécanique
BORDEAUX MOTOS ACCESSOIRES;44850187400011;448501874;9 RUE FRANCIS GARNIER 33300 BORDEAUX;33300;BORDEAUX;+33 5 57 10 26 26;45.40Z;moto;Bordeaux;BTP / Mécanique
PREFERENCE 64;81279583900065;812795839;59 RUE JACQUES PREVERT 33700 MERIGNAC;33700;MERIGNAC;+33 5 56 11 30 30;45.40Z;moto;Bordeaux;BTP / Mécanique
DECIBELS;34277200100075;342772001;21 COURS DE QUEBEC 33300 BORDEAUX;33300;BORDEAUX;+33 1 84 16 18 00;45.40Z;moto;Bordeaux;BTP / Mécanique
SA MOTO KITS;30477455700165;304774557;3 BOULEVARD DE CUREPIPE 33260 LA TESTE-DE-BUCH;33260;LA TESTE-DE-BUCH;+33 4 95 23 40 08;45.40Z;moto;Bordeaux;BTP / Mécanique
ANIMA MOTORCYCLES;90018333600016;900183336;67 COURS VICTOR HUGO 33000 BORDEAUX;33000;BORDEAUX;+33 6 66 09 01 47;45.40Z;moto;Bordeaux;BTP / Mécanique
CARDY BORDEAUX;47895394600025;478953946;24 RUE FRANCIS GARNIER 33300 BORDEAUX;33300;BORDEAUX;+33 5 57 10 26 26;45.40Z;moto;Bordeaux;BTP / Mécanique
LOUIT MOTO;40388801900029;403888019;3 RUE GUTENBERG 33700 MERIGNAC;33700;MERIGNAC;+33 5 57 29 19 00;45.40Z;moto;Bordeaux;BTP / Mécanique
PREFERENCE 33 (AXOCASSION - STAND 33);80245546900022;802455469;59 RUE JACQUES PREVERT 33700 MERIGNAC;33700;MERIGNAC;+33 5 56 11 30 30;45.40Z;moto;Bordeaux;BTP / Mécanique
E-SCOOT;83331551800039;833315518;153 RUE BOUTHIER 33100 BORDEAUX;33100;BORDEAUX;+33 5 56 50 50 40;45.40Z;moto;Bordeaux;BTP / Mécanique
MOTOSCOOT 33;35145674400025;351456744;ZI ALFRED DANEY 9 B RUE FRANCIS GARNIER 33300 BORDEAUX;33300;BORDEAUX;+33 5 56 04 10 00;45.40Z;moto;Bordeaux;BTP / Mécanique
MOTO CADRE;44165436500028;441654365;PARC D'ACTIVITES ALIENOR RUE SUFFREN 33300 BORDEAUX;33300;BORDEAUX;+33 5 56 69 09 12;45.40Z;moto;Bordeaux;BTP / Mécanique
MOHAMED BACHIR (UNIVERS SCOOTER);49923828500021;499238285;RES DE SOLESSE BAT C APPT 210 RUE DE LATTRE DE TASSIGNY 33290 BLANQUEFORT;33290;BLANQUEFORT;+33 1 48 99 97 53;45.40Z;moto;Bordeaux;BTP / Mécanique
AXXES CAR;80504952500019;805049525;188 COURS DUPRE DE SAINT MAUR 33300 BORDEAUX;33300;BORDEAUX;+33 5 57 10 26 26;45.40Z;moto;Bordeaux;BTP / Mécanique
STEEL BIKE CONCEPT (STEEL BIKE CONCEPT) (SBC);81092889500012;810928895;30 RUE FRANCIS GARNIER 33300 BORDEAUX;33300;BORDEAUX;+33 9 81 48 18 16;45.40Z;moto;Bordeaux;BTP / Mécanique
BORDEAUX LAC SPORTS (BL SPORTS);81998474100010;819984741;12 RUE FRANCIS GARNIER 33300 BORDEAUX;33300;BORDEAUX;+33 5 57 10 60 35;45.40Z;moto;Bordeaux;BTP / Mécanique
MATHIS GARCIA (MGM);93195490300015;931954903;BAT RES MOZART A ESC A ETG 4 2 RUE JEAN ARTUS 33300 BORDEAUX;33300;BORDEAUX;+33 3 25 02 40 87;45.40Z;moto;Bordeaux;BTP / Mécanique
BAINES MOTOS;48451598600046;484515986;PARC D'ACTIVITES ALIENOR 9 RUE FRANCIS GARNIER 33300 BORDEAUX;33300;BORDEAUX;+33 5 57 93 03 04;45.40Z;moto;Bordeaux;BTP / Mécanique
FABIEN CIRIA;47907094800019;479070948;104 BOULEVARD DU PRESIDENT WILSON 33000 BORDEAUX;33000;BORDEAUX;+33 5 56 26 86 02;45.40Z;moto;Bordeaux;BTP / Mécanique
CYCLES & PASSION;79333116600017;793331166;4 COURS ARISTIDE BRIAND 33000 BORDEAUX;33000;BORDEAUX;+33 4 68 58 14 14;45.40Z;moto;Bordeaux;BTP / Mécanique
DOMINIQUE BRUGERE;33437122600047;334371226;ZI ALFRED DANEY 14 RUE FRANCIS GARNIER 33300 BORDEAUX;33300;BORDEAUX;+33 4 73 22 24 56;45.40Z;moto;Bordeaux;BTP / Mécanique
NEW BIKE (LOUBERE MOTOS);32274732000032;322747320;4 ALLEE JAMES WATT 33700 MERIGNAC;33700;MERIGNAC;+33 5 56 91 55 60;45.40Z;moto;Bordeaux;BTP / Mécanique
SARL AQUITAINE MOTO CASSE;43950468900027;439504689;PARC D'ACTIVITE ALIENOR RUE SUFFREN 33300 BORDEAUX;33300;BORDEAUX;+33 5 56 69 87 91;45.40Z;moto;Bordeaux;BTP / Mécanique
IRON MOTORS (BASTARDS CHOPPERS);81221609100031;812216091;4 RUE PASCAL 33370 TRESSES;33370;TRESSES;+33 6 67 55 44 11;45.40Z;moto;Bordeaux;BTP / Mécanique
RETROPEDALAGE;82842065300010;828420653;62 RUE MALLERET 33000 BORDEAUX;33000;BORDEAUX;+33 5 56 81 25 18;45.40Z;moto;Bordeaux;BTP / Mécanique
SEBBA;91985680700038;919856807;235 AVENUE DU PARC DES EXPOSITIONS 33260 LA TESTE-DE-BUCH;33260;LA TESTE-DE-BUCH;+33 9 77 04 68 49;45.40Z;moto;Bordeaux;BTP / Mécanique
GUILLAUME BOUTINET (STREETSCOOT);93307375100028;933073751;17 RUE PENICAUD 33300 BORDEAUX;33300;BORDEAUX;+33 7 75 83 05 71;45.40Z;moto;Bordeaux;BTP / Mécanique
NATHANAEL MARIE;88451371400011;884513714;RDC GAUCHE 34 B AVENUE DE MIRANDE 33200 BORDEAUX;33200;BORDEAUX;+33 9 54 40 34 40;45.40Z;moto;Bordeaux;BTP / Mécanique
L'ATELIER DU DEUX ROUES;93997537100013;939975371;14 RUE SAINTE MARGUERITE 33800 BORDEAUX;33800;BORDEAUX;+33 7 83 62 52 97;45.40Z;moto;Bordeaux;BTP / Mécanique
PHP (DETAIL MOTO);40437327600066;404373276;RN7 MOTTEUX 45290 PRESSIGNY-LES-PINS;45290;PRESSIGNY-LES-PINS;+33 6 03 53 32 91;45.40Z;moto;Bordeaux;BTP / Mécanique
PROJECT MOTOR;49862098800028;498620988;24 RUE RAVEZ 33000 BORDEAUX;33000;BORDEAUX;+33 5 56 90 08 00;45.40Z;moto;Bordeaux;BTP / Mécanique
GOSPEED FRANCE;49252418600037;492524186;15 RUE FRANCIS GARNIER 33300 BORDEAUX;33300;BORDEAUX;+33 5 56 24 93 50;45.40Z;moto;Bordeaux;BTP / Mécanique
LA BOITE A SCOOTER;53797752200011;537977522;111 BOULEVARD GEORGE V 33000 BORDEAUX;33000;BORDEAUX;+33 5 57 85 81 46;45.40Z;moto;Bordeaux;BTP / Mécanique
KROL-DAVID MOTORCYCLES;98326733700019;983267337;AP2 1ETG 29 RUE FRANCIS MARTIN 33000 BORDEAUX;33000;BORDEAUX;+33 6 11 35 60 22;45.40Z;moto;Bordeaux;BTP / Mécanique
SARL RSANGELAUTO (RS ANGELAUTO);90014883400022;900148834;6 RUE DE DEYME 33100 BORDEAUX;33100;BORDEAUX;+33 6 03 35 02 27;45.11Z;concession;Bordeaux;BTP / Mécanique
CARS EXPRESS (CARS EXPRESS);98763270000017;987632700;5 RUE FENELON 33000 BORDEAUX;33000;BORDEAUX;+33 3 88 43 89 54;45.11Z;concession;Bordeaux;BTP / Mécanique
AUTOBUSINESSPRO GROUP;53238075500027;532380755;RUE MARIE ET RAYMOND MOLIA 40100 DAX;40100;DAX;+33 5 59 31 13 26;45.11Z;concession;Bordeaux;BTP / Mécanique
PASCAL FENOLL;48160643200039;481606432;17 CHEMIN DE LA PAYE 33450 SAINT-LOUBES;33450;SAINT-LOUBES;+33 5 56 68 23 73;45.11Z;concession;Bordeaux;BTP / Mécanique
JEAN DELPRAT;47999324800018;479993248;46 PASSAGE HERMITTE 33000 BORDEAUX;33000;BORDEAUX;+33 4 93 86 24 83;45.11Z;concession;Bordeaux;BTP / Mécanique
MONDAUTO;41876573100017;418765731;58 BOULEVARD GODARD 33300 BORDEAUX;33300;BORDEAUX;+33 5 57 19 03 00;45.11Z;concession;Bordeaux;BTP / Mécanique
CHABOT SPORT AQUITAINE;33998425400039;339984254;18 AVENUE ANTOINE BECQUEREL 33600 PESSAC;33600;PESSAC;+33 5 57 26 21 21;45.11Z;concession;Bordeaux;BTP / Mécanique
AUTO LUXURY FRANCE (AUTO LUXURY FRANCE);10128065900018;101280659;BUREAU 3 9 RUE DE CONDE 33000 BORDEAUX;33000;BORDEAUX;+33 5 56 49 41 83;45.11Z;concession;Bordeaux;BTP / Mécanique
BENOIT PERRUCHON-BOUGES (MADIANA AUTO);34231157800047;342311578;60 PORT DE MEYRAN 33470 GUJAN-MESTRAS;33470;GUJAN-MESTRAS;+33 5 56 54 83 74;45.11Z;concession;Bordeaux;BTP / Mécanique
BC RACING;53359860300058;533598603;195 BOULEVARD DU PRESIDENT WILSON 33000 BORDEAUX;33000;BORDEAUX;+33 6 74 04 03 45;45.11Z;concession;Bordeaux;BTP / Mécanique
EMOTIONAL CARS;53380644400030;533806444;40 IMPASSE DU FORGERON 33127 SAINT-JEAN-D'ILLAC;33127;SAINT-JEAN-D'ILLAC;+33 5 40 05 86 69;45.11Z;concession;Bordeaux;BTP / Mécanique
TONY PISA (GARAGE CTJ AUTO);41126857600039;411268576;5 RUE FENELON 33000 BORDEAUX;33000;BORDEAUX;+33 9 53 57 08 79;45.11Z;concession;Bordeaux;BTP / Mécanique
GARAGE AUTO PREMIUM (GARAGE AUTO PREMIUM);80238721700010;802387217;LES BUREAUX DU LAC II - IMMEUBLE P RUE ROBERT CAUMONT 33300 BORDEAUX;33300;BORDEAUX;+33 4 63 07 20 00;45.11Z;concession;Bordeaux;BTP / Mécanique
JET-SET AUTOS (JET-SET AUTOS);53018243500012;530182435;130 RUE ACHARD 33300 BORDEAUX;33300;BORDEAUX;+33 7 71 28 92 81;45.11Z;concession;Bordeaux;BTP / Mécanique
VO AND CO;53100927200026;531009272;213 RUE DU JARDIN PUBLIC 33000 BORDEAUX;33000;BORDEAUX;+33 5 24 07 75 40;45.11Z;concession;Bordeaux;BTP / Mécanique
ANTOINE GIMENEZ;53118812600019;531188126;70 RUE DES PELOURDES 33300 BORDEAUX;33300;BORDEAUX;+33 9 63 66 93 50;45.11Z;concession;Bordeaux;BTP / Mécanique
DJAOUAD ZAHYA (MNR AUTO);79861476400032;798614764;LES JARDINS DU TISCOT 80 RUE DU TISCOT 33290 BLANQUEFORT;33290;BLANQUEFORT;+33 9 52 27 21 17;45.11Z;concession;Bordeaux;BTP / Mécanique
REMY SOIRAT;79075016000026;790750160;34-43 34 RUE FRANCIS GARNIER 33300 BORDEAUX;33300;BORDEAUX;+33 5 55 58 11 57;45.11Z;concession;Bordeaux;BTP / Mécanique
AHMED KHALED (SPEEDY AUTOS);79088537000011;790885370;APPARTEMENT N 903 122 BOULEVARD GODARD 33300 BORDEAUX;33300;BORDEAUX;+33 9 62 18 94 42;45.11Z;concession;Bordeaux;BTP / Mécanique
CHRISEMMA AUTOMOBILES (VIA-AUTOMOBILE);78855724700012;788557247;5 COURS ARISTIDE BRIAND 33000 BORDEAUX;33000;BORDEAUX;+33 5 57 19 09 29;45.11Z;concession;Bordeaux;BTP / Mécanique
PRALEX AUTOMOBILES (PRALEX AUTOMOBILES);83966989200011;839669892;335 RUE GEORGES BONNAC 33000 BORDEAUX;33000;BORDEAUX;+33 5 57 19 09 29;45.11Z;concession;Bordeaux;BTP / Mécanique
SOUFIANE BRIOUEG;82209773900038;822097739;BATIMENT AA APT AA102 1 RUE DES LISIERES 33530 BASSENS;33530;BASSENS;+33 5 01 27 31 92;45.11Z;concession;Bordeaux;BTP / Mécanique
MOHAMED BOUMEDINE (BOUMEDINE MOHAMED AUTO SUD OUEST);82262980400011;822629804;RES LA BENAUGE APPT 39 25 RUE RAYMOND POINCARE 33100 BORDEAUX;33100;BORDEAUX;+33 4 75 96 88 89;45.11Z;concession;Bordeaux;BTP / Mécanique
JESSY CHERMAIN (CJMA);82313089300063;823130893;25 B RUE HENRI DUNANT 33230 COUTRAS;33230;COUTRAS;+33 9 82 61 83 34;45.11Z;concession;Bordeaux;BTP / Mécanique
BIO AUTO (SELECT RECRUTEMENT);83252240300027;832522403;BUREAU 3 9 RUE DE CONDE 33000 BORDEAUX;33000;BORDEAUX;+33 7 52 56 44 35;45.11Z;concession;Bordeaux;BTP / Mécanique
PIERRICK GASTINEAU (DGZ AUTO);88935101100024;889351011;RESIDENCE PULLY 20 RUE DU DOCTEUR SCHWEITZER 33300 BORDEAUX;33300;BORDEAUX;+33 9 51 29 08 66;45.11Z;concession;Bordeaux;BTP / Mécanique
GARAGE ZURICH (GARAGE ZURICH);88450915900023;884509159;3 RUE PIERRE LATECOERE 33300 BORDEAUX;33300;BORDEAUX;+33 1 24 20 89 95;45.11Z;concession;Bordeaux;BTP / Mécanique
T.P.L (T.P.L);88496899100015;884968991;9 RUE DE CONDE 33000 BORDEAUX;33000;BORDEAUX;+33 3 23 20 63 88;45.11Z;concession;Bordeaux;BTP / Mécanique
MICHAEL BOLTON (EUREKA AUTOSPORTS);30890088500044;308900885;CENTRE D'AFFAIRES ET SERVICES PARTAGES ZI DE JALDAY 64500 SAINT-JEAN-DE-LUZ;64500;SAINT-JEAN-DE-LUZ;+33 5 90 95 13 88;45.11Z;concession;Bordeaux;BTP / Mécanique
AUTOPAU;37872405800045;378724058;75-77 75 AVENUE DU GENERAL LECLERC 33000 BORDEAUX;33000;BORDEAUX;+33 5 54 54 58 44;45.11Z;concession;Bordeaux;BTP / Mécanique
CONTINENTAL INVESTISSEMENT AUTOMOBILES (CONTINENTAL AUTOMOBILE RL AUTO);35304628700036;353046287;GLADY 47300 VILLENEUVE SUR LOT;47300;VILLENEUVE SUR LOT;+33 5 53 40 34 70;45.11Z;concession;Bordeaux;BTP / Mécanique
DANIEL DIAZ;34504839100055;345048391;34 ROUTE DE SABLOT 33450 SAINT-SULPICE-ET-CAMEYRAC;33450;SAINT-SULPICE-ET-CAMEYRAC;+33 9 62 20 40 26;45.11Z;concession;Bordeaux;BTP / Mécanique
LUDOVIC JAMBU (RENOV CAR);34744209700056;347442097;2022 ROUTE DE VACQUIERS 31340 LA MAGDELAINE-SUR-TARN;31340;LA MAGDELAINE-SUR-TARN;+33 9 51 21 03 08;45.11Z;concession;Bordeaux;BTP / Mécanique
ROBERT GOUZIL;35198445500011;351984455;307 COURS DE LA SOMME 33800 BORDEAUX;33800;BORDEAUX;+33 5 56 94 10 47;45.11Z;concession;Bordeaux;BTP / Mécanique
SARL CALANDRE (CALANDRE);39367980800047;393679808;AVENUE VULCAIN 33260 LA TESTE-DE-BUCH;33260;LA TESTE-DE-BUCH;+33 4 72 25 73 50;45.11Z;concession;Bordeaux;BTP / Mécanique
GRADIGNAN SUD AUTOMOBILES;39416014700028;394160147;287 COURS DU GENERAL DE GAULLE 33170 GRADIGNAN;33170;GRADIGNAN;+33 5 56 89 25 04;45.11Z;concession;Bordeaux;BTP / Mécanique
LUC LEDOUX;44205864000016;442058640;61 COURS D'ALBRET 33000 BORDEAUX;33000;BORDEAUX;+33 3 27 84 14 27;45.11Z;concession;Bordeaux;BTP / Mécanique
DURANDET PATRICE;44276721600025;442767216;14 COURS DE L'INTENDANCE 33000 BORDEAUX;33000;BORDEAUX;+33 6 81 46 07 83;45.11Z;concession;Bordeaux;BTP / Mécanique
CHRISTOPHE MAURICE;43313487100055;433134871;8 RUE AMBROISE 33800 BORDEAUX;33800;BORDEAUX;+33 6 92 87 87 15;45.11Z;concession;Bordeaux;BTP / Mécanique
SILVA ROAD;44092376100033;440923761;37 RUE JACQUES PREVERT 33700 MERIGNAC;33700;MERIGNAC;+33 5 57 19 03 00;45.11Z;concession;Bordeaux;BTP / Mécanique
FLORENTINO GABAS (KEV AUTO);50361653400023;503616534;51 RUE HORTENSE 33100 BORDEAUX;33100;BORDEAUX;+33 5 56 40 01 22;45.11Z;concession;Bordeaux;BTP / Mécanique
C.I.T;50371073300026;503710733;39 RUE DES FAUVETTES 33560 SAINTE-EULALIE;33560;SAINTE-EULALIE;+33 5 96 50 04 41;45.11Z;concession;Bordeaux;BTP / Mécanique
ABDERRAHMANE AMARA (HBH AUTO);50526322800023;505263228;APP 1207 14 RUE DES FRERES PORTMANN 33300 BORDEAUX;33300;BORDEAUX;+33 6 14 22 09 06;45.11Z;concession;Bordeaux;BTP / Mécanique
GARAGE DE LA GARE;49167617700018;491676177;37 RUE CHARLES DOMERCQ 33800 BORDEAUX;33800;BORDEAUX;+33 5 56 92 56 05;45.11Z;concession;Bordeaux;BTP / Mécanique
KARIM NOUAL (AUTO 33);49208934700073;492089347;APPT 601 2 ALLEE CLOS DE MONTESQUIEU 33700 MERIGNAC;33700;MERIGNAC;+33 9 51 00 51 57;45.11Z;concession;Bordeaux;BTP / Mécanique
CAFE AUTO;82502211400011;825022114;IMMEUBLE INNOLAC 10 RUE DU PROF. GEORGES JEANNENEY 33300 BORDEAUX;33300;BORDEAUX;+33 5 56 49 51 73;45.11Z;concession;Bordeaux;BTP / Mécanique
WEB AUTO 37;82833323700018;828333237;IMMEUBLE P RUE ROBERT CAUMONT 33300 BORDEAUX;33300;BORDEAUX;+33 6 73 33 01 78;45.11Z;concession;Bordeaux;BTP / Mécanique
NEGOCE AUTO SAHA;53847673000022;538476730;463 AVENUE DU GENERAL DE GAULLE 33450 IZON;33450;IZON;+33 6 08 89 87 79;45.11Z;concession;Bordeaux;BTP / Mécanique
MOHAMMED BENMOUSSA;51342461400024;513424614;APT 12 15 RUE FEAUGAS 33100 BORDEAUX;33100;BORDEAUX;+33 3 87 54 31 22;45.11Z;concession;Bordeaux;BTP / Mécanique
NICOLAS QUINTANE (LUXURY CLEAN);51368317700028;513683177;8 PLACE FAUBOURGUET 33210 PREIGNAC;33210;PREIGNAC;+33 9 55 35 86 66;45.11Z;concession;Bordeaux;BTP / Mécanique
MOHAMED RAMDANE;53820363900025;538203639;5 RUE DE VINCENNES 33000 BORDEAUX;33000;BORDEAUX;+33 9 51 58 44 06;45.11Z;concession;Bordeaux;BTP / Mécanique
PIERRE BIDEAU;80826433700029;808264337;RES CARRIET 1 AVENUE CAMILLE JULLIAN 33310 LORMONT;33310;LORMONT;+33 9 75 21 11 24;45.11Z;concession;Bordeaux;BTP / Mécanique
CAR DESIGN;81217355700016;812173557;146 RUE DE BEGLES 33800 BORDEAUX;33800;BORDEAUX;+33 5 49 43 40 28;45.11Z;concession;Bordeaux;BTP / Mécanique
JH MOTORS;83425891500034;834258915;3 RUE DU GOLF 33700 MERIGNAC;33700;MERIGNAC;+33 6 52 27 98 19;45.11Z;concession;Bordeaux;BTP / Mécanique
RAYMOND ROMERO;81346497100023;813464971;43 CITE BISTUER 43 RUE FERDINAND BISTUER 33270 FLOIRAC;33270;FLOIRAC;+33 5 61 60 28 21;45.11Z;concession;Bordeaux;BTP / Mécanique
ROUCH AUTO;82329444200020;823294442;BUREAU 3 9 RUE DE CONDE 33000 BORDEAUX;33000;BORDEAUX;+33 7 71 72 74 37;45.11Z;concession;Bordeaux;BTP / Mécanique
ELWING TECH;81975798000027;819757980;DARWIN BASTIDE 87 QUAI DES QUEYRIES 33100 BORDEAUX;33100;BORDEAUX;+33 2 31 07 81 60;45.11Z;concession;Bordeaux;BTP / Mécanique
LOME COLLECTION;89964737400037;899647374;416 RUE DAUPHINE 33127 SAINT-JEAN-D'ILLAC;33127;SAINT-JEAN-D'ILLAC;+33 6 10 42 11 53;45.11Z;concession;Bordeaux;BTP / Mécanique
BENJAMIN DEGRAVE (FRENCH STEEL);84887943300037;848879433;9 RUE DE CONDE 33000 BORDEAUX;33000;BORDEAUX;+33 9 53 49 26 12;45.11Z;concession;Bordeaux;BTP / Mécanique
T.D.A;84527474500015;845274745;16 RUE MARGAUX 33000 BORDEAUX;33000;BORDEAUX;+33 6 84 47 40 23;45.11Z;concession;Bordeaux;BTP / Mécanique
MAHDI DHAHBAOUI;92050646600019;920506466;APT 51 23 RUE EDOUARD BRANLY 33100 BORDEAUX;33100;BORDEAUX;+33 6 17 55 39 71;45.11Z;concession;Bordeaux;BTP / Mécanique
MOHAMED BENNIS (BENNIS) (SYS'AUTO);94919776800011;949197768;APPT 614 48 RUE GABRIEL FRIZEAU 33300 BORDEAUX;33300;BORDEAUX;+33 9 56 70 85 53;45.11Z;concession;Bordeaux;BTP / Mécanique
ANTONIO HERNANDEZ (AH AUTO);94966863600010;949668636;BAT A  PORTE 17 21 RUE BLANQUI 33300 BORDEAUX;33300;BORDEAUX;+33 5 59 24 58 43;45.11Z;concession;Bordeaux;BTP / Mécanique
PAGET PAGET (PAGET) (CARS AUTOS);94256545800018;942565458;63 RUE DE LA BENAUGE 33100 BORDEAUX;33100;BORDEAUX;+33 5 24 60 30 07;45.11Z;concession;Bordeaux;BTP / Mécanique
AUTO KLASSE;93181126900014;931811269;9 RUE DE CONDE 33000 BORDEAUX;33000;BORDEAUX;+33 7 56 10 87 27;45.11Z;concession;Bordeaux;BTP / Mécanique
ATLAS AUTO 33 (ATLAS AUTO 33);94860877300016;948608773;145 RUE DE RIVIERE 33000 BORDEAUX;33000;BORDEAUX;+33 6 05 88 98 25;45.11Z;concession;Bordeaux;BTP / Mécanique
NOFUTOK;91450351100034;914503511;9 RUE DIAMANT 33185 LE HAILLAN;33185;LE HAILLAN;+33 5 56 05 66 83;45.11Z;concession;Bordeaux;BTP / Mécanique
CARLOC (MNZ);91782165400014;917821654;23 RUE EDOUARD BRANLY 33100 BORDEAUX;33100;BORDEAUX;+33 4 93 65 87 87;45.11Z;concession;Bordeaux;BTP / Mécanique
MOHAMED BEKHTAOUI (TUNING AUTO 33);93876667200027;938766672;BUREAU 3 9 RUE DE CONDE 33000 BORDEAUX;33000;BORDEAUX;+33 9 51 58 44 06;45.11Z;concession;Bordeaux;BTP / Mécanique
ARTUR KHANAMIRYAN;95275137800011;952751378;RESIDENCE VALPARAISO 11 CITE TIREPOIS 33300 BORDEAUX;33300;BORDEAUX;+33 9 52 47 29 11;45.11Z;concession;Bordeaux;BTP / Mécanique
BORDEAUX AUTO GESTION;97785183100015;977851831;12 RUE POYENNE 33300 BORDEAUX;33300;BORDEAUX;+33 5 56 36 98 19;45.11Z;concession;Bordeaux;BTP / Mécanique
YASSINE RAFII;97960678700013;979606787;BAT C 25 RUE POURMANN 33300 BORDEAUX;33300;BORDEAUX;+33 9 53 97 88 28;45.11Z;concession;Bordeaux;BTP / Mécanique
LIONCELLEAUTO;98120008200015;981200082;BUREAU 3 9 RUE DE CONDE 33000 BORDEAUX;33000;BORDEAUX;+33 6 05 88 98 25;45.11Z;concession;Bordeaux;BTP / Mécanique
V-LOC BORDEAUX;98138229400024;981382294;BUREAU 3 9 RUE DE CONDE 33000 BORDEAUX;33000;BORDEAUX;+33 5 57 14 90 09;45.11Z;concession;Bordeaux;BTP / Mécanique
FOUAD EL OIRDINI;98186760900019;981867609;51 PASSAGE HERMITTE 33000 BORDEAUX;33000;BORDEAUX;+33 9 51 58 44 06;45.11Z;concession;Bordeaux;BTP / Mécanique
LUMIO;98333205700014;983332057;190 RUE NAUJAC 33000 BORDEAUX;33000;BORDEAUX;+33 4 95 60 89 00;45.11Z;concession;Bordeaux;BTP / Mécanique
ABDELGHAFAR ALHANDAIRI (ALHANDAIRI);98372146500018;983721465;BAT B APP13 110 RUE PASTEUR 33200 BORDEAUX;33200;BORDEAUX;+33 9 83 75 96 33;45.11Z;concession;Bordeaux;BTP / Mécanique
BORD'OTO;98821938200013;988219382;29 RUE DE LA DEVISE 33000 BORDEAUX;33000;BORDEAUX;+33 5 25 53 06 81;45.11Z;concession;Bordeaux;BTP / Mécanique
NEOVIA;99018872400019;990188724;BUREAU 3 9 RUE DE CONDE 33000 BORDEAUX;33000;BORDEAUX;+33 2 40 92 12 22;45.11Z;concession;Bordeaux;BTP / Mécanique
NAVIGCAR;99121044400022;991210444;16 RUE DU 8 MAI 1945 33150 CENON;33150;CENON;+33 6 63 94 14 44;45.11Z;concession;Bordeaux;BTP / Mécanique
SHERAZADE BOUKLI-HACENE (KEY PROG AUTO);99281656100011;992816561;HELLODOM 16 PLACE DES QUINCONCES 33000 BORDEAUX;33000;BORDEAUX;+33 9 72 65 32 80;45.11Z;concession;Bordeaux;BTP / Mécanique
S&M AUTO;99356851800019;993568518;5 RUE FENELON 33000 BORDEAUX;33000;BORDEAUX;+33 6 65 78 10 53;45.11Z;concession;Bordeaux;BTP / Mécanique
ABDELLAOUI YASSINE;99365658600019;993656586;BUREAU 3 9 RUE DE CONDE 33000 BORDEAUX;33000;BORDEAUX;+33 7 13 31 61 16;45.11Z;concession;Bordeaux;BTP / Mécanique
ABDELLAH AHMIA (AUTO DEPANNAGE MECANIQUE);99406121600010;994061216;146 RUE DE BEGLES 33800 BORDEAUX;33800;BORDEAUX;+33 7 73 78 31 16;45.11Z;concession;Bordeaux;BTP / Mécanique
CHARGE;99510252200019;995102522;3 RUE JULES STEEG 33800 BORDEAUX;33800;BORDEAUX;+33 2 47 57 04 01;45.11Z;concession;Bordeaux;BTP / Mécanique
ANTOINE HIVERT;99941994800016;999419948;9 RUE DE CONDE 33000 BORDEAUX;33000;BORDEAUX;+33 9 61 24 63 09;45.11Z;concession;Bordeaux;BTP / Mécanique
JENNIFER MICHAUD (33 MOBILITY);91182008200020;911820082;2 CHEMIN DE L'ANGLAIS 24230 LAMOTHE-MONTRAVEL;24230;LAMOTHE-MONTRAVEL;+33 5 49 34 53 62;45.11Z;concession;Bordeaux;BTP / Mécanique
ABD NAIM EL ATTAR (AUTO BOULAC);84788854200036;847888542;5 RUE FENELON 33000 BORDEAUX;33000;BORDEAUX;+33 6 99 59 36 12;45.11Z;concession;Bordeaux;BTP / Mécanique
AUTO IMPORT 33;48455334200029;484553342;12 RUE CONDORCET 33150 CENON;33150;CENON;+33 6 65 14 18 74;45.11Z;concession;Bordeaux;BTP / Mécanique
TAHAR DJA DAOUADJI;49375963300032;493759633;33100 BORDEAUX BASTIDE 55 RUE HORTENSE 33100 BORDEAUX;33100;BORDEAUX;+33 9 96 92 81 21;45.11Z;concession;Bordeaux;BTP / Mécanique
STEPHANE GEORGEL (JOTL SERVICES);48319644000075;483196440;9 RUE EDOUARD HERRIOT 33440 AMBARES-ET-LAGRAVE;33440;AMBARES-ET-LAGRAVE;+33 5 56 06 52 18;45.11Z;concession;Bordeaux;BTP / Mécanique
PHILIPPE MARGUERITTE (USEDCARS EPAVISTE GRATUIT BORDEAUX-METROPOLE);48373092500029;483730925;322 AVENUE D'UCHAMP 33450 IZON;33450;IZON;+33 2 33 45 95 86;45.11Z;concession;Bordeaux;BTP / Mécanique
SCR MC2;10174369800017;101743698;5 RUE FENELON 33000 BORDEAUX;33000;BORDEAUX;+33 5 56 39 26 00;45.11Z;concession;Bordeaux;BTP / Mécanique
ALTER V.O.;51086732800013;510867328;14 RUE GAY-LUSSAC 33100 BORDEAUX;33100;BORDEAUX;+33 6 03 35 02 27;45.11Z;concession;Bordeaux;BTP / Mécanique
KING AUTO;50342955700013;503429557;5 RUE JEAN DUPAS 33100 BORDEAUX;33100;BORDEAUX;+33 6 65 78 10 53;45.11Z;concession;Bordeaux;BTP / Mécanique
FRANCOIS CHASTRES;79738908700017;797389087;8 RUE DU TEMPLE 33000 BORDEAUX;33000;BORDEAUX;+33 9 51 19 45 42;45.11Z;concession;Bordeaux;BTP / Mécanique
AUTO DRIVE IMPORT (AUTO DRIVE IMPORT);78964628800017;789646288;42 RUE DE TAUZIA 33800 BORDEAUX;33800;BORDEAUX;+33 5 57 95 68 43;45.11Z;concession;Bordeaux;BTP / Mécanique
MARIE DOS SANTOS;38951567700018;389515677;53 RUE CROIX DE SEGUEY 33000 BORDEAUX;33000;BORDEAUX;+33 6 04 50 14 52;45.11Z;concession;Bordeaux;BTP / Mécanique
EDENAUTO PREMIUM BORDEAUX (EDENAUTO);33233342600044;332333426;28 AVENUE DU PRESIDENT J.F. KENNEDY 33310 LORMONT;33310;LORMONT;+33 5 57 35 03 03;45.11Z;concession;Bordeaux;BTP / Mécanique
GARAGE SAINT AMAND;33017716300038;330177163;10 RUE DE L'EGLISE 33200 BORDEAUX;33200;BORDEAUX;+33 5 57 22 08 08;45.11Z;concession;Bordeaux;BTP / Mécanique
FREDERIC MERCIER (FM LUXURY);42391839000059;423918390;2 ALLEE DU SILO 40530 LABENNE;40530;LABENNE;+33 2 47 58 70 14;45.11Z;concession;Bordeaux;BTP / Mécanique
AUTOMOBILES JM (AUTO JM / JM AUTO);42046495000054;420464950;ZAC DES TOURELLES 271 RUE DE LA BASINIERE 90120 MORVILLARS;90120;MORVILLARS;+33 6 69 44 20 91;45.11Z;concession;Bordeaux;BTP / Mécanique
ADM SARL (ADM AUTO PASSION);41820403800032;418204038;79 RUE DU PALAIS GALLIEN 33000 BORDEAUX;33000;BORDEAUX;+33 1 39 08 01 49;45.11Z;concession;Bordeaux;BTP / Mécanique
EL HASSANE BEN GELOUNE (MAGNATUDE);49135306600021;491353066;APPT B33 2 RUE DANIEL IFFLA-OSIRIS 33300 BORDEAUX;33300;BORDEAUX;+33 4 34 47 55 79;45.11Z;concession;Bordeaux;BTP / Mécanique
LAURENT GERMAIN;44996276000046;449962760;APPARTEMENT 21 PAESOLU 1 RTE DES CANNES 20128 GROSSETO-PRUGNA;20128;GROSSETO-PRUGNA;+33 3 23 56 29 42;45.11Z;concession;Bordeaux;BTP / Mécanique
SALIHA SLIMANE;79143691800019;791436918;41 RUE EUGENE LE ROY 33800 BORDEAUX;33800;BORDEAUX;+33 9 73 69 77 08;45.11Z;concession;Bordeaux;BTP / Mécanique
JOSEPH GIMENEZ;81261712400019;812617124;19 RUE PASCAL LAFARGUE 33300 BORDEAUX;33300;BORDEAUX;+33 4 67 43 65 44;45.11Z;concession;Bordeaux;BTP / Mécanique
COBALT AUTOMOBILES (COBALT AUTOMOBILES);81520736000034;815207360;63 AV MAL JUIN 64200 BIARRITZ;64200;BIARRITZ;+33 5 57 22 51 80;45.11Z;concession;Bordeaux;BTP / Mécanique
ANTOINE SANTIAGO (SAAUTO33);75167728700029;751677287;NUMERO 26 BAT A APT 14 RUE JEAN MOULIN 33370 ARTIGUES-PRES-BORDEAUX;33370;ARTIGUES-PRES-BORDEAUX;+33 4 88 29 22 19;45.11Z;concession;Bordeaux;BTP / Mécanique
MICHAEL COURREGES;52785253700010;527852537;APPT 232 28 RUE GRATELOUP 33800 BORDEAUX;33800;BORDEAUX;+33 5 56 94 77 80;45.11Z;concession;Bordeaux;BTP / Mécanique
JEAN-RAYMOND HEREDIA;75395065800017;753950658;61 RUE PASCAL LAFARGUE 33300 BORDEAUX;33300;BORDEAUX;+33 5 56 50 91 33;45.11Z;concession;Bordeaux;BTP / Mécanique
MAMADOU DIABY;53330021600017;533300216;RES ETOILE DES CHARTRONS A20 43 RUE COMMANDANT HAUTREUX 33300 BORDEAUX;33300;BORDEAUX;+33 2 55 09 09 51;45.11Z;concession;Bordeaux;BTP / Mécanique
RC MOTORS;52893701400041;528937014;143 RUE BOUTHIER 33100 BORDEAUX;33100;BORDEAUX;+33 5 56 40 00 60;45.11Z;concession;Bordeaux;BTP / Mécanique
IBRAHIMA CAMARA (ISC AUTO);51441673400044;514416734;26 AVENUE DU CLARET 33360 CARIGNAN-DE-BORDEAUX;33360;CARIGNAN-DE-BORDEAUX;+33 6 11 56 70 18;45.11Z;concession;Bordeaux;BTP / Mécanique
ANTOINE GIMENEZ;50117140900029;501171409;46 RUE PIERRE BAOUR 33300 BORDEAUX;33300;BORDEAUX;+33 9 63 66 93 50;45.11Z;concession;Bordeaux;BTP / Mécanique
JEAN SANTIAGO (S.J. AUTO);51791944500018;517919445;27 RUE ANNE FRANK 33300 BORDEAUX;33300;BORDEAUX;+33 4 94 53 68 23;45.11Z;concession;Bordeaux;BTP / Mécanique
LIBERTY DRIVE FRANCE;51987097600015;519870976;IMMEUBLE P - LES BUREAUX DU LAC II RUE ROBERT CAUMONT 33300 BORDEAUX;33300;BORDEAUX;+33 5 00 38 50 56;45.11Z;concession;Bordeaux;BTP / Mécanique
SARL CNP (CARAMERICAINE);51013541100054;510135411;34-43 34 RUE FRANCIS GARNIER 33300 BORDEAUX;33300;BORDEAUX;+33 1 43 22 23 81;45.11Z;concession;Bordeaux;BTP / Mécanique
ISSAM SIBLINI;80255249700017;802552497;B 20 230 AVENUE D'EYSINES 33000 BORDEAUX;33000;BORDEAUX;+33 6 14 18 33 34;45.11Z;concession;Bordeaux;BTP / Mécanique
CROSS AUTO;82752304400010;827523044;236 AVENUE THIERS 33100 BORDEAUX;33100;BORDEAUX;+33 7 69 98 44 42;45.11Z;concession;Bordeaux;BTP / Mécanique
MOHAMED MABROUK;82798614200020;827986142;12 IMPASSE ROGER SALENGRO 33700 MERIGNAC;33700;MERIGNAC;+33 1 71 97 36 84;45.11Z;concession;Bordeaux;BTP / Mécanique
REMY CABELLO (CR33AUTO);82136262100012;821362621;8 RUE ROSALIE 33800 BORDEAUX;33800;BORDEAUX;+33 5 56 94 77 80;45.11Z;concession;Bordeaux;BTP / Mécanique
CD MOTORS;89540959700013;895409597;CS 11030 5 RUE DE CONDE 33000 BORDEAUX;33000;BORDEAUX;+33 6 37 23 48 53;45.11Z;concession;Bordeaux;BTP / Mécanique
MODOU GUEYE (BMG AUTO);90461518400036;904615184;5 RUE DES CRESSONNIERES 16000 ANGOULEME;16000;ANGOULEME;+33 9 63 07 35 30;45.11Z;concession;Bordeaux;BTP / Mécanique
LAKARE AUTOMOBILES (LAKARE AUTOMOBILES) (LKR);90780450400021;907804504;1160 ROUTE DU CALOY 40090 SAINT-PERDON;40090;SAINT-PERDON;+33 5 33 05 40 28;45.11Z;concession;Bordeaux;BTP / Mécanique
LL MOTORS (LL MOTORS);90172545700013;901725457;APT 47 10 RUE BARRAU 33000 BORDEAUX;33000;BORDEAUX;+33 5 56 40 00 60;45.11Z;concession;Bordeaux;BTP / Mécanique
WHEELS;91381813400029;913818134;118 AVENUE VICTOR HUGO 33110 LE BOUSCAT;33110;LE BOUSCAT;+33 4 94 08 34 44;45.11Z;concession;Bordeaux;BTP / Mécanique
REDHA ZEDIRA (AUTO STAR);90270445100019;902704451;RES SAINTE CROIX - APT 13 3 RUE CARBONNEAU 33800 BORDEAUX;33800;BORDEAUX;+33 9 73 26 02 79;45.11Z;concession;Bordeaux;BTP / Mécanique
GRIGOR PETROSYAN (FP AUTO);90375413300028;903754133;24 COURS VICTOR HUGO 33000 BORDEAUX;33000;BORDEAUX;+33 9 67 35 95 70;45.11Z;concession;Bordeaux;BTP / Mécanique
LOIRE OCCASIONS;91060291100018;910602911;9 SQUARE JEAN BUREAU 33000 BORDEAUX;33000;BORDEAUX;+33 2 41 46 65 63;45.11Z;concession;Bordeaux;BTP / Mécanique
E-CARS;92012124100029;920121241;5 RUE FENELON 33000 BORDEAUX;33000;BORDEAUX;+33 5 56 74 98 76;45.11Z;concession;Bordeaux;BTP / Mécanique
MOOVLY (MOOVLY);87801316800025;878013168;9 AVENUE DE BERLINCAN 33160 SAINT-MEDARD-EN-JALLES;33160;SAINT-MEDARD-EN-JALLES;+33 7 68 48 37 97;45.11Z;concession;Bordeaux;BTP / Mécanique
PATRICK VLOEBERGHS;51141850100017;511418501;321 AVENUE D'ARES 33000 BORDEAUX;33000;BORDEAUX;+33 8 46 18 17 85;45.11Z;concession;Bordeaux;BTP / Mécanique
FAV SERVICES;93024129400014;930241294;281 RUE PASTEUR 33200 BORDEAUX;33200;BORDEAUX;+33 9 75 57 93 09;45.11Z;concession;Bordeaux;BTP / Mécanique
AUTO 33 (AUTO 33);93196282300015;931962823;35 RUE DES MENUTS 33000 BORDEAUX;33000;BORDEAUX;+33 6 05 88 98 25;45.11Z;concession;Bordeaux;BTP / Mécanique
QUEEN CARS;94412572300014;944125723;16 PLACE DES QUINCONCES 33000 BORDEAUX;33000;BORDEAUX;+33 5 56 75 50 41;45.11Z;concession;Bordeaux;BTP / Mécanique
BILAL BADI (DISTRISNACKING AQUITAINE);94184667700016;941846677;7 ALLEE DE CHARTRES 33000 BORDEAUX;33000;BORDEAUX;+33 9 55 14 29 82;45.11Z;concession;Bordeaux;BTP / Mécanique
MOBILITY;93266198600012;932661986;16 PLACE DES QUINCONCES 33000 BORDEAUX;33000;BORDEAUX;+33 9 70 19 59 59;45.11Z;concession;Bordeaux;BTP / Mécanique
BORDEAUX VINTAGE CARS;83997658600041;839976586;8 RUE DE LA GRAVETTE 33320 EYSINES;33320;EYSINES;+33 7 60 41 77 67;45.11Z;concession;Bordeaux;BTP / Mécanique
FOUZI ALIOUANE (AUTO NEGOCE PRO);84174273700023;841742737;5 RUE DU CAP DE HAUT 33320 EYSINES;33320;EYSINES;+33 5 56 57 60 89;45.11Z;concession;Bordeaux;BTP / Mécanique
JOLAN ROPTON;83171358100047;831713581;7 ALLEE DE CHARTRES 33000 BORDEAUX;33000;BORDEAUX;+33 8 26 86 08 56;45.11Z;concession;Bordeaux;BTP / Mécanique
FELTZER (FELTZER AUTOMOTIVES);84849594100025;848495941;28 RUE SAINT ANTOINE 28410 BU;28410;BU;+33 6 84 96 15 86;45.11Z;concession;Bordeaux;BTP / Mécanique
AFFAIRE AUTO 33;82034259000024;820342590;8 CHEMIN LESCAN 33150 CENON;33150;CENON;+33 5 56 67 85 13;45.11Z;concession;Bordeaux;BTP / Mécanique
AB AUTO;82343758700012;823437587;N 16 44 ALLEE HAUSSMANN 33300 BORDEAUX;33300;BORDEAUX;+33 6 41 05 44 18;45.11Z;concession;Bordeaux;BTP / Mécanique
SEREN' AUTO;85020783800010;850207838;BUREAUX DU LAC 2 RUE ROBERT CAUMONT 33300 BORDEAUX;33300;BORDEAUX;+33 5 56 57 41 99;45.11Z;concession;Bordeaux;BTP / Mécanique
ALEXI BALDASSARI (MVB AUTOMOBILE);84389324900022;843893249;997 AVENUE DE LA PLAGE 40600 BISCARROSSE;40600;BISCARROSSE;+33 5 57 67 91 69;45.11Z;concession;Bordeaux;BTP / Mécanique
TS AUTO (TS AUTO);82466559000025;824665590;22 RUE MARCEL 33800 BORDEAUX;33800;BORDEAUX;+33 7 83 07 79 79;45.11Z;concession;Bordeaux;BTP / Mécanique
BORDEAUX PRO AUTOMOBILES (B2B PRO AUTO);88762527500029;887625275;33 RUE CHARLES GOUNOD 33400 TALENCE;33400;TALENCE;+33 5 57 10 00 00;45.11Z;concession;Bordeaux;BTP / Mécanique
"CSP+ (CLASSIC/SPORT/PREMIUM + ; CONSEIL / SERVICES / PROMOTION +)";88776201100021;887762011;379 AVENUE D'EYSINES 33110 LE BOUSCAT;33110;LE BOUSCAT;+33 5 58 08 96 27;45.11Z;concession;Bordeaux;BTP / Mécanique
LAKHDAR LAKHAL (ADAM AUTO);87996821200024;879968212;RES ORU SAINT JEAN - APT 33 4 RUE DES ANCIENS COMBATTANTS D'AFRIQUE 33800 BORDEAUX;33800;BORDEAUX;+33 1 16 30 66 79;45.11Z;concession;Bordeaux;BTP / Mécanique
NOEL DEMETER (DN.AUTOPRO);89043727000014;890437270;187 AVENUE DU DOCTEUR SCHINAZI 33300 BORDEAUX;33300;BORDEAUX;+33 9 67 05 98 76;45.11Z;concession;Bordeaux;BTP / Mécanique
SALLAH ALI-BAKIR (SALLAH AUTO33);89165541700022;891655417;APT 49 - BAT C5 - CITE LABARDE 5 RUE DU PROFESSEUR DENIGES 33300 BORDEAUX;33300;BORDEAUX;+33 9 50 48 57 62;45.11Z;concession;Bordeaux;BTP / Mécanique
LOIC BARRES (DIAG-REPROG-AUTO);95160874400011;951608744;9 RUE DE CONDE 33000 BORDEAUX;33000;BORDEAUX;+33 3 44 41 30 28;45.11Z;concession;Bordeaux;BTP / Mécanique
VEHICULEXPERT;97753072400029;977530724;LOCAL 9 14 CHEMIN DE LA POUDRIERE 33700 MERIGNAC;33700;MERIGNAC;+33 7 49 18 19 48;45.11Z;concession;Bordeaux;BTP / Mécanique
HARUTYUN BADALYAN;97847427800014;978474278;29 RUE EDOUARD MAYAUDON 33100 BORDEAUX;33100;BORDEAUX;+33 9 52 98 53 94;45.11Z;concession;Bordeaux;BTP / Mécanique
AUTONOVA;93983467700014;939834677;BUREAU 3 9 RUE DE CONDE 33000 BORDEAUX;33000;BORDEAUX;+33 6 16 23 53 95;45.11Z;concession;Bordeaux;BTP / Mécanique
AUTOBAN GROUP;94518462000017;945184620;46 RUE BAUDUCHEU 33800 BORDEAUX;33800;BORDEAUX;+33 5 56 49 41 83;45.11Z;concession;Bordeaux;BTP / Mécanique
CORAMES AUTOMOBILES;94520454300017;945204543;5 RUE FENELON 33000 BORDEAUX;33000;BORDEAUX;+33 5 57 19 09 29;45.11Z;concession;Bordeaux;BTP / Mécanique
LOCOAUTO;92843710200017;928437102;16 PLACE DES QUINCONCES 33000 BORDEAUX;33000;BORDEAUX;+33 7 68 85 23 51;45.11Z;concession;Bordeaux;BTP / Mécanique
JEAN LAGUNE (LAGUNE AUTO);98144274200012;981442742;16 PLACE DES QUINCONCES 33000 BORDEAUX;33000;BORDEAUX;+33 5 56 41 36 11;45.11Z;concession;Bordeaux;BTP / Mécanique
ARTHUR DROUNAU (ADN'CO);97956875500016;979568755;18 B COURS JOURNU AUBER 33300 BORDEAUX;33300;BORDEAUX;+33 5 57 88 43 11;45.11Z;concession;Bordeaux;BTP / Mécanique
ASR ATLANTIQUE (FAST LEASE ATLANTIQUE);94902199200027;949021992;BATIMENT B3 ZONE DE MERIGNAC PHARE EXTENSION -IMMEUBLE HELIOPOLIS 130 AVENUE DE MAGUDAS 33700 MERIGNAC;33700;MERIGNAC;+33 9 81 60 52 87;45.11Z;concession;Bordeaux;BTP / Mécanique
AUTO CONTACT BOUSCATAIS;94923753100023;949237531;9 PLACE MICHEL MONTAIGNE 33110 LE BOUSCAT;33110;LE BOUSCAT;+33 5 57 82 48 97;45.11Z;concession;Bordeaux;BTP / Mécanique
KM-MOTORS;98754232100029;987542321;BUREAU 3 9 RUE DE CONDE 33000 BORDEAUX;33000;BORDEAUX;+33 5 56 40 00 60;45.11Z;concession;Bordeaux;BTP / Mécanique
DANIEL MARTINS MARQUES;98793061700012;987930617;5 RUE FENELON 33000 BORDEAUX;33000;BORDEAUX;+33 5 80 39 74 25;45.11Z;concession;Bordeaux;BTP / Mécanique
AUTO 351;99117695900013;991176959;9 RUE DE CONDE 33000 BORDEAUX;33000;BORDEAUX;+33 6 73 33 01 78;45.11Z;concession;Bordeaux;BTP / Mécanique
PABLO SUAREZ (VENTE);99246961900017;992469619;67 RUE TURENNE 33000 BORDEAUX;33000;BORDEAUX;+33 9 51 87 02 24;45.11Z;concession;Bordeaux;BTP / Mécanique
AZ AUTOMOBILE;99416582700027;994165827;9 RUE DE CONDE 33000 BORDEAUX;33000;BORDEAUX;+33 5 33 05 40 28;45.11Z;concession;Bordeaux;BTP / Mécanique
SERENITY CARS;90161564100023;901615641;BUREAU 3 9 RUE DE CONDE 33000 BORDEAUX;33000;BORDEAUX;+33 1 73 06 07 65;45.11Z;concession;Bordeaux;BTP / Mécanique
GARAGE AUTO;10236971700016;102369717;5 RUE FENELON 33000 BORDEAUX;33000;BORDEAUX;+33 5 54 68 00 00;45.11Z;concession;Bordeaux;BTP / Mécanique
P . C . H AUTOS IMPORT / EXPORT (P . C . H AUTOS IMPORT / EXPORT);98839958000014;988399580;5 RUE FENELON 33000 BORDEAUX;33000;BORDEAUX;+33 2 79 05 00 22;45.11Z;concession;Bordeaux;BTP / Mécanique
LEADER FRANCE CARS (LEADER FRANCE CARS);98110140500026;981101405;15 RUE FRANCIS GARNIER 33300 BORDEAUX;33300;BORDEAUX;+33 5 56 74 98 76;45.11Z;concession;Bordeaux;BTP / Mécanique
GARAGE LORRAIN S A;46820114000018;468201140;252 RUE DE BEGLES 33800 BORDEAUX;33800;BORDEAUX;+33 3 83 81 02 58;45.11Z;concession;Bordeaux;BTP / Mécanique
AQUITAINE LOCATION VEHICULES;47918511800045;479185118;26 AVENUE GUSTAVE EIFFEL 33700 MERIGNAC;33700;MERIGNAC;+33 5 57 84 77 10;45.11Z;concession;Bordeaux;BTP / Mécanique
ACTION VO;39952533600059;399525336;2 ALLEE DE CHAGNEAU 33460 ARSAC;33460;ARSAC;+33 9 61 66 02 94;45.11Z;concession;Bordeaux;BTP / Mécanique
ACTION AUTOMOBILES;39962421200045;399624212;6 AVENUE NEIL ARMSTRONG 33700 MERIGNAC;33700;MERIGNAC;+33 6 69 44 20 91;45.11Z;concession;Bordeaux;BTP / Mécanique
GOODCARS;52034452400027;520344524;42 RUE DE TAUZIA 33800 BORDEAUX;33800;BORDEAUX;+33 5 56 31 33 82;45.11Z;concession;Bordeaux;BTP / Mécanique
AUTO SPORT EXCLUSIVES;52960308600016;529603086;35 RUE BOURBON 33300 BORDEAUX;33300;BORDEAUX;+33 6 11 91 62 86;45.11Z;concession;Bordeaux;BTP / Mécanique
AUTOS AMRANI;82052692900022;820526929;76 AVENUE DE MAGUDAS 33185 LE HAILLAN;33185;LE HAILLAN;+33 5 56 28 05 30;45.11Z;concession;Bordeaux;BTP / Mécanique
H & C AUTO (MY CAR ONLINE);80802508400019;808025084;12 COURS DE QUEBEC 33300 BORDEAUX;33300;BORDEAUX;+33 6 65 78 10 53;45.11Z;concession;Bordeaux;BTP / Mécanique
VCS (VINTAGE CARS);87896635700013;878966357;5 ALLEE DE TOURNY 33000 BORDEAUX;33000;BORDEAUX;+33 4 78 85 54 44;45.11Z;concession;Bordeaux;BTP / Mécanique
AUTOMOBILE DOS REIS ET ROQUES (AD 2R);52214447600028;522144476;65 ROUTE DU BORD DE L'EAU 33270 BOULIAC;33270;BOULIAC;+33 3 00 40 34 42;45.11Z;concession;Bordeaux;BTP / Mécanique
BR AUTO;88297565900013;882975659;153 RUE FRANCOIS ROGANEAU 33300 BORDEAUX;33300;BORDEAUX;+33 6 41 05 44 18;45.11Z;concession;Bordeaux;BTP / Mécanique
RM AUTO;90422432600010;904224326;BUREAU 3 9 RUE DE CONDE 33000 BORDEAUX;33000;BORDEAUX;+33 5 57 95 34 85;45.11Z;concession;Bordeaux;BTP / Mécanique
K PRESTIGE AUTO;92031723700021;920317237;5 RUE FENELON 33000 BORDEAUX;33000;BORDEAUX;+33 6 05 88 98 25;45.11Z;concession;Bordeaux;BTP / Mécanique
MOULY AUTO;90091237900014;900912379;15 RUE FRANCIS GARNIER 33300 BORDEAUX;33300;BORDEAUX;+33 5 56 36 98 19;45.11Z;concession;Bordeaux;BTP / Mécanique
SASU AUTO;94901669500015;949016695;1 RUE JACQUES CAMILLE PARIS 33300 BORDEAUX;33300;BORDEAUX;+33 6 41 05 44 18;45.11Z;concession;Bordeaux;BTP / Mécanique
AUTONET;51077866500016;510778665;55 RUE DU JARDIN PUBLIC 33000 BORDEAUX;33000;BORDEAUX;+33 4 74 68 38 41;45.11Z;concession;Bordeaux;BTP / Mécanique
PROXI AUTO (PROXI AUTO);39949216400070;399492164;26 AVENUE GUSTAVE EIFFEL 33700 MERIGNAC;33700;MERIGNAC;+33 6 95 17 41 33;45.11Z;concession;Bordeaux;BTP / Mécanique
D L A;39954585400032;399545854;8 RUE D'AURIOS 33150 CENON;33150;CENON;+33 6 73 49 85 73;45.11Z;concession;Bordeaux;BTP / Mécanique
BERNARD GOBERT;33868328700019;338683287;68 RUE MALBEC 33800 BORDEAUX;33800;BORDEAUX;+33 3 27 62 51 55;45.11Z;concession;Bordeaux;BTP / Mécanique
EURO CARS SARL;41923194900043;419231949;3 RUE DU MINESOTTA 33720 PODENSAC;33720;PODENSAC;+33 5 61 69 55 64;45.11Z;concession;Bordeaux;BTP / Mécanique
SARL D'HULSTER;44289333500012;442893335;66 RUE JEAN RENAUD DANDICOLLE 33000 BORDEAUX;33000;BORDEAUX;+33 9 84 05 88 41;45.11Z;concession;Bordeaux;BTP / Mécanique
AUTO ACCES;49853551700011;498535517;42 RUE DE TAUZIA 33800 BORDEAUX;33800;BORDEAUX;+33 5 56 49 41 83;45.11Z;concession;Bordeaux;BTP / Mécanique
BRONCHAL AUTOMOBILE;51916539300017;519165393;137 COURS DU MARECHAL GALLIENI 33000 BORDEAUX;33000;BORDEAUX;+33 5 67 80 57 63;45.11Z;concession;Bordeaux;BTP / Mécanique
EXCEL CAR;92145782600011;921457826;223 AVENUE EMILE COUNORD 33300 BORDEAUX;33300;BORDEAUX;+33 1 34 02 37 36;45.11Z;concession;Bordeaux;BTP / Mécanique
INOV;89037459800021;890374598;9 RUE DE CONDE 33000 BORDEAUX;33000;BORDEAUX;+33 6 01 77 06 68;45.11Z;concession;Bordeaux;BTP / Mécanique
AMR MOTORS;97889458200011;978894582;BUREAU 3 9 RUE DE CONDE 33000 BORDEAUX;33000;BORDEAUX;+33 5 56 40 00 60;45.11Z;concession;Bordeaux;BTP / Mécanique
G.T.A AUTOMOBILES (GTA AUTOMOBILE) (G.T.A);89156167200033;891561672;2 RUE DU RECTEUR THAMIN 33100 BORDEAUX;33100;BORDEAUX;+33 5 33 05 40 28;45.11Z;concession;Bordeaux;BTP / Mécanique
ESPACE SANS PERMIS 69;80478309000017;804783090;102 RUE MONTESQUIEU 69007 LYON;69007;LYON;+33 4 78 96 84 85;45.11Z;concession;Lyon;BTP / Mécanique
FMC BYMYCAR GRENOBLE (BY MY CAR);95550766000053;955507660;61 BOULEVARD PAUL LANGEVIN 38600 FONTAINE;38600;FONTAINE;+33 1 23 45 67 89;45.11Z;concession;Lyon;BTP / Mécanique
JT LYON;81067687400060;810676874;1 RUE DES BROUSSES 69380 CHAZAY-D'AZERGUES;69380;CHAZAY-D'AZERGUES;+33 6 51 70 02 98;45.11Z;concession;Lyon;BTP / Mécanique
ADONIS SARL;41523870800036;415238708;4 ROUTE DE LYON 69530 BRIGNAIS;69530;BRIGNAIS;+33 1 23 45 67 89;45.11Z;concession;Lyon;BTP / Mécanique
MOHAMED KADDOUR;41948893700014;419488937;1 A RUE JANGOT 69007 LYON 7EME;69007;LYON 7EME;+33 1 23 45 67 89;45.11Z;concession;Lyon;BTP / Mécanique
LUXURY'S AGENCY LOCATION;79367111600028;793671116;ZI LES PLATIERES 150 RUE DU PETIT BOIS 69440 MORNANT;69440;MORNANT;+33 1 23 45 67 89;45.11Z;concession;Lyon;BTP / Mécanique
MONDOCAR;80007423900032;800074239;1 AVENUE JEAN JAURES 69190 SAINT-FONS;69190;SAINT-FONS;+33 4 72 30 55 03;45.11Z;concession;Lyon;BTP / Mécanique
AB2J (AB2J AUTO);83309065700010;833090657;4 PLACE GABRIEL PERI 69007 LYON;69007;LYON;+33 1 23 45 67 89;45.11Z;concession;Lyon;BTP / Mécanique
ANDRE BERTRAND;33422059700036;334220597;CHEZ STE PARTN ACE 302 RUE GARIBALDI 69007 LYON;69007;LYON;+33 1 23 45 67 89;45.11Z;concession;Lyon;BTP / Mécanique
S.G.3;32893294200035;328932942;31 CHEMIN DES BRUYERES 01360 BELIGNEUX;01360;BELIGNEUX;+33 1 23 45 67 89;45.11Z;concession;Lyon;BTP / Mécanique
L AUTOMOBILE;32916586400029;329165864;6 AVENUE LECLERC 69007 LYON;69007;LYON;+33 6 12 30 11 59;45.11Z;concession;Lyon;BTP / Mécanique
M.S.A;79746809700010;797468097;320 AVENUE BERTHELOT 69007 LYON;69007;LYON;+33 4 81 10 96 93;45.11Z;concession;Lyon;BTP / Mécanique
ADRIAN-GHEORGHE JURCHITA;53791420200016;537914202;2 RUE BANCEL 69007 LYON;69007;LYON;+33 1 23 45 67 89;45.11Z;concession;Lyon;BTP / Mécanique
BCS AUTOMOBILE;81256483900015;812564839;63 RUE ANDRE BOLLIER 69007 LYON;69007;LYON;+33 6 12 30 11 59;45.11Z;concession;Lyon;BTP / Mécanique
MOHAMED AMAR (AM AUTOS);81326863800059;813268638;68 AVENUE JEAN JAURES 69007 LYON;69007;LYON;+33 1 23 45 67 89;45.11Z;concession;Lyon;BTP / Mécanique
GOOD DEAL AUTO (GDA);53156969700026;531569697;63 RUE ANDRE BOLLIER 69007 LYON;69007;LYON;+33 6 50 62 17 53;45.11Z;concession;Lyon;BTP / Mécanique
PARTNER AUTO SERVICES;85086834000017;850868340;50C 50 RUE ANDRE BOLLIER 69007 LYON;69007;LYON;+33 4 72 36 83 98;45.11Z;concession;Lyon;BTP / Mécanique
SOUSOUJOUD AUTOMOBILES (SOUSOUJOUD AUTOMOBILES);81982953200012;819829532;39 RUE LIEUTENANT COLONEL GIRARD 69007 LYON;69007;LYON;+33 6 11 78 41 39;45.11Z;concession;Lyon;BTP / Mécanique
KARIM ABED (ABEDAUTO);85139490800020;851394908;3 IMPASSE DES CARRIERES 25370 METABIEF;25370;METABIEF;+33 1 23 45 67 89;45.11Z;concession;Lyon;BTP / Mécanique
MOHAMED BELKHOUANE (AMINE SERVICES);93374030000019;933740300;34 RUE DE L'UNIVERSITE 69007 LYON;69007;LYON;+33 1 23 45 67 89;45.11Z;concession;Lyon;BTP / Mécanique
GARAGE DE L'ETOILE (GARAGE DE L'ETOILE);91763636700034;917636367;72 RUE DE GERLAND 69007 LYON;69007;LYON;+33 9 73 69 29 69;45.11Z;concession;Lyon;BTP / Mécanique
AURELIEN DEVAUX (DEV AUTOMOBILE);97991676400017;979916764;56 RUE PRE GAUDRY 69007 LYON;69007;LYON;+33 1 23 45 67 89;45.11Z;concession;Lyon;BTP / Mécanique
ERLINDA BAJRAMI (KELMINI) (ALB SERVICE);98954854000016;989548540;60 B AVENUE LECLERC 69007 LYON;69007;LYON;+33 1 23 45 67 89;45.11Z;concession;Lyon;BTP / Mécanique
AUTOS RHONE-ALPES;78972386300013;789723863;63 RUE ANDRE BOLLIER 69007 LYON;69007;LYON;+33 4 27 11 90 07;45.11Z;concession;Lyon;BTP / Mécanique
SAFFET AKBULUT;40317564900041;403175649;40 B RUE GUYNEMER 69500 BRON;69500;BRON;+33 4 78 41 49 35;45.11Z;concession;Lyon;BTP / Mécanique
GARAGE FOURNIER;37764990000026;377649900;20 RUE DU 23 AOUT 1944 69780 MIONS;69780;MIONS;+33 4 78 20 25 60;45.11Z;concession;Lyon;BTP / Mécanique
MARTIN AUTOMOBILES;79990146700016;799901467;28 RUE DES GIRONDINS 69007 LYON;69007;LYON;+33 6 12 30 11 59;45.11Z;concession;Lyon;BTP / Mécanique
TANOR MBAYE (ABM AUTO);79133491500026;791334915;48 RUE CHALLEMEL LACOUR 69007 LYON;69007;LYON;+33 1 23 45 67 89;45.11Z;concession;Lyon;BTP / Mécanique
PLANETE AUTOS (AUTOWELT);75015072400011;750150724;63 RUE ANDRE BOLLIER 69007 LYON;69007;LYON;+33 4 78 61 32 68;45.11Z;concession;Lyon;BTP / Mécanique
GARAGE GARIBALDI;81162404800013;811624048;3 RUE DE L'ABBE BOISARD 69007 LYON;69007;LYON;+33 4 78 61 13 50;45.11Z;concession;Lyon;BTP / Mécanique
GAEL LEBRE (G.L.AUTO69);82987971700017;829879717;62 B AVENUE LECLERC 69007 LYON;69007;LYON;+33 4 78 72 10 26;45.11Z;concession;Lyon;BTP / Mécanique
DH AUTO;75083196800011;750831968;17 ALLEE LEOPOLD SEDAR SENGHOR 69007 LYON;69007;LYON;+33 6 19 31 83 40;45.11Z;concession;Lyon;BTP / Mécanique
TOU MOUA (M.P AUTO SERVICES);50818261500023;508182615;16 RUE PASTEUR 59700 MARCQ-EN-BARŒUL;59700;MARCQ-EN-BARŒUL;+33 1 23 45 67 89;45.11Z;concession;Lyon;BTP / Mécanique
GKS AUTO;82204141400027;822041414;32 RUE CHALLEMEL LACOUR 69007 LYON;69007;LYON;+33 6 19 31 83 40;45.11Z;concession;Lyon;BTP / Mécanique
GSTART MOTORS;89322087100014;893220871;38 PLACE DES PAVILLONS 69007 LYON;69007;LYON;+33 9 73 69 29 69;45.11Z;concession;Lyon;BTP / Mécanique
D.K AUTO;91534156400028;915341564;LES CARDINAUX RDC BAT I 1 COTE SAINT PIERRE 26500 BOURG-LES-VALENCE;26500;BOURG-LES-VALENCE;+33 6 19 31 83 40;45.11Z;concession;Lyon;BTP / Mécanique
ALEXANDRE BRUN (A.B AUTO);92035379400026;920353794;3 PLACE AMBROISE COURTOIS 69008 LYON;69008;LYON;+33 1 23 45 67 89;45.11Z;concession;Lyon;BTP / Mécanique
AW CARS;94144399600017;941443996;ETAGE 3 25 RUE DE L'EFFORT 69007 LYON;69007;LYON;+33 6 18 86 60 86;45.11Z;concession;Lyon;BTP / Mécanique
LOKAR;93374833700021;933748337;81 RUE JEAN JAURES 69740 GENAS;69740;GENAS;+33 1 23 45 67 89;45.11Z;concession;Lyon;BTP / Mécanique
AHMED REZGUI (ROUGE.AUTO);85346903900038;853469039;40 RUE DE GERLAND 69007 LYON;69007;LYON;+33 1 23 45 67 89;45.11Z;concession;Lyon;BTP / Mécanique
EUROCAR ONE;82491815500014;824918155;63 RUE ANDRE BOLLIER 69007 LYON;69007;LYON;+33 6 63 84 60 84;45.11Z;concession;Lyon;BTP / Mécanique
MOUSTAFA JOUHRI (MS AUTO);88827479200017;888274792;107 AVENUE BERTHELOT 69007 LYON;69007;LYON;+33 1 23 45 67 89;45.11Z;concession;Lyon;BTP / Mécanique
AAR AUTOMOBILE (AAR AUTOMOBILE);89182693500019;891826935;19 RUE PIERRE ROBIN 69007 LYON;69007;LYON;+33 6 12 30 11 59;45.11Z;concession;Lyon;BTP / Mécanique
AXCIAL;48032168600010;480321686;75 RUE DE GERLAND 69007 LYON;69007;LYON;+33 4 78 51 43 09;45.11Z;concession;Lyon;BTP / Mécanique
AUTO LYON VILLEURBANNE;48274339000023;482743390;49 RUE JABOULAY 69007 LYON;69007;LYON;+33 4 72 38 58 72;45.11Z;concession;Lyon;BTP / Mécanique
JKAUTO;52306968000016;523069680;7 RUE GALLAND 69007 LYON;69007;LYON;+33 6 19 31 83 40;45.11Z;concession;Lyon;BTP / Mécanique
A GHENNAI;51084800500011;510848005;302 304 302 RUE GARIBALDI 69007 LYON;69007;LYON;+33 1 23 45 67 89;45.11Z;concession;Lyon;BTP / Mécanique
SL AUTO;87761186300029;877611863;84 RUE DE BOUTEILLER 69520 GRIGNY;69520;GRIGNY;+33 6 88 45 25 32;45.11Z;concession;Lyon;BTP / Mécanique
AUTO PART-DIEU;44210717300027;442107173;4 RUE MARC BLOCH 69007 LYON;69007;LYON;+33 4 72 68 61 61;45.11Z;concession;Lyon;BTP / Mécanique
A.D.F.;44809501800017;448095018;193 AVENUE BERTHELOT 69007 LYON;69007;LYON;+33 1 23 45 67 89;45.11Z;concession;Lyon;BTP / Mécanique
CMD-AUTO;52492930400011;524929304;60 AVENUE LECLERC 69007 LYON;69007;LYON;+33 6 19 31 83 40;45.11Z;concession;Lyon;BTP / Mécanique
AUTO POWER;82489109700019;824891097;64 ROUTE DE VIENNE 69007 LYON;69007;LYON;+33 6 50 86 04 00;45.11Z;concession;Lyon;BTP / Mécanique
FM AUTO (FOR ME);90465808500017;904658085;40 COURS GAMBETTA 69007 LYON;69007;LYON;+33 4 78 84 22 58;45.11Z;concession;Lyon;BTP / Mécanique
O CARS;85008718000038;850087180;36 RUE D'ECOLE 25480 MISEREY-SALINES;25480;MISEREY-SALINES;+33 6 18 86 60 86;45.11Z;concession;Lyon;BTP / Mécanique
AUTO CONSULT NEGOCE (A.C.N.);49260382400011;492603824;302/304  - C/O PARTN'ACE 302 RUE GARIBALDI 69007 LYON;69007;LYON;+33 4 37 57 46 76;45.11Z;concession;Lyon;BTP / Mécanique
RHONALP AUTOS;32608492800026;326084928;1 RUE JEAN BOUIN 69007 LYON;69007;LYON;+33 6 50 62 17 53;45.11Z;concession;Lyon;BTP / Mécanique
LUIGI ARCADIPANE;49216420700010;492164207;10 RUE MONTESQUIEU 69007 LYON;69007;LYON;+33 1 23 45 67 89;45.11Z;concession;Lyon;BTP / Mécanique
ANTHONY CARRIER;52846505700016;528465057;75 RUE PRE GAUDRY 69007 LYON;69007;LYON;+33 1 23 45 67 89;45.11Z;concession;Lyon;BTP / Mécanique
RJ CARS;91068042000015;910680420;46 RUE CHALLEMEL LACOUR 69007 LYON;69007;LYON;+33 6 18 86 60 86;45.11Z;concession;Lyon;BTP / Mécanique
CARS & BIKES;89915120300010;899151203;14 RUE GENERAL DE MIRIBEL 69007 LYON;69007;LYON;+33 1 23 45 67 89;45.11Z;concession;Lyon;BTP / Mécanique
LYON ELITE MOTORS;96850448000045;968504480;8 RUE DES FRERES BERTRAND 69200 VENISSIEUX;69200;VENISSIEUX;+33 4 72 53 14 80;45.11Z;concession;Lyon;BTP / Mécanique
CENTRAL MOTOR LYON (GROUPE CENTRAL AUTOS);80005425600014;800054256;15 AVENUE DU CHATER 69340 FRANCHEVILLE;69340;FRANCHEVILLE;+33 4 72 59 19 19;45.11Z;concession;Lyon;BTP / Mécanique
NISSAN WEST EUROPE (NISSAN FRANCE);69980917400179;699809174;8 RUE JEAN-PIERRE TIMBAUD 78180 MONTIGNY-LE-BRETONNEUX;78180;MONTIGNY-LE-BRETONNEUX;+33 1 23 45 67 89;45.11Z;concession;Lyon;BTP / Mécanique
FMC BYMYCAR LYON (BY MY CAR);40825502400049;408255024;10 ALLEE DES SAVOIES 69200 VENISSIEUX;69200;VENISSIEUX;+33 4 78 78 30 30;45.11Z;concession;Lyon;BTP / Mécanique
LYON CARS;80328393600018;803283936;35 RUE DES MARTYRS DE LA RESISTANCE 69200 VENISSIEUX;69200;VENISSIEUX;+33 4 37 25 00 25;45.11Z;concession;Lyon;BTP / Mécanique
POINT AUTO (POINT AUTO) (PA);83309005300038;833090053;12 AVENUE EUGENE HENAFF 69120 VAULX-EN-VELIN;69120;VAULX-EN-VELIN;+33 6 95 44 82 79;45.11Z;concession;Lyon;BTP / Mécanique
L'ATELIER AUTOMOBILE (L'ATELIER AUTOMOBILE);41530521800042;415305218;32 CHEMIN DU PONTET 69380 CIVRIEUX-D'AZERGUES;69380;CIVRIEUX-D'AZERGUES;+33 6 07 32 72 52;45.11Z;concession;Lyon;BTP / Mécanique
MIA AUTO;10052477600018;100524776;196 ROUTE DE VIENNE 69008 LYON;69008;LYON;+33 4 78 23 71 28;45.11Z;concession;Lyon;BTP / Mécanique
MARIUS COVACI (AUTO SRL LYON MARIUS);53396696600020;533966966;28 RUE DE NARVIK 69008 LYON;69008;LYON;+33 1 23 45 67 89;45.11Z;concession;Lyon;BTP / Mécanique
ENERGY AUTO;80096988300035;800969883;24 RUE ANDRE SENTUC 69200 VENISSIEUX;69200;VENISSIEUX;+33 4 87 38 07 71;45.11Z;concession;Lyon;BTP / Mécanique
AUTOVISTA;38051273100023;380512731;RUE NECKER 42000 SAINT-ETIENNE;42000;SAINT-ETIENNE;+33 1 23 45 67 89;45.11Z;concession;Lyon;BTP / Mécanique
NICOLAS VERGER (RACING SPORT CAR);41346812500021;413468125;REGUS 47 PLACE ALPHONSE FIQUET 80000 AMIENS;80000;AMIENS;+33 1 23 45 67 89;45.11Z;concession;Lyon;BTP / Mécanique
TECHN'AUTOS;44164228700011;441642287;CZ BERTHELOT ENTREPRISES 320 AVENUE BERTHELOT 69008 LYON;69008;LYON;+33 4 78 98 29 92;45.11Z;concession;Lyon;BTP / Mécanique
HARIMANDIMBY RANJAKASOA;50343663600016;503436636;14 RUE SAINT NESTOR 69008 LYON;69008;LYON;+33 1 23 45 67 89;45.11Z;concession;Lyon;BTP / Mécanique
NABIL KARA (MYKAR38);48791886400025;487918864;62 COURS ALBERT THOMAS 69008 LYON;69008;LYON;+33 1 23 45 67 89;45.11Z;concession;Lyon;BTP / Mécanique
AUTO CONCEPT;49284238000023;492842380;123 RUE DE SAINT-GRATIEN 93800 EPINAY-SUR-SEINE;93800;EPINAY-SUR-SEINE;+33 1 23 45 67 89;45.11Z;concession;Lyon;BTP / Mécanique
SAS RM AUTOMOBILES;82809166000021;828091660;196 ROUTE DE VIENNE 69008 LYON;69008;LYON;+33 6 07 32 72 52;45.11Z;concession;Lyon;BTP / Mécanique
FRANCK SANTIAGO;51809351300019;518093513;13 RUE ANTOINE FONLUPT 69008 LYON;69008;LYON;+33 1 23 45 67 89;45.11Z;concession;Lyon;BTP / Mécanique
AUTO PARCK;50942206900039;509422069;37 RUE SEIGNEMARTIN 69008 LYON;69008;LYON;+33 4 78 01 20 10;45.11Z;concession;Lyon;BTP / Mécanique
NEGOCCASE AUTO (TRANSAK AUTO - WE AUTO);80766204400013;807662044;45 AVENUE PAUL SANTY 69008 LYON;69008;LYON;+33 9 86 26 62 41;45.11Z;concession;Lyon;BTP / Mécanique
ANDRANIK SAFARIAN (MMF AUTO);80772631000020;807726310;16 RUE HENRI PENSIER 69008 LYON;69008;LYON;+33 1 23 45 67 89;45.11Z;concession;Lyon;BTP / Mécanique
CHAKIROU LASSISSI (CHAKRAM ASSURANCES);54009893600011;540098936;35 RUE DES TUILIERS 69008 LYON;69008;LYON;+33 1 23 45 67 89;45.11Z;concession;Lyon;BTP / Mécanique
SENOL CEVIK;79227371600037;792273716;LES BALMETTES - BAT 11 681 RUE DE LA RIVOIRETTE 38510 MORESTEL;38510;MORESTEL;+33 1 23 45 67 89;45.11Z;concession;Lyon;BTP / Mécanique
KHADIM FALL;81988206900027;819882069;LYON LES LAURIERS 35 RUE JOSEPH CHAPELLE 69008 LYON;69008;LYON;+33 1 23 45 67 89;45.11Z;concession;Lyon;BTP / Mécanique
AUTOCCAZ;89365037400018;893650374;25 RUE WAKATSUKI 69008 LYON;69008;LYON;+33 4 78 01 20 10;45.11Z;concession;Lyon;BTP / Mécanique
ABDELLATIF SALHI (SA AUTO TRANSPORT);84898999200021;848989992;18 RUE THOMAS BLANCHET 69008 LYON;69008;LYON;+33 1 23 45 67 89;45.11Z;concession;Lyon;BTP / Mécanique
BILAL HADDAD (BIL AUTO);84952632200029;849526322;7 RUE LOUIS TIXIER 69008 LYON;69008;LYON;+33 1 23 45 67 89;45.11Z;concession;Lyon;BTP / Mécanique
TOM MATHIEU;94948738300018;949487383;76 RUE PIERRE DELORE 69008 LYON;69008;LYON;+33 4 37 37 26 66;45.11Z;concession;Lyon;BTP / Mécanique
YACINE MEBARKI (MEBARKI);94510891800018;945108918;98 AVENUE PAUL SANTY 69008 LYON;69008;LYON;+33 1 23 45 67 89;45.11Z;concession;Lyon;BTP / Mécanique
VAS AUTO;94271786900013;942717869;18 BOULEVARD DES ETATS-UNIS 69008 LYON;69008;LYON;+33 4 78 64 56 18;45.11Z;concession;Lyon;BTP / Mécanique
TIGRAN SAHAKYAN (M&E AUTO);94306438600015;943064386;45 BOULEVARD DES ETATS-UNIS 69008 LYON;69008;LYON;+33 1 23 45 67 89;45.11Z;concession;Lyon;BTP / Mécanique
YACINE ZERRAD (ZE CARS);93070124800013;930701248;150 BOULEVARD DES ETATS-UNIS 69008 LYON;69008;LYON;+33 1 23 45 67 89;45.11Z;concession;Lyon;BTP / Mécanique
HENRY SONTSA (HENRY AUTOS);97920956600012;979209566;134 BOULEVARD DES ETATS-UNIS 69008 LYON;69008;LYON;+33 1 23 45 67 89;45.11Z;concession;Lyon;BTP / Mécanique
MASIS AUTO;98015423100024;980154231;SAINT ANDEOL LE CHATEAU 94 ALLEE DES ENERGIES 69700 BEAUVALLON;69700;BEAUVALLON;+33 9 83 81 03 15;45.11Z;concession;Lyon;BTP / Mécanique
AKRIM ISSAM;99346935200013;993469352;154 RUE CHALLEMEL LACOUR 69008 LYON;69008;LYON;+33 1 23 45 67 89;45.11Z;concession;Lyon;BTP / Mécanique
EREN KARABULUT;82933249300032;829332493;106 AVENUE PAUL SANTY 69008 LYON;69008;LYON;+33 9 86 26 62 41;45.11Z;concession;Lyon;BTP / Mécanique
ABDERAZEK EL GROMBALI;48318751400029;483187514;149 ROUTE DE VIENNE 69008 LYON;69008;LYON;+33 4 78 76 30 23;45.11Z;concession;Lyon;BTP / Mécanique
FREECAR AUTO NEGOCE;49972093600024;499720936;46 CHEMIN DU MOULIN CARRON 69570 DARDILLY;69570;DARDILLY;+33 7 82 40 55 89;45.11Z;concession;Lyon;BTP / Mécanique
TRADE TRUCKS EXPORT (T.T.E.);49985080800035;499850808;87 RUE RASPAIL 69150 DECINES-CHARPIEU;69150;DECINES-CHARPIEU;+33 4 78 00 51 68;45.11Z;concession;Lyon;BTP / Mécanique
ALLIANCE AUTO (ALLIANCE AUTO);79488142500019;794881425;320 AVENUE BERTHELOT 69008 LYON;69008;LYON;+33 4 72 71 86 31;45.11Z;concession;Lyon;BTP / Mécanique
SAMIR MAHI;79506891500011;795068915;20 RUE VOLNEY 69008 LYON;69008;LYON;+33 1 23 45 67 89;45.11Z;concession;Lyon;BTP / Mécanique
TIGRAN ABRAHAMYAN;79419714500020;794197145;14 RUE SULLY 69150 DECINES-CHARPIEU;69150;DECINES-CHARPIEU;+33 1 23 45 67 89;45.11Z;concession;Lyon;BTP / Mécanique
BESIM BERISHA;79860730500025;798607305;130 AVENUE FRANCIS DE PRESSENSE 69200 VENISSIEUX;69200;VENISSIEUX;+33 1 23 45 67 89;45.11Z;concession;Lyon;BTP / Mécanique
SARL MULTI SERVICES;40825675800066;408256758;76 RUE DE LA POMPE 75016 PARIS;75016;PARIS;+33 1 23 45 67 89;45.11Z;concession;Lyon;BTP / Mécanique
SOVELIS;40990542900075;409905429;19 RUE DU PROGRES 69800 SAINT-PRIEST;69800;SAINT-PRIEST;+33 1 23 45 67 89;45.11Z;concession;Lyon;BTP / Mécanique
LYON VEHICULES INDUSTRIELS (LVI);34521258300032;345212583;320 AVENUE BERTHELOT 69008 LYON;69008;LYON;+33 1 23 45 67 89;45.11Z;concession;Lyon;BTP / Mécanique
FORUM-AUTOMOBILES;44765108400058;447651084;10 IMPASSE LOUIS SAILLANT 69120 VAULX-EN-VELIN;69120;VAULX-EN-VELIN;+33 4 72 04 48 97;45.11Z;concession;Lyon;BTP / Mécanique
KARIM MANSOUR;44027757200028;440277572;4 RUE DE BOUTRAS 69520 GRIGNY;69520;GRIGNY;+33 1 23 45 67 89;45.11Z;concession;Lyon;BTP / Mécanique
EUROCOURSES;44092236700022;440922367;81-83 81 AVENUE DU PROGRES 69680 CHASSIEU;69680;CHASSIEU;+33 1 23 45 67 89;45.11Z;concession;Lyon;BTP / Mécanique
ONE MOTORS;80898217700020;808982177;11 RUE JACQUES MONOD 69680 CHASSIEU;69680;CHASSIEU;+33 6 12 01 63 37;45.11Z;concession;Lyon;BTP / Mécanique
MILOU SEKHARI AUTOMOBILES;79211318500013;792113185;16 AVENUE ROCKEFELLER 69008 LYON;69008;LYON;+33 4 72 62 37 07;45.11Z;concession;Lyon;BTP / Mécanique
LYON LIMOUSINE;52148895700015;521488957;11 RUE SAINT VINCENT DE PAUL 69008 LYON;69008;LYON;+33 6 21 68 67 63;45.11Z;concession;Lyon;BTP / Mécanique
RS AUTO 69;52299555400022;522995554;IMPASSE DES CHENES 69720 SAINT-LAURENT-DE-MURE;69720;SAINT-LAURENT-DE-MURE;+33 6 69 41 90 90;45.11Z;concession;Lyon;BTP / Mécanique
MERCURYCARS;52846954700012;528469547;95 RUE VILLON 69008 LYON;69008;LYON;+33 6 10 73 96 38;45.11Z;concession;Lyon;BTP / Mécanique
