2026-04-01 06:10:48,580 [osm] INFO: Querying Overpass for paris...
2026-04-01 06:10:54,557 [osm] ERROR: Overpass error for paris: HTTP 504
2026-04-01 06:10:54,558 [osm] INFO: OSM paris: 0 usable records
2026-04-01 06:10:59,559 [osm] INFO: Querying Overpass for marseille...
2026-04-01 06:11:04,880 [osm] INFO: Overpass marseille: 404 elements
2026-04-01 06:11:04,883 [osm] INFO: OSM marseille: 308 usable records
2026-04-01 06:11:09,883 [osm] INFO: Querying Overpass for lille...
2026-04-01 06:11:15,374 [osm] ERROR: Overpass error for lille: HTTP 504
2026-04-01 06:11:15,375 [osm] INFO: OSM lille: 0 usable records
2026-04-01 06:11:20,376 [osm] INFO: OSM total: 308 records
2026-04-01 06:11:20,379 [osm] INFO: Saved to data/osm.json
2026-04-01 06:11:32,035 [finess] INFO: Downloading FINESS CSV from https://static.data.gouv.fr/resources/finess-extraction-du-fichier-des-etablisse...
2026-04-01 06:11:34,170 [finess] INFO: Downloaded 47332408 bytes
2026-04-01 06:11:37,858 [finess] INFO: Parsed 205384 rows from FINESS CSV
2026-04-01 06:11:37,928 [finess] INFO: FINESS columns: ['finess', 'etalab', '96', '2026-03-11', None]
2026-04-01 06:11:37,980 [finess] INFO: FINESS: 0 structures in target zones
2026-04-01 06:11:37,980 [finess] INFO: Saved to data/finess.json
2026-04-01 06:13:01,385 [finess] INFO: Downloading FINESS CSV from https://static.data.gouv.fr/resources/finess-extraction-du-fichier-des-etablisse...
2026-04-01 06:13:03,042 [finess] INFO: Downloaded 47332408 bytes
2026-04-01 06:13:03,445 [finess] INFO: Parsed 102692 rows from FINESS CSV
2026-04-01 06:13:24,125 [finess] INFO: Downloading FINESS CSV from https://static.data.gouv.fr/resources/finess-extraction-du-fichier-des-etablisse...
2026-04-01 06:13:25,807 [finess] INFO: Downloaded 47332408 bytes
2026-04-01 06:13:26,233 [finess] INFO: Parsed 102692 rows from FINESS CSV
2026-04-01 06:13:26,263 [finess] INFO: FINESS sample row (first 5 fields): ['structureet', '010000024', '010780054', 'CH DE FLEYRIAT', 'CENTRE HOSPITALIER DE BOURG-EN-BRESSE FLEYRIAT']
2026-04-01 06:13:26,321 [finess] INFO: FINESS: 10648 structures in target zones
2026-04-01 06:13:26,321 [finess] INFO:   Dept 13: 3067
2026-04-01 06:13:26,321 [finess] INFO:   Dept 59: 4065
2026-04-01 06:13:26,321 [finess] INFO:   Dept 75: 3516
2026-04-01 06:13:26,447 [finess] INFO: Saved to data/finess.json
2026-04-01 06:14:09,499 [finess] INFO: Downloading FINESS CSV from https://static.data.gouv.fr/resources/finess-extraction-du-fichier-des-etablisse...
2026-04-01 06:14:11,038 [api_entreprises] INFO: [1/344] paris NAF=86.21Z CP=75001: 147 results
2026-04-01 06:14:11,223 [finess] INFO: Downloaded 47332408 bytes
2026-04-01 06:14:11,691 [finess] INFO: Parsed 102692 rows from FINESS CSV
2026-04-01 06:14:11,722 [finess] INFO: FINESS sample row (first 5 fields): ['structureet', '010000024', '010780054', 'CH DE FLEYRIAT', 'CENTRE HOSPITALIER DE BOURG-EN-BRESSE FLEYRIAT']
2026-04-01 06:14:11,780 [finess] INFO: FINESS: 10648 structures in target zones
2026-04-01 06:14:11,780 [finess] INFO:   Dept 13: 3067
2026-04-01 06:14:11,780 [finess] INFO:   Dept 59: 4065
2026-04-01 06:14:11,780 [finess] INFO:   Dept 75: 3516
2026-04-01 06:14:11,910 [finess] INFO: Saved to data/finess.json
2026-04-01 06:14:16,218 [api_entreprises] INFO: [2/344] paris NAF=86.21Z CP=75002: 128 results
2026-04-01 06:14:22,940 [api_entreprises] INFO: [3/344] paris NAF=86.21Z CP=75003: 176 results
2026-04-01 06:14:28,961 [api_entreprises] INFO: [4/344] paris NAF=86.21Z CP=75004: 166 results
2026-04-01 06:14:48,488 [api_entreprises] INFO: [5/344] paris NAF=86.21Z CP=75005: 422 results
2026-04-01 06:15:01,920 [api_entreprises] INFO: [6/344] paris NAF=86.21Z CP=75006: 294 results
2026-04-01 06:15:18,163 [api_entreprises] INFO: [7/344] paris NAF=86.21Z CP=75007: 372 results
2026-04-01 06:15:41,046 [api_entreprises] INFO: [8/344] paris NAF=86.21Z CP=75008: 584 results
2026-04-01 06:15:51,828 [api_entreprises] INFO: [9/344] paris NAF=86.21Z CP=75009: 369 results
2026-04-01 06:16:02,746 [api_entreprises] INFO: [10/344] paris NAF=86.21Z CP=75010: 372 results
2026-04-01 06:16:22,763 [api_entreprises] INFO: [11/344] paris NAF=86.21Z CP=75011: 667 results
2026-04-01 06:16:44,426 [api_entreprises] INFO: [12/344] paris NAF=86.21Z CP=75012: 601 results
2026-04-01 06:17:14,109 [api_entreprises] INFO: [13/344] paris NAF=86.21Z CP=75013: 859 results
2026-04-01 06:17:45,598 [api_entreprises] INFO: [14/344] paris NAF=86.21Z CP=75014: 553 results
2026-04-01 06:19:14,152 [api_entreprises] WARNING: Failed: NAF=86.21Z CP=75015 page=26
2026-04-01 06:19:14,153 [api_entreprises] INFO: [15/344] paris NAF=86.21Z CP=75015: 625 results
2026-04-01 06:19:21,226 [annuaire_sante] INFO: Streaming RPPS data from data.gouv.fr...
2026-04-01 06:19:21,226 [annuaire_sante] INFO: URL: https://static.data.gouv.fr/resources/annuaire-sante-extractions-des-donnees-en-libre-acces-des-professionnels-intervenant-dans-le-systeme-de-sante-rpps/20260331-074104/ps-libreacces-personne-activite.txt
2026-04-01 06:19:23,476 [annuaire_sante] INFO: Connected. Streaming and filtering...
2026-04-01 06:19:23,477 [annuaire_sante] INFO: Header has 56 columns
2026-04-01 06:19:38,334 [annuaire_sante] INFO: Streaming complete. Scanned 2231102 lines, matched 0 records.
2026-04-01 06:19:38,334 [annuaire_sante] INFO: Annuaire Santé PARIS: 0 unique records
2026-04-01 06:19:38,334 [annuaire_sante] INFO: Annuaire Santé MARSEILLE: 0 unique records
2026-04-01 06:19:38,334 [annuaire_sante] INFO: Annuaire Santé LILLE: 0 unique records
2026-04-01 06:19:38,334 [annuaire_sante] INFO: Total: 0 records across 3 zones
2026-04-01 06:19:38,334 [annuaire_sante] INFO: Saved to data/annuaire_sante_all.json
2026-04-01 06:20:15,976 [api_entreprises] INFO: [16/344] paris NAF=86.21Z CP=75016: 1045 results
2026-04-01 06:20:49,521 [api_entreprises] INFO: [17/344] paris NAF=86.21Z CP=75017: 786 results
2026-04-01 06:21:04,225 [api_entreprises] INFO: [18/344] paris NAF=86.21Z CP=75018: 479 results
2026-04-01 06:21:23,206 [api_entreprises] INFO: [19/344] paris NAF=86.21Z CP=75019: 607 results
2026-04-01 06:21:38,172 [api_entreprises] INFO: [20/344] paris NAF=86.21Z CP=75020: 501 results
2026-04-01 06:21:38,664 [api_entreprises] INFO: [21/344] paris NAF=86.22A CP=75001: 18 results
2026-04-01 06:21:45,131 [api_entreprises] INFO: [22/344] paris NAF=86.22A CP=75002: 26 results
2026-04-01 06:21:46,733 [api_entreprises] INFO: [23/344] paris NAF=86.22A CP=75003: 27 results
2026-04-01 06:21:47,169 [api_entreprises] INFO: [24/344] paris NAF=86.22A CP=75004: 16 results
2026-04-01 06:21:54,567 [api_entreprises] INFO: [25/344] paris NAF=86.22A CP=75005: 55 results
2026-04-01 06:22:01,063 [api_entreprises] INFO: [26/344] paris NAF=86.22A CP=75006: 45 results
2026-04-01 06:22:02,649 [api_entreprises] INFO: [27/344] paris NAF=86.22A CP=75007: 68 results
2026-04-01 06:22:04,667 [api_entreprises] INFO: [28/344] paris NAF=86.22A CP=75008: 72 results
2026-04-01 06:22:05,655 [api_entreprises] INFO: [29/344] paris NAF=86.22A CP=75009: 33 results
2026-04-01 06:22:06,646 [api_entreprises] INFO: [30/344] paris NAF=86.22A CP=75010: 49 results
2026-04-01 06:22:23,706 [annuaire_sante] INFO: Streaming RPPS data from data.gouv.fr...
2026-04-01 06:22:23,706 [annuaire_sante] INFO: URL: https://static.data.gouv.fr/resources/annuaire-sante-extractions-des-donnees-en-libre-acces-des-professionnels-intervenant-dans-le-systeme-de-sante-rpps/20260331-074104/ps-libreacces-personne-activite.txt
2026-04-01 06:22:24,431 [annuaire_sante] INFO: Connected. Streaming and filtering...
2026-04-01 06:22:24,432 [annuaire_sante] INFO: Header has 56 columns
2026-04-01 06:22:25,496 [annuaire_sante] INFO:   Matched 5000 records so far (scanned 126563 lines)...
2026-04-01 06:22:26,097 [annuaire_sante] INFO:   Matched 10000 records so far (scanned 219382 lines)...
2026-04-01 06:22:26,868 [annuaire_sante] INFO:   Matched 15000 records so far (scanned 327240 lines)...
2026-04-01 06:22:27,731 [annuaire_sante] INFO:   Matched 20000 records so far (scanned 449387 lines)...
2026-04-01 06:22:28,744 [annuaire_sante] INFO:   Matched 25000 records so far (scanned 568912 lines)...
2026-04-01 06:22:29,574 [annuaire_sante] INFO:   Matched 30000 records so far (scanned 694777 lines)...
2026-04-01 06:22:30,663 [annuaire_sante] INFO:   Matched 35000 records so far (scanned 795953 lines)...
2026-04-01 06:22:31,682 [annuaire_sante] INFO:   Matched 40000 records so far (scanned 932570 lines)...
2026-04-01 06:22:32,404 [annuaire_sante] INFO:   Matched 45000 records so far (scanned 1024524 lines)...
2026-04-01 06:22:33,432 [annuaire_sante] INFO:   Matched 50000 records so far (scanned 1149698 lines)...
2026-04-01 06:22:34,186 [annuaire_sante] INFO:   Matched 55000 records so far (scanned 1265150 lines)...
2026-04-01 06:22:35,051 [annuaire_sante] INFO:   Matched 60000 records so far (scanned 1387433 lines)...
2026-04-01 06:22:35,855 [annuaire_sante] INFO:   Matched 65000 records so far (scanned 1514887 lines)...
2026-04-01 06:22:36,542 [annuaire_sante] INFO:   Matched 70000 records so far (scanned 1610535 lines)...
2026-04-01 06:22:37,268 [annuaire_sante] INFO:   Matched 75000 records so far (scanned 1719592 lines)...
2026-04-01 06:22:38,089 [annuaire_sante] INFO:   Matched 80000 records so far (scanned 1838800 lines)...
2026-04-01 06:22:38,149 [api_entreprises] WARNING: Failed: NAF=86.22A CP=75011 page=1
2026-04-01 06:22:38,999 [annuaire_sante] INFO:   Matched 85000 records so far (scanned 1961472 lines)...
2026-04-01 06:22:39,828 [annuaire_sante] INFO:   Matched 90000 records so far (scanned 2090785 lines)...
2026-04-01 06:22:40,575 [annuaire_sante] INFO:   Matched 95000 records so far (scanned 2190764 lines)...
2026-04-01 06:22:40,849 [annuaire_sante] INFO: Streaming complete. Scanned 2231102 lines, matched 96088 records.
2026-04-01 06:22:40,911 [annuaire_sante] INFO: Annuaire Santé PARIS: 55003 unique records
2026-04-01 06:22:40,937 [annuaire_sante] INFO: Annuaire Santé MARSEILLE: 25393 unique records
2026-04-01 06:22:40,949 [annuaire_sante] INFO: Annuaire Santé LILLE: 10938 unique records
2026-04-01 06:22:40,949 [annuaire_sante] INFO: Total: 91334 records across 3 zones
2026-04-01 06:22:41,447 [api_entreprises] INFO: [32/344] paris NAF=86.22A CP=75012: 78 results
2026-04-01 06:22:42,167 [annuaire_sante] INFO: Saved to data/annuaire_sante_all.json
2026-04-01 06:22:44,607 [api_entreprises] INFO: [33/344] paris NAF=86.22A CP=75013: 95 results
2026-04-01 06:22:52,344 [api_entreprises] INFO: [34/344] paris NAF=86.22A CP=75014: 77 results
2026-04-01 06:23:02,774 [api_entreprises] INFO: [35/344] paris NAF=86.22A CP=75015: 128 results
2026-04-01 06:23:06,515 [api_entreprises] INFO: [36/344] paris NAF=86.22A CP=75016: 106 results
2026-04-01 06:23:25,976 [api_entreprises] INFO: [37/344] paris NAF=86.22A CP=75017: 76 results
2026-04-01 06:23:27,270 [api_entreprises] INFO: [38/344] paris NAF=86.22A CP=75018: 36 results
2026-04-01 06:23:45,246 [api_entreprises] INFO: [39/344] paris NAF=86.22A CP=75019: 66 results
2026-04-01 06:23:47,959 [api_entreprises] INFO: [40/344] paris NAF=86.22A CP=75020: 53 results
2026-04-01 06:24:03,482 [api_entreprises] INFO: [41/344] paris NAF=86.22C CP=75001: 147 results
2026-04-01 06:24:07,447 [api_entreprises] INFO: [42/344] paris NAF=86.22C CP=75002: 114 results
2026-04-01 06:24:20,159 [api_entreprises] INFO: [43/344] paris NAF=86.22C CP=75003: 216 results
2026-04-01 06:24:38,641 [api_entreprises] INFO: [44/344] paris NAF=86.22C CP=75004: 232 results
2026-04-01 06:24:46,322 [pagesjaunes] INFO: === Pages Jaunes: Starting PARIS ===
2026-04-01 06:24:46,322 [pagesjaunes] INFO: PJ: Scraping 'laboratoire d'analyses médicales' in Paris...
2026-04-01 06:24:46,713 [pagesjaunes] WARNING: PJ blocked (403) for laboratoire d'analyses médicales in Paris page 1
2026-04-01 06:24:48,214 [pagesjaunes] INFO: PJ: Scraping 'hopital' in Paris...
2026-04-01 06:24:48,234 [pagesjaunes] WARNING: PJ blocked (403) for hopital in Paris page 1
2026-04-01 06:24:49,734 [pagesjaunes] INFO: PJ: Scraping 'clinique' in Paris...
2026-04-01 06:24:49,755 [pagesjaunes] WARNING: PJ blocked (403) for clinique in Paris page 1
2026-04-01 06:24:50,383 [pagesjaunes] INFO: === Pages Jaunes: Starting MARSEILLE ===
2026-04-01 06:24:50,383 [pagesjaunes] INFO: PJ: Scraping 'laboratoire d'analyses médicales' in Marseille...
2026-04-01 06:24:50,669 [pagesjaunes] WARNING: PJ blocked (403) for laboratoire d'analyses médicales in Marseille page 1
2026-04-01 06:24:51,255 [pagesjaunes] INFO: PJ: Scraping 'cabinet dentaire' in Paris...
2026-04-01 06:24:51,275 [pagesjaunes] WARNING: PJ blocked (403) for cabinet dentaire in Paris page 1
2026-04-01 06:24:52,170 [pagesjaunes] INFO: PJ: Scraping 'hopital' in Marseille...
2026-04-01 06:24:52,190 [pagesjaunes] WARNING: PJ blocked (403) for hopital in Marseille page 1
2026-04-01 06:24:52,775 [pagesjaunes] INFO: PJ: Scraping 'dentiste' in Paris...
2026-04-01 06:24:52,796 [pagesjaunes] WARNING: PJ blocked (403) for dentiste in Paris page 1
2026-04-01 06:24:53,499 [pagesjaunes] INFO: === Pages Jaunes: Starting LILLE ===
2026-04-01 06:24:53,499 [pagesjaunes] INFO: PJ: Scraping 'laboratoire d'analyses médicales' in Lille...
2026-04-01 06:24:53,650 [pagesjaunes] WARNING: PJ blocked (403) for laboratoire d'analyses médicales in Lille page 1
2026-04-01 06:24:53,690 [pagesjaunes] INFO: PJ: Scraping 'clinique' in Marseille...
2026-04-01 06:24:53,711 [pagesjaunes] WARNING: PJ blocked (403) for clinique in Marseille page 1
2026-04-01 06:24:54,296 [pagesjaunes] INFO: PJ: Scraping 'medecin generaliste' in Paris...
2026-04-01 06:24:54,317 [pagesjaunes] WARNING: PJ blocked (403) for medecin generaliste in Paris page 1
2026-04-01 06:24:55,150 [pagesjaunes] INFO: PJ: Scraping 'hopital' in Lille...
2026-04-01 06:24:55,172 [pagesjaunes] WARNING: PJ blocked (403) for hopital in Lille page 1
2026-04-01 06:24:55,211 [pagesjaunes] INFO: PJ: Scraping 'cabinet dentaire' in Marseille...
2026-04-01 06:24:55,231 [pagesjaunes] WARNING: PJ blocked (403) for cabinet dentaire in Marseille page 1
2026-04-01 06:24:55,817 [pagesjaunes] INFO: PJ: Scraping 'medecin specialiste' in Paris...
2026-04-01 06:24:55,837 [pagesjaunes] WARNING: PJ blocked (403) for medecin specialiste in Paris page 1
2026-04-01 06:24:56,672 [pagesjaunes] INFO: PJ: Scraping 'clinique' in Lille...
2026-04-01 06:24:56,695 [pagesjaunes] WARNING: PJ blocked (403) for clinique in Lille page 1
2026-04-01 06:24:56,732 [pagesjaunes] INFO: PJ: Scraping 'dentiste' in Marseille...
2026-04-01 06:24:56,751 [pagesjaunes] WARNING: PJ blocked (403) for dentiste in Marseille page 1
2026-04-01 06:24:57,337 [pagesjaunes] INFO: PJ: Scraping 'cabinet medical' in Paris...
2026-04-01 06:24:57,358 [pagesjaunes] WARNING: PJ blocked (403) for cabinet medical in Paris page 1
2026-04-01 06:24:58,195 [pagesjaunes] INFO: PJ: Scraping 'cabinet dentaire' in Lille...
2026-04-01 06:24:58,216 [pagesjaunes] WARNING: PJ blocked (403) for cabinet dentaire in Lille page 1
2026-04-01 06:24:58,251 [pagesjaunes] INFO: PJ: Scraping 'medecin generaliste' in Marseille...
2026-04-01 06:24:58,272 [pagesjaunes] WARNING: PJ blocked (403) for medecin generaliste in Marseille page 1
2026-04-01 06:24:58,858 [pagesjaunes] INFO: PJ: Scraping 'centre de sante' in Paris...
2026-04-01 06:24:58,878 [pagesjaunes] WARNING: PJ blocked (403) for centre de sante in Paris page 1
2026-04-01 06:24:59,717 [pagesjaunes] INFO: PJ: Scraping 'dentiste' in Lille...
2026-04-01 06:24:59,740 [pagesjaunes] WARNING: PJ blocked (403) for dentiste in Lille page 1
2026-04-01 06:24:59,772 [pagesjaunes] INFO: PJ: Scraping 'medecin specialiste' in Marseille...
2026-04-01 06:24:59,792 [pagesjaunes] WARNING: PJ blocked (403) for medecin specialiste in Marseille page 1
2026-04-01 06:25:00,379 [pagesjaunes] INFO: PJ: Scraping 'maison de sante' in Paris...
2026-04-01 06:25:00,399 [pagesjaunes] WARNING: PJ blocked (403) for maison de sante in Paris page 1
2026-04-01 06:25:01,240 [pagesjaunes] INFO: PJ: Scraping 'medecin generaliste' in Lille...
2026-04-01 06:25:01,262 [pagesjaunes] WARNING: PJ blocked (403) for medecin generaliste in Lille page 1
2026-04-01 06:25:01,292 [pagesjaunes] INFO: PJ: Scraping 'cabinet medical' in Marseille...
2026-04-01 06:25:01,314 [pagesjaunes] WARNING: PJ blocked (403) for cabinet medical in Marseille page 1
2026-04-01 06:25:01,899 [pagesjaunes] INFO: PJ: Scraping 'centre de radiologie' in Paris...
2026-04-01 06:25:01,918 [pagesjaunes] WARNING: PJ blocked (403) for centre de radiologie in Paris page 1
2026-04-01 06:25:02,763 [pagesjaunes] INFO: PJ: Scraping 'medecin specialiste' in Lille...
2026-04-01 06:25:02,787 [pagesjaunes] WARNING: PJ blocked (403) for medecin specialiste in Lille page 1
2026-04-01 06:25:02,814 [pagesjaunes] INFO: PJ: Scraping 'centre de sante' in Marseille...
2026-04-01 06:25:02,834 [pagesjaunes] WARNING: PJ blocked (403) for centre de sante in Marseille page 1
2026-04-01 06:25:03,419 [pagesjaunes] INFO: PJ: Scraping 'imagerie medicale' in Paris...
2026-04-01 06:25:03,439 [pagesjaunes] WARNING: PJ blocked (403) for imagerie medicale in Paris page 1
2026-04-01 06:25:04,287 [pagesjaunes] INFO: PJ: Scraping 'cabinet medical' in Lille...
2026-04-01 06:25:04,310 [pagesjaunes] WARNING: PJ blocked (403) for cabinet medical in Lille page 1
2026-04-01 06:25:04,334 [pagesjaunes] INFO: PJ: Scraping 'maison de sante' in Marseille...
2026-04-01 06:25:04,354 [pagesjaunes] WARNING: PJ blocked (403) for maison de sante in Marseille page 1
2026-04-01 06:25:04,939 [pagesjaunes] INFO: PJ: Scraping 'centre de dialyse' in Paris...
2026-04-01 06:25:04,959 [pagesjaunes] WARNING: PJ blocked (403) for centre de dialyse in Paris page 1
2026-04-01 06:25:05,491 [api_entreprises] INFO: [45/344] paris NAF=86.22C CP=75005: 505 results
2026-04-01 06:25:05,810 [pagesjaunes] INFO: PJ: Scraping 'centre de sante' in Lille...
2026-04-01 06:25:05,832 [pagesjaunes] WARNING: PJ blocked (403) for centre de sante in Lille page 1
2026-04-01 06:25:05,855 [pagesjaunes] INFO: PJ: Scraping 'centre de radiologie' in Marseille...
2026-04-01 06:25:05,876 [pagesjaunes] WARNING: PJ blocked (403) for centre de radiologie in Marseille page 1
2026-04-01 06:25:06,459 [pagesjaunes] INFO: PJ: Scraping 'kinesitherapeute' in Paris...
2026-04-01 06:25:06,480 [pagesjaunes] WARNING: PJ blocked (403) for kinesitherapeute in Paris page 1
2026-04-01 06:25:07,333 [pagesjaunes] INFO: PJ: Scraping 'maison de sante' in Lille...
2026-04-01 06:25:07,355 [pagesjaunes] WARNING: PJ blocked (403) for maison de sante in Lille page 1
2026-04-01 06:25:07,377 [pagesjaunes] INFO: PJ: Scraping 'imagerie medicale' in Marseille...
2026-04-01 06:25:07,395 [pagesjaunes] WARNING: PJ blocked (403) for imagerie medicale in Marseille page 1
2026-04-01 06:25:07,980 [pagesjaunes] INFO: PJ: Scraping 'ophtalmologue' in Paris...
2026-04-01 06:25:08,001 [pagesjaunes] WARNING: PJ blocked (403) for ophtalmologue in Paris page 1
2026-04-01 06:25:08,855 [pagesjaunes] INFO: PJ: Scraping 'centre de radiologie' in Lille...
2026-04-01 06:25:08,879 [pagesjaunes] WARNING: PJ blocked (403) for centre de radiologie in Lille page 1
2026-04-01 06:25:08,896 [pagesjaunes] INFO: PJ: Scraping 'centre de dialyse' in Marseille...
2026-04-01 06:25:08,915 [pagesjaunes] WARNING: PJ blocked (403) for centre de dialyse in Marseille page 1
2026-04-01 06:25:09,501 [pagesjaunes] INFO: PJ: Scraping 'ophtalmologiste' in Paris...
2026-04-01 06:25:09,522 [pagesjaunes] WARNING: PJ blocked (403) for ophtalmologiste in Paris page 1
2026-04-01 06:25:10,379 [pagesjaunes] INFO: PJ: Scraping 'imagerie medicale' in Lille...
2026-04-01 06:25:10,402 [pagesjaunes] WARNING: PJ blocked (403) for imagerie medicale in Lille page 1
2026-04-01 06:25:10,416 [pagesjaunes] INFO: PJ: Scraping 'kinesitherapeute' in Marseille...
2026-04-01 06:25:10,435 [pagesjaunes] WARNING: PJ blocked (403) for kinesitherapeute in Marseille page 1
2026-04-01 06:25:11,022 [pagesjaunes] INFO: PJ: Scraping 'dermatologue' in Paris...
2026-04-01 06:25:11,042 [pagesjaunes] WARNING: PJ blocked (403) for dermatologue in Paris page 1
2026-04-01 06:25:11,902 [pagesjaunes] INFO: PJ: Scraping 'centre de dialyse' in Lille...
2026-04-01 06:25:11,925 [pagesjaunes] WARNING: PJ blocked (403) for centre de dialyse in Lille page 1
2026-04-01 06:25:11,935 [pagesjaunes] INFO: PJ: Scraping 'ophtalmologue' in Marseille...
2026-04-01 06:25:11,956 [pagesjaunes] WARNING: PJ blocked (403) for ophtalmologue in Marseille page 1
2026-04-01 06:25:12,542 [pagesjaunes] INFO: PJ: Scraping 'cardiologue' in Paris...
2026-04-01 06:25:12,562 [pagesjaunes] WARNING: PJ blocked (403) for cardiologue in Paris page 1
2026-04-01 06:25:13,425 [pagesjaunes] INFO: PJ: Scraping 'kinesitherapeute' in Lille...
2026-04-01 06:25:13,447 [pagesjaunes] WARNING: PJ blocked (403) for kinesitherapeute in Lille page 1
2026-04-01 06:25:13,456 [pagesjaunes] INFO: PJ: Scraping 'ophtalmologiste' in Marseille...
2026-04-01 06:25:13,476 [pagesjaunes] WARNING: PJ blocked (403) for ophtalmologiste in Marseille page 1
2026-04-01 06:25:14,062 [pagesjaunes] INFO: PJ: Scraping 'gynecologue' in Paris...
2026-04-01 06:25:14,082 [pagesjaunes] WARNING: PJ blocked (403) for gynecologue in Paris page 1
2026-04-01 06:25:14,948 [pagesjaunes] INFO: PJ: Scraping 'ophtalmologue' in Lille...
2026-04-01 06:25:14,970 [pagesjaunes] WARNING: PJ blocked (403) for ophtalmologue in Lille page 1
2026-04-01 06:25:14,976 [pagesjaunes] INFO: PJ: Scraping 'dermatologue' in Marseille...
2026-04-01 06:25:14,997 [pagesjaunes] WARNING: PJ blocked (403) for dermatologue in Marseille page 1
2026-04-01 06:25:15,583 [pagesjaunes] INFO: PJ: Scraping 'medecine du travail' in Paris...
2026-04-01 06:25:15,602 [pagesjaunes] WARNING: PJ blocked (403) for medecine du travail in Paris page 1
2026-04-01 06:25:16,470 [pagesjaunes] INFO: PJ: Scraping 'ophtalmologiste' in Lille...
2026-04-01 06:25:16,492 [pagesjaunes] WARNING: PJ blocked (403) for ophtalmologiste in Lille page 1
2026-04-01 06:25:16,497 [pagesjaunes] INFO: PJ: Scraping 'cardiologue' in Marseille...
2026-04-01 06:25:16,518 [pagesjaunes] WARNING: PJ blocked (403) for cardiologue in Marseille page 1
2026-04-01 06:25:17,103 [pagesjaunes] INFO: PJ: Scraping 'centre de vaccination' in Paris...
2026-04-01 06:25:17,123 [pagesjaunes] WARNING: PJ blocked (403) for centre de vaccination in Paris page 1
2026-04-01 06:25:17,992 [pagesjaunes] INFO: PJ: Scraping 'dermatologue' in Lille...
2026-04-01 06:25:18,014 [pagesjaunes] WARNING: PJ blocked (403) for dermatologue in Lille page 1
2026-04-01 06:25:18,019 [pagesjaunes] INFO: PJ: Scraping 'gynecologue' in Marseille...
2026-04-01 06:25:18,038 [pagesjaunes] WARNING: PJ blocked (403) for gynecologue in Marseille page 1
2026-04-01 06:25:18,623 [pagesjaunes] INFO: === Pages Jaunes PARIS: 0 results ===
2026-04-01 06:25:18,623 [pagesjaunes] INFO: Pages Jaunes (paris): 0 total results saved to data/pagesjaunes_paris.json
2026-04-01 06:25:19,514 [pagesjaunes] INFO: PJ: Scraping 'cardiologue' in Lille...
2026-04-01 06:25:19,536 [pagesjaunes] WARNING: PJ blocked (403) for cardiologue in Lille page 1
2026-04-01 06:25:19,539 [pagesjaunes] INFO: PJ: Scraping 'medecine du travail' in Marseille...
2026-04-01 06:25:19,558 [pagesjaunes] WARNING: PJ blocked (403) for medecine du travail in Marseille page 1
2026-04-01 06:25:21,036 [pagesjaunes] INFO: PJ: Scraping 'gynecologue' in Lille...
2026-04-01 06:25:21,058 [pagesjaunes] WARNING: PJ blocked (403) for gynecologue in Lille page 1
2026-04-01 06:25:21,059 [pagesjaunes] INFO: PJ: Scraping 'centre de vaccination' in Marseille...
2026-04-01 06:25:21,079 [pagesjaunes] WARNING: PJ blocked (403) for centre de vaccination in Marseille page 1
2026-04-01 06:25:22,559 [pagesjaunes] INFO: PJ: Scraping 'medecine du travail' in Lille...
2026-04-01 06:25:22,579 [pagesjaunes] INFO: === Pages Jaunes MARSEILLE: 0 results ===
2026-04-01 06:25:22,579 [pagesjaunes] INFO: Pages Jaunes (marseille): 0 total results saved to data/pagesjaunes_marseille.json
2026-04-01 06:25:22,582 [pagesjaunes] WARNING: PJ blocked (403) for medecine du travail in Lille page 1
2026-04-01 06:25:23,647 [api_entreprises] INFO: [46/344] paris NAF=86.22C CP=75006: 420 results
2026-04-01 06:25:24,083 [pagesjaunes] INFO: PJ: Scraping 'centre de vaccination' in Lille...
2026-04-01 06:25:24,104 [pagesjaunes] WARNING: PJ blocked (403) for centre de vaccination in Lille page 1
2026-04-01 06:25:25,604 [pagesjaunes] INFO: PJ: Scraping 'laboratoire d'analyses médicales' in Roubaix...
2026-04-01 06:25:25,628 [pagesjaunes] WARNING: PJ blocked (403) for laboratoire d'analyses médicales in Roubaix page 1
2026-04-01 06:25:27,128 [pagesjaunes] INFO: PJ: Scraping 'hopital' in Roubaix...
2026-04-01 06:25:27,151 [pagesjaunes] WARNING: PJ blocked (403) for hopital in Roubaix page 1
2026-04-01 06:25:28,651 [pagesjaunes] INFO: PJ: Scraping 'clinique' in Roubaix...
2026-04-01 06:25:28,673 [pagesjaunes] WARNING: PJ blocked (403) for clinique in Roubaix page 1
2026-04-01 06:25:30,174 [pagesjaunes] INFO: PJ: Scraping 'cabinet dentaire' in Roubaix...
2026-04-01 06:25:30,196 [pagesjaunes] WARNING: PJ blocked (403) for cabinet dentaire in Roubaix page 1
2026-04-01 06:25:31,697 [pagesjaunes] INFO: PJ: Scraping 'dentiste' in Roubaix...
2026-04-01 06:25:31,718 [pagesjaunes] WARNING: PJ blocked (403) for dentiste in Roubaix page 1
2026-04-01 06:25:33,218 [pagesjaunes] INFO: PJ: Scraping 'medecin generaliste' in Roubaix...
2026-04-01 06:25:33,241 [pagesjaunes] WARNING: PJ blocked (403) for medecin generaliste in Roubaix page 1
2026-04-01 06:25:34,741 [pagesjaunes] INFO: PJ: Scraping 'medecin specialiste' in Roubaix...
2026-04-01 06:25:34,763 [pagesjaunes] WARNING: PJ blocked (403) for medecin specialiste in Roubaix page 1
2026-04-01 06:25:36,263 [pagesjaunes] INFO: PJ: Scraping 'cabinet medical' in Roubaix...
2026-04-01 06:25:36,285 [pagesjaunes] WARNING: PJ blocked (403) for cabinet medical in Roubaix page 1
2026-04-01 06:25:37,785 [pagesjaunes] INFO: PJ: Scraping 'centre de sante' in Roubaix...
2026-04-01 06:25:37,807 [pagesjaunes] WARNING: PJ blocked (403) for centre de sante in Roubaix page 1
2026-04-01 06:25:38,077 [api_entreprises] INFO: [47/344] paris NAF=86.22C CP=75007: 495 results
2026-04-01 06:25:39,308 [pagesjaunes] INFO: PJ: Scraping 'maison de sante' in Roubaix...
2026-04-01 06:25:39,330 [pagesjaunes] WARNING: PJ blocked (403) for maison de sante in Roubaix page 1
2026-04-01 06:25:40,831 [pagesjaunes] INFO: PJ: Scraping 'centre de radiologie' in Roubaix...
2026-04-01 06:25:40,853 [pagesjaunes] WARNING: PJ blocked (403) for centre de radiologie in Roubaix page 1
2026-04-01 06:25:42,353 [pagesjaunes] INFO: PJ: Scraping 'imagerie medicale' in Roubaix...
2026-04-01 06:25:42,376 [pagesjaunes] WARNING: PJ blocked (403) for imagerie medicale in Roubaix page 1
2026-04-01 06:25:43,876 [pagesjaunes] INFO: PJ: Scraping 'centre de dialyse' in Roubaix...
2026-04-01 06:25:43,898 [pagesjaunes] WARNING: PJ blocked (403) for centre de dialyse in Roubaix page 1
2026-04-01 06:25:45,398 [pagesjaunes] INFO: PJ: Scraping 'kinesitherapeute' in Roubaix...
2026-04-01 06:25:45,420 [pagesjaunes] WARNING: PJ blocked (403) for kinesitherapeute in Roubaix page 1
2026-04-01 06:25:46,940 [pagesjaunes] INFO: PJ: Scraping 'ophtalmologue' in Roubaix...
2026-04-01 06:25:46,963 [pagesjaunes] WARNING: PJ blocked (403) for ophtalmologue in Roubaix page 1
2026-04-01 06:25:48,463 [pagesjaunes] INFO: PJ: Scraping 'ophtalmologiste' in Roubaix...
2026-04-01 06:25:48,485 [pagesjaunes] WARNING: PJ blocked (403) for ophtalmologiste in Roubaix page 1
2026-04-01 06:25:49,985 [pagesjaunes] INFO: PJ: Scraping 'dermatologue' in Roubaix...
2026-04-01 06:25:50,007 [pagesjaunes] WARNING: PJ blocked (403) for dermatologue in Roubaix page 1
2026-04-01 06:25:51,508 [pagesjaunes] INFO: PJ: Scraping 'cardiologue' in Roubaix...
2026-04-01 06:25:51,530 [pagesjaunes] WARNING: PJ blocked (403) for cardiologue in Roubaix page 1
2026-04-01 06:25:53,031 [pagesjaunes] INFO: PJ: Scraping 'gynecologue' in Roubaix...
2026-04-01 06:25:53,053 [pagesjaunes] WARNING: PJ blocked (403) for gynecologue in Roubaix page 1
2026-04-01 06:25:53,431 [api_entreprises] INFO: [48/344] paris NAF=86.22C CP=75008: 570 results
2026-04-01 06:25:54,553 [pagesjaunes] INFO: PJ: Scraping 'medecine du travail' in Roubaix...
2026-04-01 06:25:54,575 [pagesjaunes] WARNING: PJ blocked (403) for medecine du travail in Roubaix page 1
2026-04-01 06:25:56,075 [pagesjaunes] INFO: PJ: Scraping 'centre de vaccination' in Roubaix...
2026-04-01 06:25:56,097 [pagesjaunes] WARNING: PJ blocked (403) for centre de vaccination in Roubaix page 1
2026-04-01 06:25:57,597 [pagesjaunes] INFO: PJ: Scraping 'laboratoire d'analyses médicales' in Tourcoing...
2026-04-01 06:25:57,619 [pagesjaunes] WARNING: PJ blocked (403) for laboratoire d'analyses médicales in Tourcoing page 1
2026-04-01 06:25:59,119 [pagesjaunes] INFO: PJ: Scraping 'hopital' in Tourcoing...
2026-04-01 06:25:59,141 [pagesjaunes] WARNING: PJ blocked (403) for hopital in Tourcoing page 1
2026-04-01 06:26:00,641 [pagesjaunes] INFO: PJ: Scraping 'clinique' in Tourcoing...
2026-04-01 06:26:00,664 [pagesjaunes] WARNING: PJ blocked (403) for clinique in Tourcoing page 1
2026-04-01 06:26:02,164 [pagesjaunes] INFO: PJ: Scraping 'cabinet dentaire' in Tourcoing...
2026-04-01 06:26:02,186 [pagesjaunes] WARNING: PJ blocked (403) for cabinet dentaire in Tourcoing page 1
2026-04-01 06:26:03,686 [pagesjaunes] INFO: PJ: Scraping 'dentiste' in Tourcoing...
2026-04-01 06:26:03,708 [pagesjaunes] WARNING: PJ blocked (403) for dentiste in Tourcoing page 1
2026-04-01 06:26:04,448 [api_entreprises] INFO: [49/344] paris NAF=86.22C CP=75009: 357 results
2026-04-01 06:26:05,208 [pagesjaunes] INFO: PJ: Scraping 'medecin generaliste' in Tourcoing...
2026-04-01 06:26:05,234 [pagesjaunes] WARNING: PJ blocked (403) for medecin generaliste in Tourcoing page 1
2026-04-01 06:26:06,735 [pagesjaunes] INFO: PJ: Scraping 'medecin specialiste' in Tourcoing...
2026-04-01 06:26:06,757 [pagesjaunes] WARNING: PJ blocked (403) for medecin specialiste in Tourcoing page 1
2026-04-01 06:26:08,257 [pagesjaunes] INFO: PJ: Scraping 'cabinet medical' in Tourcoing...
2026-04-01 06:26:08,280 [pagesjaunes] WARNING: PJ blocked (403) for cabinet medical in Tourcoing page 1
2026-04-01 06:26:09,780 [pagesjaunes] INFO: PJ: Scraping 'centre de sante' in Tourcoing...
2026-04-01 06:26:09,804 [pagesjaunes] WARNING: PJ blocked (403) for centre de sante in Tourcoing page 1
2026-04-01 06:26:11,304 [pagesjaunes] INFO: PJ: Scraping 'maison de sante' in Tourcoing...
2026-04-01 06:26:11,325 [pagesjaunes] WARNING: PJ blocked (403) for maison de sante in Tourcoing page 1
2026-04-01 06:26:12,826 [pagesjaunes] INFO: PJ: Scraping 'centre de radiologie' in Tourcoing...
2026-04-01 06:26:12,847 [pagesjaunes] WARNING: PJ blocked (403) for centre de radiologie in Tourcoing page 1
2026-04-01 06:26:13,427 [api_entreprises] INFO: [50/344] paris NAF=86.22C CP=75010: 345 results
2026-04-01 06:26:14,347 [pagesjaunes] INFO: PJ: Scraping 'imagerie medicale' in Tourcoing...
2026-04-01 06:26:14,368 [pagesjaunes] WARNING: PJ blocked (403) for imagerie medicale in Tourcoing page 1
2026-04-01 06:26:15,869 [pagesjaunes] INFO: PJ: Scraping 'centre de dialyse' in Tourcoing...
2026-04-01 06:26:15,890 [pagesjaunes] WARNING: PJ blocked (403) for centre de dialyse in Tourcoing page 1
2026-04-01 06:26:17,390 [pagesjaunes] INFO: PJ: Scraping 'kinesitherapeute' in Tourcoing...
2026-04-01 06:26:17,413 [pagesjaunes] WARNING: PJ blocked (403) for kinesitherapeute in Tourcoing page 1
2026-04-01 06:26:18,913 [pagesjaunes] INFO: PJ: Scraping 'ophtalmologue' in Tourcoing...
2026-04-01 06:26:18,935 [pagesjaunes] WARNING: PJ blocked (403) for ophtalmologue in Tourcoing page 1
2026-04-01 06:26:20,435 [pagesjaunes] INFO: PJ: Scraping 'ophtalmologiste' in Tourcoing...
2026-04-01 06:26:20,457 [pagesjaunes] WARNING: PJ blocked (403) for ophtalmologiste in Tourcoing page 1
2026-04-01 06:26:21,958 [pagesjaunes] INFO: PJ: Scraping 'dermatologue' in Tourcoing...
2026-04-01 06:26:21,979 [pagesjaunes] WARNING: PJ blocked (403) for dermatologue in Tourcoing page 1
2026-04-01 06:26:23,479 [pagesjaunes] INFO: PJ: Scraping 'cardiologue' in Tourcoing...
2026-04-01 06:26:23,502 [pagesjaunes] WARNING: PJ blocked (403) for cardiologue in Tourcoing page 1
2026-04-01 06:26:25,003 [pagesjaunes] INFO: PJ: Scraping 'gynecologue' in Tourcoing...
2026-04-01 06:26:25,031 [pagesjaunes] WARNING: PJ blocked (403) for gynecologue in Tourcoing page 1
2026-04-01 06:26:26,532 [pagesjaunes] INFO: PJ: Scraping 'medecine du travail' in Tourcoing...
2026-04-01 06:26:26,553 [pagesjaunes] WARNING: PJ blocked (403) for medecine du travail in Tourcoing page 1
2026-04-01 06:26:28,054 [pagesjaunes] INFO: PJ: Scraping 'centre de vaccination' in Tourcoing...
2026-04-01 06:26:28,076 [pagesjaunes] WARNING: PJ blocked (403) for centre de vaccination in Tourcoing page 1
2026-04-01 06:26:29,576 [pagesjaunes] INFO: PJ: Scraping 'laboratoire d'analyses médicales' in Villeneuve-d'Ascq...
2026-04-01 06:26:29,599 [pagesjaunes] WARNING: PJ blocked (403) for laboratoire d'analyses médicales in Villeneuve-d'Ascq page 1
2026-04-01 06:26:31,099 [pagesjaunes] INFO: PJ: Scraping 'hopital' in Villeneuve-d'Ascq...
2026-04-01 06:26:31,123 [pagesjaunes] WARNING: PJ blocked (403) for hopital in Villeneuve-d'Ascq page 1
2026-04-01 06:26:32,623 [pagesjaunes] INFO: PJ: Scraping 'clinique' in Villeneuve-d'Ascq...
2026-04-01 06:26:32,647 [pagesjaunes] WARNING: PJ blocked (403) for clinique in Villeneuve-d'Ascq page 1
2026-04-01 06:26:34,148 [pagesjaunes] INFO: PJ: Scraping 'cabinet dentaire' in Villeneuve-d'Ascq...
2026-04-01 06:26:34,169 [pagesjaunes] WARNING: PJ blocked (403) for cabinet dentaire in Villeneuve-d'Ascq page 1
2026-04-01 06:26:35,669 [pagesjaunes] INFO: PJ: Scraping 'dentiste' in Villeneuve-d'Ascq...
2026-04-01 06:26:35,692 [pagesjaunes] WARNING: PJ blocked (403) for dentiste in Villeneuve-d'Ascq page 1
2026-04-01 06:26:37,193 [pagesjaunes] INFO: PJ: Scraping 'medecin generaliste' in Villeneuve-d'Ascq...
2026-04-01 06:26:37,215 [pagesjaunes] WARNING: PJ blocked (403) for medecin generaliste in Villeneuve-d'Ascq page 1
2026-04-01 06:26:38,716 [pagesjaunes] INFO: PJ: Scraping 'medecin specialiste' in Villeneuve-d'Ascq...
2026-04-01 06:26:38,737 [pagesjaunes] WARNING: PJ blocked (403) for medecin specialiste in Villeneuve-d'Ascq page 1
2026-04-01 06:26:40,237 [pagesjaunes] INFO: PJ: Scraping 'cabinet medical' in Villeneuve-d'Ascq...
2026-04-01 06:26:40,258 [pagesjaunes] WARNING: PJ blocked (403) for cabinet medical in Villeneuve-d'Ascq page 1
2026-04-01 06:26:40,959 [api_entreprises] INFO: [51/344] paris NAF=86.22C CP=75011: 642 results
2026-04-01 06:26:41,758 [pagesjaunes] INFO: PJ: Scraping 'centre de sante' in Villeneuve-d'Ascq...
2026-04-01 06:26:41,780 [pagesjaunes] WARNING: PJ blocked (403) for centre de sante in Villeneuve-d'Ascq page 1
2026-04-01 06:26:43,281 [pagesjaunes] INFO: PJ: Scraping 'maison de sante' in Villeneuve-d'Ascq...
2026-04-01 06:26:43,303 [pagesjaunes] WARNING: PJ blocked (403) for maison de sante in Villeneuve-d'Ascq page 1
2026-04-01 06:26:44,803 [pagesjaunes] INFO: PJ: Scraping 'centre de radiologie' in Villeneuve-d'Ascq...
2026-04-01 06:26:44,828 [pagesjaunes] WARNING: PJ blocked (403) for centre de radiologie in Villeneuve-d'Ascq page 1
2026-04-01 06:26:46,329 [pagesjaunes] INFO: PJ: Scraping 'imagerie medicale' in Villeneuve-d'Ascq...
2026-04-01 06:26:46,351 [pagesjaunes] WARNING: PJ blocked (403) for imagerie medicale in Villeneuve-d'Ascq page 1
2026-04-01 06:26:47,852 [pagesjaunes] INFO: PJ: Scraping 'centre de dialyse' in Villeneuve-d'Ascq...
2026-04-01 06:26:47,874 [pagesjaunes] WARNING: PJ blocked (403) for centre de dialyse in Villeneuve-d'Ascq page 1
2026-04-01 06:26:49,374 [pagesjaunes] INFO: PJ: Scraping 'kinesitherapeute' in Villeneuve-d'Ascq...
2026-04-01 06:26:49,396 [pagesjaunes] WARNING: PJ blocked (403) for kinesitherapeute in Villeneuve-d'Ascq page 1
2026-04-01 06:26:50,896 [pagesjaunes] INFO: PJ: Scraping 'ophtalmologue' in Villeneuve-d'Ascq...
2026-04-01 06:26:50,918 [pagesjaunes] WARNING: PJ blocked (403) for ophtalmologue in Villeneuve-d'Ascq page 1
2026-04-01 06:26:52,418 [pagesjaunes] INFO: PJ: Scraping 'ophtalmologiste' in Villeneuve-d'Ascq...
2026-04-01 06:26:52,439 [pagesjaunes] WARNING: PJ blocked (403) for ophtalmologiste in Villeneuve-d'Ascq page 1
2026-04-01 06:26:53,939 [pagesjaunes] INFO: PJ: Scraping 'dermatologue' in Villeneuve-d'Ascq...
2026-04-01 06:26:53,960 [pagesjaunes] WARNING: PJ blocked (403) for dermatologue in Villeneuve-d'Ascq page 1
2026-04-01 06:26:55,461 [pagesjaunes] INFO: PJ: Scraping 'cardiologue' in Villeneuve-d'Ascq...
2026-04-01 06:26:55,483 [pagesjaunes] WARNING: PJ blocked (403) for cardiologue in Villeneuve-d'Ascq page 1
2026-04-01 06:26:56,983 [pagesjaunes] INFO: PJ: Scraping 'gynecologue' in Villeneuve-d'Ascq...
2026-04-01 06:26:57,005 [pagesjaunes] WARNING: PJ blocked (403) for gynecologue in Villeneuve-d'Ascq page 1
2026-04-01 06:26:58,505 [pagesjaunes] INFO: PJ: Scraping 'medecine du travail' in Villeneuve-d'Ascq...
2026-04-01 06:26:58,528 [pagesjaunes] WARNING: PJ blocked (403) for medecine du travail in Villeneuve-d'Ascq page 1
2026-04-01 06:27:00,028 [pagesjaunes] INFO: PJ: Scraping 'centre de vaccination' in Villeneuve-d'Ascq...
2026-04-01 06:27:00,051 [pagesjaunes] WARNING: PJ blocked (403) for centre de vaccination in Villeneuve-d'Ascq page 1
2026-04-01 06:27:01,551 [pagesjaunes] INFO: PJ: Scraping 'laboratoire d'analyses médicales' in Lambersart...
2026-04-01 06:27:01,572 [pagesjaunes] WARNING: PJ blocked (403) for laboratoire d'analyses médicales in Lambersart page 1
2026-04-01 06:27:03,073 [pagesjaunes] INFO: PJ: Scraping 'hopital' in Lambersart...
2026-04-01 06:27:03,095 [pagesjaunes] WARNING: PJ blocked (403) for hopital in Lambersart page 1
2026-04-01 06:27:04,595 [pagesjaunes] INFO: PJ: Scraping 'clinique' in Lambersart...
2026-04-01 06:27:04,617 [pagesjaunes] WARNING: PJ blocked (403) for clinique in Lambersart page 1
2026-04-01 06:27:06,117 [pagesjaunes] INFO: PJ: Scraping 'cabinet dentaire' in Lambersart...
2026-04-01 06:27:06,139 [pagesjaunes] WARNING: PJ blocked (403) for cabinet dentaire in Lambersart page 1
2026-04-01 06:27:07,639 [pagesjaunes] INFO: PJ: Scraping 'dentiste' in Lambersart...
2026-04-01 06:27:07,662 [pagesjaunes] WARNING: PJ blocked (403) for dentiste in Lambersart page 1
2026-04-01 06:27:09,162 [pagesjaunes] INFO: PJ: Scraping 'medecin generaliste' in Lambersart...
2026-04-01 06:27:09,184 [pagesjaunes] WARNING: PJ blocked (403) for medecin generaliste in Lambersart page 1
2026-04-01 06:27:10,684 [pagesjaunes] INFO: PJ: Scraping 'medecin specialiste' in Lambersart...
2026-04-01 06:27:10,707 [pagesjaunes] WARNING: PJ blocked (403) for medecin specialiste in Lambersart page 1
2026-04-01 06:27:12,207 [pagesjaunes] INFO: PJ: Scraping 'cabinet medical' in Lambersart...
2026-04-01 06:27:12,227 [pagesjaunes] WARNING: PJ blocked (403) for cabinet medical in Lambersart page 1
2026-04-01 06:27:13,728 [pagesjaunes] INFO: PJ: Scraping 'centre de sante' in Lambersart...
2026-04-01 06:27:13,751 [pagesjaunes] WARNING: PJ blocked (403) for centre de sante in Lambersart page 1
2026-04-01 06:27:15,251 [pagesjaunes] INFO: PJ: Scraping 'maison de sante' in Lambersart...
2026-04-01 06:27:15,274 [pagesjaunes] WARNING: PJ blocked (403) for maison de sante in Lambersart page 1
2026-04-01 06:27:16,775 [pagesjaunes] INFO: PJ: Scraping 'centre de radiologie' in Lambersart...
2026-04-01 06:27:16,797 [pagesjaunes] WARNING: PJ blocked (403) for centre de radiologie in Lambersart page 1
2026-04-01 06:27:18,297 [pagesjaunes] INFO: PJ: Scraping 'imagerie medicale' in Lambersart...
2026-04-01 06:27:18,319 [pagesjaunes] WARNING: PJ blocked (403) for imagerie medicale in Lambersart page 1
2026-04-01 06:27:19,819 [pagesjaunes] INFO: PJ: Scraping 'centre de dialyse' in Lambersart...
2026-04-01 06:27:19,842 [pagesjaunes] WARNING: PJ blocked (403) for centre de dialyse in Lambersart page 1
2026-04-01 06:27:21,342 [pagesjaunes] INFO: PJ: Scraping 'kinesitherapeute' in Lambersart...
2026-04-01 06:27:21,365 [pagesjaunes] WARNING: PJ blocked (403) for kinesitherapeute in Lambersart page 1
2026-04-01 06:27:22,865 [pagesjaunes] INFO: PJ: Scraping 'ophtalmologue' in Lambersart...
2026-04-01 06:27:22,891 [pagesjaunes] WARNING: PJ blocked (403) for ophtalmologue in Lambersart page 1
2026-04-01 06:27:24,391 [pagesjaunes] INFO: PJ: Scraping 'ophtalmologiste' in Lambersart...
2026-04-01 06:27:24,413 [pagesjaunes] WARNING: PJ blocked (403) for ophtalmologiste in Lambersart page 1
2026-04-01 06:27:25,914 [pagesjaunes] INFO: PJ: Scraping 'dermatologue' in Lambersart...
2026-04-01 06:27:25,935 [pagesjaunes] WARNING: PJ blocked (403) for dermatologue in Lambersart page 1
2026-04-01 06:27:25,994 [api_entreprises] INFO: [52/344] paris NAF=86.22C CP=75012: 622 results
2026-04-01 06:27:27,436 [pagesjaunes] INFO: PJ: Scraping 'cardiologue' in Lambersart...
2026-04-01 06:27:27,458 [pagesjaunes] WARNING: PJ blocked (403) for cardiologue in Lambersart page 1
2026-04-01 06:27:28,958 [pagesjaunes] INFO: PJ: Scraping 'gynecologue' in Lambersart...
2026-04-01 06:27:28,980 [pagesjaunes] WARNING: PJ blocked (403) for gynecologue in Lambersart page 1
2026-04-01 06:27:30,480 [pagesjaunes] INFO: PJ: Scraping 'medecine du travail' in Lambersart...
2026-04-01 06:27:30,504 [pagesjaunes] WARNING: PJ blocked (403) for medecine du travail in Lambersart page 1
2026-04-01 06:27:32,005 [pagesjaunes] INFO: PJ: Scraping 'centre de vaccination' in Lambersart...
2026-04-01 06:27:32,026 [pagesjaunes] WARNING: PJ blocked (403) for centre de vaccination in Lambersart page 1
2026-04-01 06:27:33,526 [pagesjaunes] INFO: PJ: Scraping 'laboratoire d'analyses médicales' in La Madeleine...
2026-04-01 06:27:33,549 [pagesjaunes] WARNING: PJ blocked (403) for laboratoire d'analyses médicales in La Madeleine page 1
2026-04-01 06:27:35,050 [pagesjaunes] INFO: PJ: Scraping 'hopital' in La Madeleine...
2026-04-01 06:27:35,071 [pagesjaunes] WARNING: PJ blocked (403) for hopital in La Madeleine page 1
2026-04-01 06:27:36,571 [pagesjaunes] INFO: PJ: Scraping 'clinique' in La Madeleine...
2026-04-01 06:27:36,594 [pagesjaunes] WARNING: PJ blocked (403) for clinique in La Madeleine page 1
2026-04-01 06:27:38,094 [pagesjaunes] INFO: PJ: Scraping 'cabinet dentaire' in La Madeleine...
2026-04-01 06:27:38,117 [pagesjaunes] WARNING: PJ blocked (403) for cabinet dentaire in La Madeleine page 1
2026-04-01 06:27:39,617 [pagesjaunes] INFO: PJ: Scraping 'dentiste' in La Madeleine...
2026-04-01 06:27:39,640 [pagesjaunes] WARNING: PJ blocked (403) for dentiste in La Madeleine page 1
2026-04-01 06:27:41,140 [pagesjaunes] INFO: PJ: Scraping 'medecin generaliste' in La Madeleine...
2026-04-01 06:27:41,162 [pagesjaunes] WARNING: PJ blocked (403) for medecin generaliste in La Madeleine page 1
2026-04-01 06:27:42,663 [pagesjaunes] INFO: PJ: Scraping 'medecin specialiste' in La Madeleine...
2026-04-01 06:27:42,685 [pagesjaunes] WARNING: PJ blocked (403) for medecin specialiste in La Madeleine page 1
2026-04-01 06:27:44,185 [pagesjaunes] INFO: PJ: Scraping 'cabinet medical' in La Madeleine...
2026-04-01 06:27:44,207 [pagesjaunes] WARNING: PJ blocked (403) for cabinet medical in La Madeleine page 1
2026-04-01 06:27:45,708 [pagesjaunes] INFO: PJ: Scraping 'centre de sante' in La Madeleine...
2026-04-01 06:27:45,731 [pagesjaunes] WARNING: PJ blocked (403) for centre de sante in La Madeleine page 1
2026-04-01 06:27:47,232 [pagesjaunes] INFO: PJ: Scraping 'maison de sante' in La Madeleine...
2026-04-01 06:27:47,254 [pagesjaunes] WARNING: PJ blocked (403) for maison de sante in La Madeleine page 1
2026-04-01 06:27:48,755 [pagesjaunes] INFO: PJ: Scraping 'centre de radiologie' in La Madeleine...
2026-04-01 06:27:48,777 [pagesjaunes] WARNING: PJ blocked (403) for centre de radiologie in La Madeleine page 1
2026-04-01 06:27:50,277 [pagesjaunes] INFO: PJ: Scraping 'imagerie medicale' in La Madeleine...
2026-04-01 06:27:50,299 [pagesjaunes] WARNING: PJ blocked (403) for imagerie medicale in La Madeleine page 1
2026-04-01 06:27:51,799 [pagesjaunes] INFO: PJ: Scraping 'centre de dialyse' in La Madeleine...
2026-04-01 06:27:51,820 [pagesjaunes] WARNING: PJ blocked (403) for centre de dialyse in La Madeleine page 1
2026-04-01 06:27:52,379 [api_entreprises] INFO: [53/344] paris NAF=86.22C CP=75013: 675 results
2026-04-01 06:27:53,321 [pagesjaunes] INFO: PJ: Scraping 'kinesitherapeute' in La Madeleine...
2026-04-01 06:27:53,343 [pagesjaunes] WARNING: PJ blocked (403) for kinesitherapeute in La Madeleine page 1
2026-04-01 06:27:54,843 [pagesjaunes] INFO: PJ: Scraping 'ophtalmologue' in La Madeleine...
2026-04-01 06:27:54,865 [pagesjaunes] WARNING: PJ blocked (403) for ophtalmologue in La Madeleine page 1
2026-04-01 06:27:56,365 [pagesjaunes] INFO: PJ: Scraping 'ophtalmologiste' in La Madeleine...
2026-04-01 06:27:56,393 [pagesjaunes] WARNING: PJ blocked (403) for ophtalmologiste in La Madeleine page 1
2026-04-01 06:27:57,894 [pagesjaunes] INFO: PJ: Scraping 'dermatologue' in La Madeleine...
2026-04-01 06:27:57,918 [pagesjaunes] WARNING: PJ blocked (403) for dermatologue in La Madeleine page 1
2026-04-01 06:27:59,418 [pagesjaunes] INFO: PJ: Scraping 'cardiologue' in La Madeleine...
2026-04-01 06:27:59,441 [pagesjaunes] WARNING: PJ blocked (403) for cardiologue in La Madeleine page 1
2026-04-01 06:28:00,941 [pagesjaunes] INFO: PJ: Scraping 'gynecologue' in La Madeleine...
2026-04-01 06:28:00,963 [pagesjaunes] WARNING: PJ blocked (403) for gynecologue in La Madeleine page 1
2026-04-01 06:28:02,463 [pagesjaunes] INFO: PJ: Scraping 'medecine du travail' in La Madeleine...
2026-04-01 06:28:02,485 [pagesjaunes] WARNING: PJ blocked (403) for medecine du travail in La Madeleine page 1
2026-04-01 06:28:03,986 [pagesjaunes] INFO: PJ: Scraping 'centre de vaccination' in La Madeleine...
2026-04-01 06:28:04,009 [pagesjaunes] WARNING: PJ blocked (403) for centre de vaccination in La Madeleine page 1
2026-04-01 06:28:05,510 [pagesjaunes] INFO: === Pages Jaunes LILLE: 0 results ===
2026-04-01 06:28:05,510 [pagesjaunes] INFO: Pages Jaunes (lille): 0 total results saved to data/pagesjaunes_lille.json
2026-04-01 06:28:33,949 [api_entreprises] WARNING: Failed: NAF=86.22C CP=75014 page=15
2026-04-01 06:28:33,950 [api_entreprises] INFO: [54/344] paris NAF=86.22C CP=75014: 350 results
2026-04-01 06:29:26,700 [api_entreprises] INFO: [55/344] paris NAF=86.22C CP=75015: 922 results
2026-04-01 06:30:17,889 [api_entreprises] INFO: [56/344] paris NAF=86.22C CP=75016: 1128 results
2026-04-01 06:31:06,109 [api_entreprises] INFO: [57/344] paris NAF=86.22C CP=75017: 820 results
2026-04-01 06:31:21,640 [api_entreprises] INFO: [58/344] paris NAF=86.22C CP=75018: 330 results
2026-04-01 06:31:57,623 [api_entreprises] INFO: [59/344] paris NAF=86.22C CP=75019: 299 results
2026-04-01 06:32:11,861 [api_entreprises] INFO: [60/344] paris NAF=86.22C CP=75020: 281 results
2026-04-01 06:32:21,595 [api_entreprises] INFO: [61/344] paris NAF=86.23Z CP=75001: 129 results
2026-04-01 06:32:31,963 [api_entreprises] INFO: [62/344] paris NAF=86.23Z CP=75002: 153 results
2026-04-01 06:32:40,529 [api_entreprises] INFO: [63/344] paris NAF=86.23Z CP=75003: 81 results
2026-04-01 06:32:43,685 [api_entreprises] INFO: [64/344] paris NAF=86.23Z CP=75004: 95 results
2026-04-01 06:33:14,879 [api_entreprises] WARNING: Failed: NAF=86.23Z CP=75005 page=1
2026-04-01 06:33:32,505 [api_entreprises] INFO: [66/344] paris NAF=86.23Z CP=75006: 189 results
2026-04-01 06:33:45,485 [api_entreprises] INFO: [67/344] paris NAF=86.23Z CP=75007: 216 results
2026-04-01 06:34:18,777 [api_entreprises] INFO: [68/344] paris NAF=86.23Z CP=75008: 566 results
2026-04-01 06:34:37,889 [api_entreprises] INFO: [69/344] paris NAF=86.23Z CP=75009: 256 results
2026-04-01 06:34:49,418 [api_entreprises] INFO: [70/344] paris NAF=86.23Z CP=75010: 189 results
2026-04-01 06:35:37,002 [api_entreprises] INFO: [71/344] paris NAF=86.23Z CP=75011: 335 results
2026-04-01 06:36:10,634 [api_entreprises] INFO: [72/344] paris NAF=86.23Z CP=75012: 363 results
2026-04-01 06:36:35,511 [api_entreprises] INFO: [73/344] paris NAF=86.23Z CP=75013: 284 results
2026-04-01 06:37:23,431 [api_entreprises] INFO: [74/344] paris NAF=86.23Z CP=75014: 319 results
2026-04-01 06:37:51,596 [api_entreprises] INFO: [75/344] paris NAF=86.23Z CP=75015: 508 results
2026-04-01 06:38:20,473 [api_entreprises] INFO: [76/344] paris NAF=86.23Z CP=75016: 800 results
2026-04-01 06:38:54,488 [api_entreprises] INFO: [77/344] paris NAF=86.23Z CP=75017: 593 results
2026-04-01 06:39:23,422 [api_entreprises] INFO: [78/344] paris NAF=86.23Z CP=75018: 224 results
2026-04-01 06:39:48,265 [api_entreprises] INFO: [79/344] paris NAF=86.23Z CP=75019: 232 results
2026-04-01 06:40:07,104 [api_entreprises] INFO: [80/344] paris NAF=86.23Z CP=75020: 232 results
2026-04-01 06:40:07,847 [api_entreprises] INFO: [81/344] paris NAF=86.10Z CP=75001: 6 results
2026-04-01 06:40:23,971 [api_entreprises] INFO: [82/344] paris NAF=86.10Z CP=75002: 5 results
2026-04-01 06:40:24,450 [api_entreprises] INFO: [83/344] paris NAF=86.10Z CP=75003: 5 results
2026-04-01 06:40:25,287 [api_entreprises] INFO: [84/344] paris NAF=86.10Z CP=75004: 6 results
2026-04-01 06:40:25,752 [api_entreprises] INFO: [85/344] paris NAF=86.10Z CP=75005: 15 results
2026-04-01 06:40:26,527 [api_entreprises] INFO: [86/344] paris NAF=86.10Z CP=75006: 14 results
2026-04-01 06:40:32,798 [api_entreprises] INFO: [87/344] paris NAF=86.10Z CP=75007: 19 results
2026-04-01 06:40:34,427 [api_entreprises] INFO: [88/344] paris NAF=86.10Z CP=75008: 40 results
2026-04-01 06:40:35,264 [api_entreprises] INFO: [89/344] paris NAF=86.10Z CP=75009: 25 results
2026-04-01 06:40:35,793 [api_entreprises] INFO: [90/344] paris NAF=86.10Z CP=75010: 18 results
2026-04-01 06:40:36,605 [api_entreprises] INFO: [91/344] paris NAF=86.10Z CP=75011: 22 results
2026-04-01 06:40:37,068 [api_entreprises] INFO: [92/344] paris NAF=86.10Z CP=75012: 24 results
2026-04-01 06:40:38,753 [api_entreprises] INFO: [93/344] paris NAF=86.10Z CP=75013: 49 results
2026-04-01 06:40:40,440 [api_entreprises] INFO: [94/344] paris NAF=86.10Z CP=75014: 26 results
2026-04-01 06:40:42,290 [api_entreprises] INFO: [95/344] paris NAF=86.10Z CP=75015: 32 results
2026-04-01 06:40:43,352 [api_entreprises] INFO: [96/344] paris NAF=86.10Z CP=75016: 49 results
2026-04-01 06:40:44,979 [api_entreprises] INFO: [97/344] paris NAF=86.10Z CP=75017: 32 results
2026-04-01 06:40:45,474 [api_entreprises] INFO: [98/344] paris NAF=86.10Z CP=75018: 13 results
2026-04-01 06:40:46,649 [api_entreprises] INFO: [99/344] paris NAF=86.10Z CP=75019: 33 results
2026-04-01 06:40:47,436 [api_entreprises] INFO: [100/344] paris NAF=86.10Z CP=75020: 19 results
2026-04-01 06:40:47,884 [api_entreprises] INFO: [101/344] paris NAF=86.90B CP=75001: 9 results
2026-04-01 06:40:48,322 [api_entreprises] INFO: [102/344] paris NAF=86.90B CP=75002: 5 results
2026-04-01 06:40:49,075 [api_entreprises] INFO: [103/344] paris NAF=86.90B CP=75003: 5 results
2026-04-01 06:40:49,547 [api_entreprises] INFO: [104/344] paris NAF=86.90B CP=75004: 10 results
2026-04-01 06:40:50,323 [api_entreprises] INFO: [105/344] paris NAF=86.90B CP=75005: 19 results
2026-04-01 06:40:50,773 [api_entreprises] INFO: [106/344] paris NAF=86.90B CP=75006: 13 results
2026-04-01 06:40:51,289 [api_entreprises] INFO: [107/344] paris NAF=86.90B CP=75007: 21 results
2026-04-01 06:40:51,753 [api_entreprises] INFO: [108/344] paris NAF=86.90B CP=75008: 18 results
2026-04-01 06:40:52,217 [api_entreprises] INFO: [109/344] paris NAF=86.90B CP=75009: 14 results
2026-04-01 06:40:52,987 [api_entreprises] INFO: [110/344] paris NAF=86.90B CP=75010: 13 results
2026-04-01 06:40:54,792 [api_entreprises] INFO: [111/344] paris NAF=86.90B CP=75011: 30 results
2026-04-01 06:40:55,591 [api_entreprises] INFO: [112/344] paris NAF=86.90B CP=75012: 24 results
2026-04-01 06:40:56,395 [api_entreprises] INFO: [113/344] paris NAF=86.90B CP=75013: 24 results
2026-04-01 06:40:57,772 [api_entreprises] INFO: [114/344] paris NAF=86.90B CP=75014: 32 results
2026-04-01 06:40:58,793 [api_entreprises] INFO: [115/344] paris NAF=86.90B CP=75015: 46 results
2026-04-01 06:41:30,178 [api_entreprises] WARNING: Failed: NAF=86.90B CP=75016 page=2
2026-04-01 06:41:30,179 [api_entreprises] INFO: [116/344] paris NAF=86.90B CP=75016: 25 results
2026-04-01 06:41:31,484 [api_entreprises] INFO: [117/344] paris NAF=86.90B CP=75017: 33 results
2026-04-01 06:41:32,267 [api_entreprises] INFO: [118/344] paris NAF=86.90B CP=75018: 22 results
2026-04-01 06:41:32,833 [api_entreprises] INFO: [119/344] paris NAF=86.90B CP=75019: 24 results
2026-04-01 06:41:40,081 [api_entreprises] INFO: [120/344] paris NAF=86.90B CP=75020: 26 results
2026-04-01 06:41:47,009 [api_entreprises] INFO: [121/344] paris NAF=86.90E CP=75001: 226 results
2026-04-01 06:41:53,207 [api_entreprises] INFO: [122/344] paris NAF=86.90E CP=75002: 225 results
2026-04-01 06:42:04,060 [api_entreprises] INFO: [123/344] paris NAF=86.90E CP=75003: 349 results
2026-04-01 06:42:19,107 [api_entreprises] INFO: [124/344] paris NAF=86.90E CP=75004: 279 results
2026-04-01 06:43:04,303 [api_entreprises] INFO: [125/344] paris NAF=86.90E CP=75005: 457 results
2026-04-01 06:43:44,069 [api_entreprises] INFO: [126/344] paris NAF=86.90E CP=75006: 407 results
2026-04-01 06:44:22,832 [api_entreprises] WARNING: Failed: NAF=86.90E CP=75007 page=3
2026-04-01 06:44:22,832 [api_entreprises] INFO: [127/344] paris NAF=86.90E CP=75007: 50 results
2026-04-01 06:45:20,697 [api_entreprises] INFO: [128/344] paris NAF=86.90E CP=75008: 692 results
2026-04-01 06:46:30,417 [api_entreprises] INFO: [129/344] paris NAF=86.90E CP=75009: 675 results
2026-04-01 06:47:38,568 [api_entreprises] INFO: [130/344] paris NAF=86.90E CP=75010: 603 results
2026-04-01 06:48:48,806 [api_entreprises] INFO: [131/344] paris NAF=86.90E CP=75011: 1170 results
2026-04-01 06:49:59,377 [api_entreprises] INFO: [132/344] paris NAF=86.90E CP=75012: 1268 results
2026-04-01 06:50:49,079 [api_entreprises] INFO: [133/344] paris NAF=86.90E CP=75013: 1116 results
2026-04-01 06:52:08,269 [api_entreprises] INFO: [134/344] paris NAF=86.90E CP=75014: 1021 results
2026-04-01 06:53:45,428 [api_entreprises] INFO: [135/344] paris NAF=86.90E CP=75015: 1948 results
2026-04-01 06:54:50,927 [api_entreprises] INFO: [136/344] paris NAF=86.90E CP=75016: 1234 results
2026-04-01 06:56:17,180 [api_entreprises] INFO: [137/344] paris NAF=86.90E CP=75017: 1300 results
2026-04-01 06:57:37,060 [api_entreprises] INFO: [138/344] paris NAF=86.90E CP=75018: 983 results
2026-04-01 06:58:22,438 [api_entreprises] WARNING: Failed: NAF=86.90E CP=75019 page=13
2026-04-01 06:58:22,439 [api_entreprises] INFO: [139/344] paris NAF=86.90E CP=75019: 300 results
2026-04-01 07:00:23,276 [api_entreprises] INFO: [140/344] paris NAF=86.90E CP=75020: 1008 results
2026-04-01 07:00:34,782 [api_entreprises] INFO: [141/344] paris NAF=86.90F CP=75001: 169 results
2026-04-01 07:01:18,123 [api_entreprises] INFO: [142/344] paris NAF=86.90F CP=75002: 213 results
2026-04-01 07:02:02,851 [api_entreprises] INFO: [143/344] paris NAF=86.90F CP=75003: 345 results
2026-04-01 07:02:10,500 [api_entreprises] INFO: [144/344] paris NAF=86.90F CP=75004: 228 results
2026-04-01 07:02:19,875 [api_entreprises] INFO: [145/344] paris NAF=86.90F CP=75005: 320 results
2026-04-01 07:02:36,310 [api_entreprises] INFO: [146/344] paris NAF=86.90F CP=75006: 333 results
2026-04-01 07:03:51,290 [api_entreprises] INFO: [147/344] paris NAF=86.90F CP=75007: 342 results
2026-04-01 07:04:22,280 [api_entreprises] INFO: [148/344] paris NAF=86.90F CP=75008: 481 results
2026-04-01 07:05:21,203 [api_entreprises] WARNING: Failed: NAF=86.90F CP=75009 page=22
2026-04-01 07:05:21,203 [api_entreprises] INFO: [149/344] paris NAF=86.90F CP=75009: 525 results
2026-04-01 07:05:59,858 [api_entreprises] WARNING: Failed: NAF=86.90F CP=75010 page=10
2026-04-01 07:05:59,858 [api_entreprises] INFO: [150/344] paris NAF=86.90F CP=75010: 225 results
2026-04-01 07:06:54,666 [api_entreprises] WARNING: Failed: NAF=86.90F CP=75011 page=10
2026-04-01 07:06:54,666 [api_entreprises] INFO: [151/344] paris NAF=86.90F CP=75011: 225 results
2026-04-01 07:07:28,372 [api_entreprises] WARNING: Failed: NAF=86.90F CP=75012 page=3
2026-04-01 07:07:28,373 [api_entreprises] INFO: [152/344] paris NAF=86.90F CP=75012: 50 results
2026-04-01 07:09:21,060 [api_entreprises] WARNING: Failed: NAF=86.90F CP=75013 page=22
2026-04-01 07:09:21,061 [api_entreprises] INFO: [153/344] paris NAF=86.90F CP=75013: 525 results
2026-04-01 07:10:13,790 [api_entreprises] WARNING: Failed: NAF=86.90F CP=75014 page=12
2026-04-01 07:10:13,791 [api_entreprises] INFO: [154/344] paris NAF=86.90F CP=75014: 275 results
2026-04-01 07:10:45,098 [api_entreprises] WARNING: Failed: NAF=86.90F CP=75015 page=1
2026-04-01 07:11:24,986 [api_entreprises] WARNING: Failed: NAF=86.90F CP=75016 page=4
2026-04-01 07:11:24,987 [api_entreprises] INFO: [156/344] paris NAF=86.90F CP=75016: 75 results
2026-04-01 07:13:33,516 [api_entreprises] INFO: [157/344] paris NAF=86.90F CP=75017: 759 results
2026-04-01 07:14:40,870 [api_entreprises] INFO: [158/344] paris NAF=86.90F CP=75018: 625 results
2026-04-01 07:15:23,829 [api_entreprises] INFO: [159/344] paris NAF=86.90F CP=75019: 540 results
2026-04-01 07:16:19,454 [api_entreprises] WARNING: Failed: NAF=86.90F CP=75020 page=18
2026-04-01 07:16:19,455 [api_entreprises] INFO: [160/344] paris NAF=86.90F CP=75020: 425 results
2026-04-01 07:16:19,655 [api_entreprises] INFO: === PARIS: 48967 total results ===
2026-04-01 07:16:43,017 [api_entreprises] INFO: [161/344] marseille NAF=86.21Z CP=13001: 207 results
2026-04-01 07:17:02,832 [api_entreprises] INFO: [162/344] marseille NAF=86.21Z CP=13002: 87 results
2026-04-01 07:17:23,481 [api_entreprises] INFO: [163/344] marseille NAF=86.21Z CP=13003: 139 results
2026-04-01 07:18:01,813 [api_entreprises] INFO: [164/344] marseille NAF=86.21Z CP=13004: 173 results
2026-04-01 07:18:27,921 [api_entreprises] INFO: [165/344] marseille NAF=86.21Z CP=13005: 295 results
2026-04-01 07:19:07,316 [api_entreprises] WARNING: Failed: NAF=86.21Z CP=13006 page=4
2026-04-01 07:19:07,316 [api_entreprises] INFO: [166/344] marseille NAF=86.21Z CP=13006: 75 results
2026-04-01 07:19:36,481 [api_entreprises] INFO: [167/344] marseille NAF=86.21Z CP=13007: 210 results
2026-04-01 07:20:32,553 [api_entreprises] INFO: [168/344] marseille NAF=86.21Z CP=13008: 527 results
2026-04-01 07:20:45,836 [api_entreprises] INFO: [169/344] marseille NAF=86.21Z CP=13009: 275 results
2026-04-01 07:20:51,595 [api_entreprises] INFO: [170/344] marseille NAF=86.21Z CP=13010: 184 results
2026-04-01 07:21:00,844 [api_entreprises] INFO: [171/344] marseille NAF=86.21Z CP=13011: 101 results
2026-04-01 07:21:24,750 [api_entreprises] INFO: [172/344] marseille NAF=86.21Z CP=13012: 242 results
2026-04-01 07:22:08,681 [api_entreprises] INFO: [173/344] marseille NAF=86.21Z CP=13013: 200 results
2026-04-01 07:23:04,096 [api_entreprises] WARNING: Failed: NAF=86.21Z CP=13014 page=4
2026-04-01 07:23:04,096 [api_entreprises] INFO: [174/344] marseille NAF=86.21Z CP=13014: 75 results
2026-04-01 07:23:32,430 [api_entreprises] INFO: [175/344] marseille NAF=86.21Z CP=13015: 161 results
2026-04-01 07:23:51,116 [api_entreprises] INFO: [176/344] marseille NAF=86.21Z CP=13016: 75 results
2026-04-01 07:23:51,580 [api_entreprises] INFO: [177/344] marseille NAF=86.22A CP=13001: 6 results
2026-04-01 07:23:57,828 [api_entreprises] INFO: [178/344] marseille NAF=86.22A CP=13002: 7 results
2026-04-01 07:24:04,078 [api_entreprises] INFO: [179/344] marseille NAF=86.22A CP=13003: 9 results
2026-04-01 07:24:04,504 [api_entreprises] INFO: [180/344] marseille NAF=86.22A CP=13004: 10 results
2026-04-01 07:24:10,438 [api_entreprises] INFO: [181/344] marseille NAF=86.22A CP=13005: 14 results
2026-04-01 07:24:11,900 [api_entreprises] INFO: [182/344] marseille NAF=86.22A CP=13006: 28 results
2026-04-01 07:24:18,304 [api_entreprises] INFO: [183/344] marseille NAF=86.22A CP=13007: 20 results
2026-04-01 07:24:24,950 [api_entreprises] INFO: [184/344] marseille NAF=86.22A CP=13008: 48 results
2026-04-01 07:24:25,440 [api_entreprises] INFO: [185/344] marseille NAF=86.22A CP=13009: 23 results
2026-04-01 07:24:31,376 [api_entreprises] INFO: [186/344] marseille NAF=86.22A CP=13010: 11 results
2026-04-01 07:24:32,113 [api_entreprises] INFO: [187/344] marseille NAF=86.22A CP=13011: 3 results
2026-04-01 07:24:33,431 [api_entreprises] INFO: [188/344] marseille NAF=86.22A CP=13012: 32 results
2026-04-01 07:24:34,192 [api_entreprises] INFO: [189/344] marseille NAF=86.22A CP=13013: 15 results
2026-04-01 07:24:34,613 [api_entreprises] INFO: [190/344] marseille NAF=86.22A CP=13014: 3 results
2026-04-01 07:25:06,441 [api_entreprises] WARNING: Failed: NAF=86.22A CP=13015 page=1
2026-04-01 07:25:07,177 [api_entreprises] INFO: [192/344] marseille NAF=86.22A CP=13016: 1 results
2026-04-01 07:26:08,767 [api_entreprises] WARNING: Failed: NAF=86.22C CP=13001 page=4
2026-04-01 07:26:08,768 [api_entreprises] INFO: [193/344] marseille NAF=86.22C CP=13001: 75 results
2026-04-01 07:26:11,251 [api_entreprises] INFO: [194/344] marseille NAF=86.22C CP=13002: 65 results
2026-04-01 07:26:38,408 [api_entreprises] INFO: [195/344] marseille NAF=86.22C CP=13003: 152 results
2026-04-01 07:26:52,278 [api_entreprises] INFO: [196/344] marseille NAF=86.22C CP=13004: 99 results
2026-04-01 07:27:17,661 [api_entreprises] INFO: [197/344] marseille NAF=86.22C CP=13005: 254 results
2026-04-01 07:27:49,379 [api_entreprises] WARNING: Failed: NAF=86.22C CP=13006 page=1
2026-04-01 07:28:10,280 [api_entreprises] INFO: [199/344] marseille NAF=86.22C CP=13007: 149 results
2026-04-01 07:29:23,196 [doctolib] INFO: Session init: 200, cookies: ['ssid', 'locale', 'esid', '_doctolib_session', '__cf_bm', '_cfuvid']
2026-04-01 07:29:23,196 [doctolib] INFO: === Doctolib: Starting PARIS ===
2026-04-01 07:29:23,196 [doctolib] INFO: Scraping 'laboratoire-d-analyses-medicales' in paris...
2026-04-01 07:29:23,403 [doctolib] ERROR: Error scraping laboratoire-d-analyses-medicales/paris page 1: Expecting value: line 1 column 1 (char 0)
2026-04-01 07:29:23,403 [doctolib] INFO:   => 0 records for laboratoire-d-analyses-medicales/paris
2026-04-01 07:29:24,903 [doctolib] INFO: Scraping 'laboratoire' in paris...
2026-04-01 07:29:25,134 [doctolib] ERROR: Error scraping laboratoire/paris page 1: Expecting value: line 1 column 1 (char 0)
2026-04-01 07:29:25,134 [doctolib] INFO:   => 0 records for laboratoire/paris
2026-04-01 07:29:26,635 [doctolib] INFO: Scraping 'hopital-public' in paris...
2026-04-01 07:29:26,850 [doctolib] ERROR: Error scraping hopital-public/paris page 1: Expecting value: line 1 column 1 (char 0)
2026-04-01 07:29:26,850 [doctolib] INFO:   => 0 records for hopital-public/paris
2026-04-01 07:29:28,350 [doctolib] INFO: Scraping 'dentiste' in paris...
2026-04-01 07:29:28,572 [doctolib] ERROR: Error scraping dentiste/paris page 1: Expecting value: line 1 column 1 (char 0)
2026-04-01 07:29:28,573 [doctolib] INFO:   => 0 records for dentiste/paris
2026-04-01 07:29:30,073 [doctolib] INFO: Scraping 'medecin-generaliste' in paris...
2026-04-01 07:29:30,436 [doctolib] ERROR: Error scraping medecin-generaliste/paris page 1: Expecting value: line 1 column 1 (char 0)
2026-04-01 07:29:30,436 [doctolib] INFO:   => 0 records for medecin-generaliste/paris
2026-04-01 07:29:31,937 [doctolib] INFO: Scraping 'radiologue' in paris...
2026-04-01 07:29:32,154 [doctolib] ERROR: Error scraping radiologue/paris page 1: Expecting value: line 1 column 1 (char 0)
2026-04-01 07:29:32,154 [doctolib] INFO:   => 0 records for radiologue/paris
2026-04-01 07:29:33,654 [doctolib] INFO: Scraping 'masseur-kinesitherapeute' in paris...
2026-04-01 07:29:33,878 [doctolib] ERROR: Error scraping masseur-kinesitherapeute/paris page 1: Expecting value: line 1 column 1 (char 0)
2026-04-01 07:29:33,878 [doctolib] INFO:   => 0 records for masseur-kinesitherapeute/paris
2026-04-01 07:29:35,379 [doctolib] INFO: Scraping 'ophtalmologue' in paris...
2026-04-01 07:29:35,593 [doctolib] ERROR: Error scraping ophtalmologue/paris page 1: Expecting value: line 1 column 1 (char 0)
2026-04-01 07:29:35,593 [doctolib] INFO:   => 0 records for ophtalmologue/paris
2026-04-01 07:29:37,093 [doctolib] INFO: Scraping 'clinique-privee' in paris...
2026-04-01 07:29:37,302 [doctolib] ERROR: Error scraping clinique-privee/paris page 1: Expecting value: line 1 column 1 (char 0)
2026-04-01 07:29:37,302 [doctolib] INFO:   => 0 records for clinique-privee/paris
2026-04-01 07:29:38,802 [doctolib] INFO: Scraping 'centre-de-sante' in paris...
2026-04-01 07:29:39,026 [doctolib] ERROR: Error scraping centre-de-sante/paris page 1: Expecting value: line 1 column 1 (char 0)
2026-04-01 07:29:39,026 [doctolib] INFO:   => 0 records for centre-de-sante/paris
2026-04-01 07:29:40,526 [doctolib] INFO: City paris: 0 raw, 0 after dedup
2026-04-01 07:29:40,527 [doctolib] INFO:   Category breakdown: {"laboratoire-d-analyses-medicales": 0, "laboratoire": 0, "hopital-public": 0, "dentiste": 0, "medecin-generaliste": 0, "radiologue": 0, "masseur-kinesitherapeute": 0, "ophtalmologue": 0, "clinique-privee": 0, "centre-de-sante": 0}
2026-04-01 07:29:40,527 [doctolib] INFO: === Doctolib PARIS: 0 records saved to data/doctolib_paris.json ===
2026-04-01 07:29:40,527 [doctolib] INFO: === Doctolib TOTAL: 0 records across 1 cities ===
2026-04-01 07:30:18,871 [api_entreprises] WARNING: Failed: NAF=86.22C CP=13008 page=27
2026-04-01 07:30:18,871 [api_entreprises] INFO: [200/344] marseille NAF=86.22C CP=13008: 650 results
2026-04-01 07:30:21,489 [doctolib] INFO: Session init: 200, cookies: ['ssid', 'locale', 'esid', '_doctolib_session', '__cf_bm', '_cfuvid']
2026-04-01 07:30:21,721 [doctolib] INFO:   medecin-generaliste/paris page 1: 20 providers (total: 8230)
2026-04-01 07:30:23,150 [doctolib] INFO:   medecin-generaliste/paris page 2: 20 providers (total: 8230)
2026-04-01 07:30:24,786 [doctolib] INFO:   medecin-generaliste/paris page 3: 20 providers (total: 8230)
2026-04-01 07:30:26,625 [doctolib] INFO:   medecin-generaliste/paris page 4: 20 providers (total: 8230)
2026-04-01 07:30:28,710 [doctolib] INFO:   medecin-generaliste/paris page 5: 20 providers (total: 8230)
2026-04-01 07:30:29,975 [doctolib] INFO:   medecin-generaliste/paris page 6: 20 providers (total: 8230)
2026-04-01 07:30:31,414 [doctolib] INFO:   medecin-generaliste/paris page 7: 20 providers (total: 8230)
2026-04-01 07:30:33,055 [doctolib] INFO:   medecin-generaliste/paris page 8: 20 providers (total: 8230)
2026-04-01 07:30:34,902 [doctolib] INFO:   medecin-generaliste/paris page 9: 20 providers (total: 8230)
2026-04-01 07:30:36,947 [doctolib] INFO:   medecin-generaliste/paris page 10: 20 providers (total: 8230)
2026-04-01 07:30:38,196 [doctolib] INFO:   medecin-generaliste/paris page 11: 20 providers (total: 8230)
2026-04-01 07:30:39,635 [doctolib] INFO:   medecin-generaliste/paris page 12: 20 providers (total: 8230)
2026-04-01 07:30:41,270 [doctolib] INFO:   medecin-generaliste/paris page 13: 20 providers (total: 8230)
2026-04-01 07:30:43,114 [doctolib] INFO:   medecin-generaliste/paris page 14: 20 providers (total: 8230)
2026-04-01 07:30:45,149 [doctolib] INFO:   medecin-generaliste/paris page 15: 20 providers (total: 8230)
2026-04-01 07:30:46,615 [doctolib] INFO:   medecin-generaliste/paris page 16: 20 providers (total: 8230)
2026-04-01 07:30:48,051 [doctolib] INFO:   medecin-generaliste/paris page 17: 20 providers (total: 8230)
2026-04-01 07:30:49,753 [doctolib] INFO:   medecin-generaliste/paris page 18: 20 providers (total: 8230)
2026-04-01 07:30:51,603 [doctolib] INFO:   medecin-generaliste/paris page 19: 20 providers (total: 8230)
2026-04-01 07:30:53,664 [doctolib] INFO:   medecin-generaliste/paris page 20: 20 providers (total: 8230)
2026-04-01 07:30:54,924 [doctolib] INFO:   medecin-generaliste/paris page 21: 20 providers (total: 8230)
2026-04-01 07:30:56,408 [doctolib] INFO:   medecin-generaliste/paris page 22: 20 providers (total: 8230)
2026-04-01 07:30:58,088 [doctolib] INFO:   medecin-generaliste/paris page 23: 20 providers (total: 8230)
2026-04-01 07:30:59,047 [api_entreprises] WARNING: Failed: NAF=86.22C CP=13009 page=4
2026-04-01 07:30:59,047 [api_entreprises] INFO: [201/344] marseille NAF=86.22C CP=13009: 75 results
2026-04-01 07:30:59,925 [doctolib] INFO:   medecin-generaliste/paris page 24: 20 providers (total: 8230)
2026-04-01 07:31:02,239 [doctolib] INFO:   medecin-generaliste/paris page 25: 20 providers (total: 8230)
2026-04-01 07:31:03,630 [doctolib] INFO:   medecin-generaliste/paris page 26: 20 providers (total: 8230)
2026-04-01 07:31:05,095 [doctolib] INFO:   medecin-generaliste/paris page 27: 20 providers (total: 8230)
2026-04-01 07:31:06,731 [doctolib] INFO:   medecin-generaliste/paris page 28: 20 providers (total: 8230)
2026-04-01 07:31:08,559 [doctolib] INFO:   medecin-generaliste/paris page 29: 20 providers (total: 8230)
2026-04-01 07:31:10,621 [doctolib] INFO:   medecin-generaliste/paris page 30: 20 providers (total: 8230)
2026-04-01 07:31:11,861 [doctolib] INFO:   medecin-generaliste/paris page 31: 20 providers (total: 8230)
2026-04-01 07:31:13,308 [doctolib] INFO:   medecin-generaliste/paris page 32: 20 providers (total: 8230)
2026-04-01 07:31:14,952 [doctolib] INFO:   medecin-generaliste/paris page 33: 20 providers (total: 8230)
2026-04-01 07:31:16,788 [doctolib] INFO:   medecin-generaliste/paris page 34: 20 providers (total: 8230)
2026-04-01 07:31:18,820 [doctolib] INFO:   medecin-generaliste/paris page 35: 20 providers (total: 8230)
2026-04-01 07:31:20,062 [doctolib] INFO:   medecin-generaliste/paris page 36: 20 providers (total: 8230)
2026-04-01 07:31:21,504 [doctolib] INFO:   medecin-generaliste/paris page 37: 20 providers (total: 8230)
2026-04-01 07:31:23,149 [doctolib] INFO:   medecin-generaliste/paris page 38: 20 providers (total: 8230)
2026-04-01 07:31:24,991 [doctolib] INFO:   medecin-generaliste/paris page 39: 20 providers (total: 8230)
2026-04-01 07:31:27,039 [doctolib] INFO:   medecin-generaliste/paris page 40: 20 providers (total: 8230)
2026-04-01 07:31:28,337 [doctolib] INFO:   medecin-generaliste/paris page 41: 20 providers (total: 8230)
2026-04-01 07:31:29,801 [doctolib] INFO:   medecin-generaliste/paris page 42: 20 providers (total: 8230)
2026-04-01 07:31:31,500 [doctolib] INFO:   medecin-generaliste/paris page 43: 20 providers (total: 8230)
2026-04-01 07:31:33,346 [doctolib] INFO:   medecin-generaliste/paris page 44: 20 providers (total: 8230)
2026-04-01 07:31:34,416 [api_entreprises] WARNING: Failed: NAF=86.22C CP=13010 page=5
2026-04-01 07:31:34,417 [api_entreprises] INFO: [202/344] marseille NAF=86.22C CP=13010: 100 results
2026-04-01 07:31:35,387 [doctolib] INFO:   medecin-generaliste/paris page 45: 20 providers (total: 8230)
2026-04-01 07:31:36,633 [doctolib] INFO:   medecin-generaliste/paris page 46: 20 providers (total: 8230)
2026-04-01 07:31:38,090 [doctolib] INFO:   medecin-generaliste/paris page 47: 20 providers (total: 8230)
2026-04-01 07:31:39,729 [doctolib] INFO:   medecin-generaliste/paris page 48: 20 providers (total: 8230)
2026-04-01 07:31:41,612 [doctolib] INFO:   medecin-generaliste/paris page 49: 20 providers (total: 8230)
2026-04-01 07:31:43,705 [doctolib] INFO:   medecin-generaliste/paris page 50: 20 providers (total: 8230)
2026-04-01 07:31:56,238 [doctolib] INFO: Session init: 200, cookies: ['ssid', 'locale', 'esid', '_doctolib_session', '__cf_bm', '_cfuvid']
2026-04-01 07:31:56,239 [doctolib] INFO: === Doctolib: Starting PARIS ===
2026-04-01 07:31:56,239 [doctolib] INFO: Scraping 'laboratoire-d-analyses-medicales' in paris...
2026-04-01 07:31:56,491 [doctolib] INFO:   laboratoire-d-analyses-medicales/paris page 1: 20 providers (total: 375)
2026-04-01 07:31:58,090 [doctolib] INFO:   laboratoire-d-analyses-medicales/paris page 2: 20 providers (total: 375)
2026-04-01 07:31:59,742 [doctolib] INFO:   laboratoire-d-analyses-medicales/paris page 3: 20 providers (total: 375)
2026-04-01 07:32:01,603 [doctolib] INFO:   laboratoire-d-analyses-medicales/paris page 4: 20 providers (total: 375)
2026-04-01 07:32:03,659 [doctolib] INFO:   laboratoire-d-analyses-medicales/paris page 5: 20 providers (total: 375)
2026-04-01 07:32:04,910 [doctolib] INFO:   laboratoire-d-analyses-medicales/paris page 6: 20 providers (total: 375)
2026-04-01 07:32:06,360 [doctolib] INFO:   laboratoire-d-analyses-medicales/paris page 7: 20 providers (total: 375)
2026-04-01 07:32:08,060 [doctolib] INFO:   laboratoire-d-analyses-medicales/paris page 8: 20 providers (total: 375)
2026-04-01 07:32:09,959 [doctolib] INFO:   laboratoire-d-analyses-medicales/paris page 9: 20 providers (total: 375)
2026-04-01 07:32:12,020 [doctolib] INFO:   laboratoire-d-analyses-medicales/paris page 10: 20 providers (total: 375)
2026-04-01 07:32:12,771 [api_entreprises] WARNING: Failed: NAF=86.22C CP=13011 page=2
2026-04-01 07:32:12,772 [api_entreprises] INFO: [203/344] marseille NAF=86.22C CP=13011: 25 results
2026-04-01 07:32:13,284 [doctolib] INFO:   laboratoire-d-analyses-medicales/paris page 11: 20 providers (total: 375)
2026-04-01 07:32:14,744 [doctolib] INFO:   laboratoire-d-analyses-medicales/paris page 12: 20 providers (total: 375)
2026-04-01 07:32:16,418 [doctolib] INFO:   laboratoire-d-analyses-medicales/paris page 13: 20 providers (total: 375)
2026-04-01 07:32:18,279 [doctolib] INFO:   laboratoire-d-analyses-medicales/paris page 14: 20 providers (total: 375)
2026-04-01 07:32:20,331 [doctolib] INFO:   laboratoire-d-analyses-medicales/paris page 15: 20 providers (total: 375)
2026-04-01 07:32:21,584 [doctolib] INFO:   laboratoire-d-analyses-medicales/paris page 16: 20 providers (total: 375)
2026-04-01 07:32:23,042 [doctolib] INFO:   laboratoire-d-analyses-medicales/paris page 17: 20 providers (total: 375)
2026-04-01 07:32:24,700 [doctolib] INFO:   laboratoire-d-analyses-medicales/paris page 18: 15 providers (total: 375)
2026-04-01 07:32:24,700 [doctolib] INFO:   => 353 records for laboratoire-d-analyses-medicales/paris
2026-04-01 07:32:26,201 [doctolib] INFO: Scraping 'laboratoire' in paris...
2026-04-01 07:32:26,532 [doctolib] INFO:   laboratoire/paris page 1: 20 providers (total: 626)
2026-04-01 07:32:28,020 [doctolib] INFO:   laboratoire/paris page 2: 20 providers (total: 626)
2026-04-01 07:32:29,676 [doctolib] INFO:   laboratoire/paris page 3: 20 providers (total: 626)
2026-04-01 07:32:31,565 [doctolib] INFO:   laboratoire/paris page 4: 20 providers (total: 626)
2026-04-01 07:32:33,627 [doctolib] INFO:   laboratoire/paris page 5: 20 providers (total: 626)
2026-04-01 07:32:34,886 [doctolib] INFO:   laboratoire/paris page 6: 20 providers (total: 626)
2026-04-01 07:32:36,350 [doctolib] INFO:   laboratoire/paris page 7: 20 providers (total: 626)
2026-04-01 07:32:38,093 [doctolib] INFO:   laboratoire/paris page 8: 20 providers (total: 626)
2026-04-01 07:32:39,973 [doctolib] INFO:   laboratoire/paris page 9: 20 providers (total: 626)
2026-04-01 07:32:42,284 [doctolib] INFO:   laboratoire/paris page 10: 20 providers (total: 626)
2026-04-01 07:32:43,617 [doctolib] INFO:   laboratoire/paris page 11: 20 providers (total: 626)
2026-04-01 07:32:45,144 [doctolib] INFO:   laboratoire/paris page 12: 20 providers (total: 626)
2026-04-01 07:32:46,829 [doctolib] INFO:   laboratoire/paris page 13: 20 providers (total: 626)
2026-04-01 07:32:48,686 [doctolib] INFO:   laboratoire/paris page 14: 20 providers (total: 626)
2026-04-01 07:32:50,752 [doctolib] INFO:   laboratoire/paris page 15: 20 providers (total: 626)
2026-04-01 07:32:52,015 [doctolib] INFO:   laboratoire/paris page 16: 20 providers (total: 626)
2026-04-01 07:32:53,465 [doctolib] INFO:   laboratoire/paris page 17: 20 providers (total: 626)
2026-04-01 07:32:55,118 [doctolib] INFO:   laboratoire/paris page 18: 20 providers (total: 626)
2026-04-01 07:32:56,978 [doctolib] INFO:   laboratoire/paris page 19: 20 providers (total: 626)
2026-04-01 07:32:59,024 [doctolib] INFO:   laboratoire/paris page 20: 20 providers (total: 626)
2026-04-01 07:33:00,277 [doctolib] INFO:   laboratoire/paris page 21: 20 providers (total: 626)
2026-04-01 07:33:01,780 [doctolib] INFO:   laboratoire/paris page 22: 20 providers (total: 626)
2026-04-01 07:33:03,449 [doctolib] INFO:   laboratoire/paris page 23: 20 providers (total: 626)
2026-04-01 07:33:05,302 [doctolib] INFO:   laboratoire/paris page 24: 20 providers (total: 626)
2026-04-01 07:33:07,592 [doctolib] INFO:   laboratoire/paris page 25: 20 providers (total: 626)
2026-04-01 07:33:08,593 [doctolib] INFO:   => 492 records for laboratoire/paris
2026-04-01 07:33:09,752 [doctolib] INFO: ============================================================
2026-04-01 07:33:09,752 [doctolib] INFO: Doctolib scraper starting
2026-04-01 07:33:09,752 [doctolib] INFO: Specialties: 9
2026-04-01 07:33:09,752 [doctolib] INFO: Cities: ['paris', 'marseille', 'lille']
2026-04-01 07:33:09,753 [doctolib] INFO: ============================================================
2026-04-01 07:33:10,093 [doctolib] INFO: Scraping 'hopital-public' in paris...
2026-04-01 07:33:10,355 [doctolib] INFO:   hopital-public/paris page 1: 20 providers (total: 1122)
2026-04-01 07:33:11,820 [doctolib] INFO:   hopital-public/paris page 2: 20 providers (total: 1122)
2026-04-01 07:33:12,915 [doctolib] INFO: Session initialized (status 200)
2026-04-01 07:33:13,480 [doctolib] INFO:   hopital-public/paris page 3: 20 providers (total: 1122)
2026-04-01 07:33:14,915 [doctolib] INFO: Starting: Médecin généraliste in Paris
2026-04-01 07:33:15,250 [doctolib] ERROR: Request error for medecin-generaliste/paris page 0: Expecting value: line 1 column 1 (char 0)
2026-04-01 07:33:15,337 [doctolib] INFO:   hopital-public/paris page 4: 20 providers (total: 1122)
2026-04-01 07:33:15,400 [api_entreprises] WARNING: Failed: NAF=86.22C CP=13012 page=5
2026-04-01 07:33:15,401 [api_entreprises] INFO: [204/344] marseille NAF=86.22C CP=13012: 100 results
2026-04-01 07:33:17,438 [doctolib] INFO:   hopital-public/paris page 5: 20 providers (total: 1122)
2026-04-01 07:33:18,516 [doctolib] ERROR: Request error for medecin-generaliste/paris page 0: Expecting value: line 1 column 1 (char 0)
2026-04-01 07:33:18,704 [doctolib] INFO:   hopital-public/paris page 6: 20 providers (total: 1122)
2026-04-01 07:33:20,155 [doctolib] INFO:   hopital-public/paris page 7: 20 providers (total: 1122)
2026-04-01 07:33:24,903 [doctolib] INFO:   hopital-public/paris page 8: 20 providers (total: 1122)
2026-04-01 07:33:25,543 [doctolib] ERROR: Request error for medecin-generaliste/paris page 0: Expecting value: line 1 column 1 (char 0)
2026-04-01 07:33:25,543 [doctolib] WARNING: Failed to fetch page 0 for Médecin généraliste/Paris, stopping
2026-04-01 07:33:25,543 [doctolib] INFO:   Completed Médecin généraliste/Paris: 0 unique records (0 pages fetched)
2026-04-01 07:33:26,763 [doctolib] INFO:   hopital-public/paris page 9: 20 providers (total: 1122)
2026-04-01 07:33:28,867 [doctolib] INFO:   hopital-public/paris page 10: 20 providers (total: 1122)
2026-04-01 07:33:30,194 [doctolib] INFO:   hopital-public/paris page 11: 20 providers (total: 1122)
2026-04-01 07:33:30,361 [doctolib] INFO: Starting: Médecin généraliste in Marseille
2026-04-01 07:33:30,582 [doctolib] ERROR: Request error for medecin-generaliste/marseille page 0: Expecting value: line 1 column 1 (char 0)
2026-04-01 07:33:31,644 [doctolib] INFO:   hopital-public/paris page 12: 20 providers (total: 1122)
2026-04-01 07:33:33,252 [doctolib] WARNING: HTTP 429 for hopital-public/paris page 13
2026-04-01 07:33:33,252 [doctolib] INFO:   => 235 records for hopital-public/paris
2026-04-01 07:33:33,771 [doctolib] WARNING: Rate limited (429) for medecin-generaliste/marseille page 0, waiting 24s (attempt 2/3)
2026-04-01 07:33:34,752 [doctolib] INFO: Scraping 'dentiste' in paris...
2026-04-01 07:33:34,960 [doctolib] WARNING: HTTP 429 for dentiste/paris page 1
2026-04-01 07:33:34,960 [doctolib] INFO:   => 0 records for dentiste/paris
2026-04-01 07:33:36,461 [doctolib] INFO: Scraping 'medecin-generaliste' in paris...
2026-04-01 07:33:36,670 [doctolib] WARNING: HTTP 429 for medecin-generaliste/paris page 1
2026-04-01 07:33:36,671 [doctolib] INFO:   => 0 records for medecin-generaliste/paris
2026-04-01 07:33:38,171 [doctolib] INFO: Scraping 'radiologue' in paris...
2026-04-01 07:33:38,369 [doctolib] WARNING: HTTP 429 for radiologue/paris page 1
2026-04-01 07:33:38,369 [doctolib] INFO:   => 0 records for radiologue/paris
2026-04-01 07:33:39,869 [doctolib] INFO: Scraping 'masseur-kinesitherapeute' in paris...
2026-04-01 07:33:40,092 [doctolib] WARNING: HTTP 429 for masseur-kinesitherapeute/paris page 1
2026-04-01 07:33:40,092 [doctolib] INFO:   => 0 records for masseur-kinesitherapeute/paris
2026-04-01 07:33:41,592 [doctolib] INFO: Scraping 'ophtalmologue' in paris...
2026-04-01 07:33:41,809 [doctolib] WARNING: HTTP 429 for ophtalmologue/paris page 1
2026-04-01 07:33:41,809 [doctolib] INFO:   => 0 records for ophtalmologue/paris
2026-04-01 07:33:43,309 [doctolib] INFO: Scraping 'clinique-privee' in paris...
2026-04-01 07:33:43,511 [doctolib] WARNING: HTTP 429 for clinique-privee/paris page 1
2026-04-01 07:33:43,511 [doctolib] INFO:   => 0 records for clinique-privee/paris
2026-04-01 07:33:45,011 [doctolib] INFO: Scraping 'centre-de-sante' in paris...
2026-04-01 07:33:45,212 [doctolib] WARNING: HTTP 429 for centre-de-sante/paris page 1
2026-04-01 07:33:45,212 [doctolib] INFO:   => 0 records for centre-de-sante/paris
2026-04-01 07:33:46,713 [doctolib] INFO: City paris: 1080 raw, 623 after dedup
2026-04-01 07:33:46,713 [doctolib] INFO:   Category breakdown: {"laboratoire-d-analyses-medicales": 353, "laboratoire": 492, "hopital-public": 235, "dentiste": 0, "medecin-generaliste": 0, "radiologue": 0, "masseur-kinesitherapeute": 0, "ophtalmologue": 0, "clinique-privee": 0, "centre-de-sante": 0}
2026-04-01 07:33:46,730 [doctolib] INFO: === Doctolib PARIS: 623 records saved to data/doctolib_paris.json ===
2026-04-01 07:33:50,529 [doctolib] INFO: Session init: 429, cookies: ['__cf_bm', '_cfuvid']
2026-04-01 07:33:50,530 [doctolib] INFO: === Doctolib: Starting MARSEILLE ===
2026-04-01 07:33:50,531 [doctolib] INFO: Scraping 'laboratoire-d-analyses-medicales' in marseille...
2026-04-01 07:33:50,801 [doctolib] INFO:   laboratoire-d-analyses-medicales/marseille page 1: 20 providers (total: 118)
2026-04-01 07:33:52,290 [doctolib] INFO:   laboratoire-d-analyses-medicales/marseille page 2: 20 providers (total: 118)
2026-04-01 07:33:53,942 [doctolib] INFO:   laboratoire-d-analyses-medicales/marseille page 3: 20 providers (total: 118)
2026-04-01 07:33:55,827 [doctolib] INFO:   laboratoire-d-analyses-medicales/marseille page 4: 20 providers (total: 118)
2026-04-01 07:33:57,893 [doctolib] INFO:   laboratoire-d-analyses-medicales/marseille page 5: 18 providers (total: 118)
2026-04-01 07:33:57,893 [doctolib] INFO:   => 98 records for laboratoire-d-analyses-medicales/marseille
2026-04-01 07:33:58,102 [doctolib] WARNING: Rate limited (429) for medecin-generaliste/marseille page 0, waiting 34s (attempt 3/3)
2026-04-01 07:33:59,394 [doctolib] INFO: Scraping 'laboratoire' in marseille...
2026-04-01 07:33:59,653 [doctolib] INFO:   laboratoire/marseille page 1: 20 providers (total: 186)
2026-04-01 07:34:01,132 [doctolib] INFO:   laboratoire/marseille page 2: 20 providers (total: 186)
2026-04-01 07:34:02,732 [doctolib] WARNING: HTTP 429 for laboratoire/marseille page 3
2026-04-01 07:34:02,732 [doctolib] INFO:   => 40 records for laboratoire/marseille
2026-04-01 07:34:04,232 [doctolib] INFO: Scraping 'hopital-public' in marseille...
2026-04-01 07:34:04,474 [doctolib] WARNING: HTTP 429 for hopital-public/marseille page 1
2026-04-01 07:34:04,474 [doctolib] INFO:   => 0 records for hopital-public/marseille
2026-04-01 07:34:05,974 [doctolib] INFO: Scraping 'dentiste' in marseille...
2026-04-01 07:34:05,990 [api_entreprises] WARNING: Failed: NAF=86.22C CP=13013 page=4
2026-04-01 07:34:05,990 [api_entreprises] INFO: [205/344] marseille NAF=86.22C CP=13013: 75 results
2026-04-01 07:34:06,186 [doctolib] WARNING: HTTP 429 for dentiste/marseille page 1
2026-04-01 07:34:06,186 [doctolib] INFO:   => 0 records for dentiste/marseille
2026-04-01 07:34:07,686 [doctolib] INFO: Scraping 'medecin-generaliste' in marseille...
2026-04-01 07:34:07,914 [doctolib] WARNING: HTTP 429 for medecin-generaliste/marseille page 1
2026-04-01 07:34:07,914 [doctolib] INFO:   => 0 records for medecin-generaliste/marseille
2026-04-01 07:34:09,414 [doctolib] INFO: Scraping 'radiologue' in marseille...
2026-04-01 07:34:09,621 [doctolib] WARNING: HTTP 429 for radiologue/marseille page 1
2026-04-01 07:34:09,621 [doctolib] INFO:   => 0 records for radiologue/marseille
2026-04-01 07:34:11,121 [doctolib] INFO: Scraping 'masseur-kinesitherapeute' in marseille...
2026-04-01 07:34:11,328 [doctolib] WARNING: HTTP 429 for masseur-kinesitherapeute/marseille page 1
2026-04-01 07:34:11,328 [doctolib] INFO:   => 0 records for masseur-kinesitherapeute/marseille
2026-04-01 07:34:12,829 [doctolib] INFO: Scraping 'ophtalmologue' in marseille...
2026-04-01 07:34:13,045 [doctolib] WARNING: HTTP 429 for ophtalmologue/marseille page 1
2026-04-01 07:34:13,045 [doctolib] INFO:   => 0 records for ophtalmologue/marseille
2026-04-01 07:34:14,545 [doctolib] INFO: Scraping 'clinique-privee' in marseille...
2026-04-01 07:34:14,746 [doctolib] WARNING: HTTP 429 for clinique-privee/marseille page 1
2026-04-01 07:34:14,746 [doctolib] INFO:   => 0 records for clinique-privee/marseille
2026-04-01 07:34:16,246 [doctolib] INFO: Scraping 'centre-de-sante' in marseille...
2026-04-01 07:34:16,444 [doctolib] WARNING: HTTP 429 for centre-de-sante/marseille page 1
2026-04-01 07:34:16,444 [doctolib] INFO:   => 0 records for centre-de-sante/marseille
2026-04-01 07:34:17,944 [doctolib] INFO: City marseille: 138 raw, 123 after dedup
2026-04-01 07:34:17,944 [doctolib] INFO:   Category breakdown: {"laboratoire-d-analyses-medicales": 98, "laboratoire": 40, "hopital-public": 0, "dentiste": 0, "medecin-generaliste": 0, "radiologue": 0, "masseur-kinesitherapeute": 0, "ophtalmologue": 0, "clinique-privee": 0, "centre-de-sante": 0}
2026-04-01 07:34:17,948 [doctolib] INFO: === Doctolib MARSEILLE: 123 records saved to data/doctolib_marseille.json ===
2026-04-01 07:34:22,349 [doctolib] INFO: Session init: 200, cookies: ['ssid', 'locale', 'esid', '_doctolib_session', '__cf_bm', '_cfuvid']
2026-04-01 07:34:22,351 [doctolib] INFO: === Doctolib: Starting LILLE ===
2026-04-01 07:34:22,351 [doctolib] INFO: Scraping 'laboratoire-d-analyses-medicales' in lille...
2026-04-01 07:34:22,669 [doctolib] INFO:   laboratoire-d-analyses-medicales/lille page 1: 20 providers (total: 63)
2026-04-01 07:34:24,123 [doctolib] INFO:   laboratoire-d-analyses-medicales/lille page 2: 20 providers (total: 63)
2026-04-01 07:34:25,807 [doctolib] INFO:   laboratoire-d-analyses-medicales/lille page 3: 3 providers (total: 63)
2026-04-01 07:34:25,807 [doctolib] INFO:   => 43 records for laboratoire-d-analyses-medicales/lille
2026-04-01 07:34:27,307 [doctolib] INFO: Scraping 'laboratoire' in lille...
2026-04-01 07:34:27,684 [doctolib] INFO:   laboratoire/lille page 1: 20 providers (total: 114)
2026-04-01 07:34:29,153 [doctolib] INFO:   laboratoire/lille page 2: 20 providers (total: 114)
2026-04-01 07:34:30,812 [doctolib] INFO:   laboratoire/lille page 3: 20 providers (total: 114)
2026-04-01 07:34:32,474 [doctolib] WARNING: Failed to fetch page 0 for Médecin généraliste/Marseille, stopping
2026-04-01 07:34:32,474 [doctolib] INFO:   Completed Médecin généraliste/Marseille: 0 unique records (0 pages fetched)
2026-04-01 07:34:32,659 [doctolib] INFO:   laboratoire/lille page 4: 20 providers (total: 114)
2026-04-01 07:34:34,721 [doctolib] INFO:   laboratoire/lille page 5: 14 providers (total: 114)
2026-04-01 07:34:34,721 [doctolib] INFO:   => 94 records for laboratoire/lille
2026-04-01 07:34:35,809 [doctolib] INFO: Starting: Médecin généraliste in Lille
2026-04-01 07:34:35,986 [doctolib] WARNING: Rate limited (429) for medecin-generaliste/lille page 0, waiting 15s (attempt 1/3)
2026-04-01 07:34:36,221 [doctolib] INFO: Scraping 'hopital-public' in lille...
2026-04-01 07:34:36,564 [doctolib] INFO:   hopital-public/lille page 1: 20 providers (total: 55)
2026-04-01 07:34:38,018 [doctolib] INFO:   hopital-public/lille page 2: 15 providers (total: 55)
2026-04-01 07:34:38,019 [doctolib] INFO:   => 34 records for hopital-public/lille
2026-04-01 07:34:39,519 [doctolib] INFO: Scraping 'dentiste' in lille...
2026-04-01 07:34:39,769 [doctolib] INFO:   dentiste/lille page 1: 20 providers (total: 1030)
2026-04-01 07:34:39,834 [api_entreprises] WARNING: Failed: NAF=86.22C CP=13014 page=3
2026-04-01 07:34:39,835 [api_entreprises] INFO: [206/344] marseille NAF=86.22C CP=13014: 50 results
2026-04-01 07:34:41,249 [doctolib] INFO:   dentiste/lille page 2: 20 providers (total: 1030)
2026-04-01 07:34:42,913 [doctolib] INFO:   dentiste/lille page 3: 20 providers (total: 1030)
2026-04-01 07:34:44,807 [doctolib] INFO:   dentiste/lille page 4: 20 providers (total: 1030)
2026-04-01 07:34:46,887 [doctolib] INFO:   dentiste/lille page 5: 20 providers (total: 1030)
2026-04-01 07:34:48,156 [doctolib] INFO:   dentiste/lille page 6: 20 providers (total: 1030)
2026-04-01 07:34:49,700 [doctolib] INFO:   dentiste/lille page 7: 20 providers (total: 1030)
2026-04-01 07:34:50,948 [doctolib] WARNING: Rate limited (429) for medecin-generaliste/lille page 0, waiting 23s (attempt 2/3)
2026-04-01 07:34:51,349 [doctolib] INFO:   dentiste/lille page 8: 20 providers (total: 1030)
2026-04-01 07:34:53,198 [doctolib] INFO:   dentiste/lille page 9: 20 providers (total: 1030)
2026-04-01 07:34:55,238 [doctolib] INFO:   dentiste/lille page 10: 20 providers (total: 1030)
2026-04-01 07:34:56,511 [doctolib] INFO:   dentiste/lille page 11: 20 providers (total: 1030)
2026-04-01 07:34:58,026 [doctolib] INFO:   dentiste/lille page 12: 20 providers (total: 1030)
2026-04-01 07:34:59,666 [doctolib] INFO:   dentiste/lille page 13: 20 providers (total: 1030)
2026-04-01 07:35:01,556 [doctolib] INFO:   dentiste/lille page 14: 20 providers (total: 1030)
2026-04-01 07:35:03,600 [doctolib] INFO:   dentiste/lille page 15: 20 providers (total: 1030)
2026-04-01 07:35:04,850 [doctolib] INFO:   dentiste/lille page 16: 20 providers (total: 1030)
2026-04-01 07:35:06,295 [doctolib] INFO:   dentiste/lille page 17: 20 providers (total: 1030)
2026-04-01 07:35:07,928 [doctolib] INFO:   dentiste/lille page 18: 20 providers (total: 1030)
2026-04-01 07:35:09,862 [doctolib] INFO:   dentiste/lille page 19: 20 providers (total: 1030)
2026-04-01 07:35:11,914 [doctolib] INFO:   dentiste/lille page 20: 20 providers (total: 1030)
2026-04-01 07:35:13,178 [doctolib] INFO:   dentiste/lille page 21: 20 providers (total: 1030)
2026-04-01 07:35:14,407 [doctolib] WARNING: Rate limited (429) for medecin-generaliste/lille page 0, waiting 33s (attempt 3/3)
2026-04-01 07:35:14,617 [doctolib] INFO:   dentiste/lille page 22: 20 providers (total: 1030)
2026-04-01 07:35:16,267 [doctolib] INFO:   dentiste/lille page 23: 20 providers (total: 1030)
2026-04-01 07:35:18,203 [doctolib] INFO:   dentiste/lille page 24: 20 providers (total: 1030)
2026-04-01 07:35:20,251 [doctolib] INFO:   dentiste/lille page 25: 20 providers (total: 1030)
2026-04-01 07:35:21,252 [doctolib] INFO:   => 495 records for dentiste/lille
2026-04-01 07:35:22,752 [doctolib] INFO: Scraping 'medecin-generaliste' in lille...
2026-04-01 07:35:23,006 [doctolib] INFO:   medecin-generaliste/lille page 1: 20 providers (total: 1922)
2026-04-01 07:35:24,455 [doctolib] INFO:   medecin-generaliste/lille page 2: 20 providers (total: 1922)
2026-04-01 07:35:26,186 [doctolib] INFO:   medecin-generaliste/lille page 3: 20 providers (total: 1922)
2026-04-01 07:35:28,185 [doctolib] INFO:   medecin-generaliste/lille page 4: 20 providers (total: 1922)
2026-04-01 07:35:30,230 [doctolib] INFO:   medecin-generaliste/lille page 5: 20 providers (total: 1922)
2026-04-01 07:35:31,520 [doctolib] INFO:   medecin-generaliste/lille page 6: 20 providers (total: 1922)
2026-04-01 07:35:32,954 [doctolib] INFO:   medecin-generaliste/lille page 7: 20 providers (total: 1922)
2026-04-01 07:35:34,659 [doctolib] INFO:   medecin-generaliste/lille page 8: 20 providers (total: 1922)
2026-04-01 07:35:35,632 [api_entreprises] WARNING: Failed: NAF=86.22C CP=13015 page=4
2026-04-01 07:35:35,633 [api_entreprises] INFO: [207/344] marseille NAF=86.22C CP=13015: 75 results
2026-04-01 07:35:36,604 [doctolib] INFO:   medecin-generaliste/lille page 9: 20 providers (total: 1922)
2026-04-01 07:35:38,648 [doctolib] INFO:   medecin-generaliste/lille page 10: 20 providers (total: 1922)
2026-04-01 07:35:39,890 [doctolib] INFO:   medecin-generaliste/lille page 11: 20 providers (total: 1922)
2026-04-01 07:35:41,349 [doctolib] INFO:   medecin-generaliste/lille page 12: 20 providers (total: 1922)
2026-04-01 07:35:43,010 [doctolib] INFO:   medecin-generaliste/lille page 13: 20 providers (total: 1922)
2026-04-01 07:35:44,912 [doctolib] INFO:   medecin-generaliste/lille page 14: 20 providers (total: 1922)
2026-04-01 07:35:46,953 [doctolib] INFO:   medecin-generaliste/lille page 15: 20 providers (total: 1922)
2026-04-01 07:35:47,211 [doctolib] WARNING: Failed to fetch page 0 for Médecin généraliste/Lille, stopping
2026-04-01 07:35:47,211 [doctolib] INFO:   Completed Médecin généraliste/Lille: 0 unique records (0 pages fetched)
2026-04-01 07:35:48,298 [doctolib] INFO:   medecin-generaliste/lille page 16: 20 providers (total: 1922)
2026-04-01 07:35:49,759 [doctolib] INFO:   medecin-generaliste/lille page 17: 20 providers (total: 1922)
2026-04-01 07:35:51,252 [doctolib] INFO: Starting: Dentiste in Paris
2026-04-01 07:35:51,423 [doctolib] WARNING: Rate limited (429) for dentiste/paris page 0, waiting 15s (attempt 1/3)
2026-04-01 07:35:51,460 [doctolib] INFO:   medecin-generaliste/lille page 18: 20 providers (total: 1922)
2026-04-01 07:35:53,301 [doctolib] INFO:   medecin-generaliste/lille page 19: 20 providers (total: 1922)
2026-04-01 07:35:55,343 [doctolib] INFO:   medecin-generaliste/lille page 20: 20 providers (total: 1922)
2026-04-01 07:35:56,645 [doctolib] INFO:   medecin-generaliste/lille page 21: 20 providers (total: 1922)
2026-04-01 07:35:58,098 [doctolib] INFO:   medecin-generaliste/lille page 22: 20 providers (total: 1922)
2026-04-01 07:35:59,738 [doctolib] INFO:   medecin-generaliste/lille page 23: 20 providers (total: 1922)
2026-04-01 07:36:01,636 [doctolib] INFO:   medecin-generaliste/lille page 24: 20 providers (total: 1922)
2026-04-01 07:36:03,885 [doctolib] INFO:   medecin-generaliste/lille page 25: 20 providers (total: 1922)
2026-04-01 07:36:04,886 [doctolib] INFO:   => 496 records for medecin-generaliste/lille
2026-04-01 07:36:06,263 [doctolib] WARNING: Rate limited (429) for dentiste/paris page 0, waiting 23s (attempt 2/3)
2026-04-01 07:36:06,386 [doctolib] INFO: Scraping 'radiologue' in lille...
2026-04-01 07:36:06,768 [doctolib] WARNING: HTTP 429 for radiologue/lille page 1
2026-04-01 07:36:06,768 [doctolib] INFO:   => 0 records for radiologue/lille
2026-04-01 07:36:07,157 [api_entreprises] WARNING: Failed: NAF=86.22C CP=13016 page=1
2026-04-01 07:36:08,268 [doctolib] INFO: Scraping 'masseur-kinesitherapeute' in lille...
2026-04-01 07:36:08,451 [doctolib] WARNING: HTTP 429 for masseur-kinesitherapeute/lille page 1
2026-04-01 07:36:08,451 [doctolib] INFO:   => 0 records for masseur-kinesitherapeute/lille
2026-04-01 07:36:09,951 [doctolib] INFO: Scraping 'ophtalmologue' in lille...
2026-04-01 07:36:10,208 [doctolib] WARNING: HTTP 429 for ophtalmologue/lille page 1
2026-04-01 07:36:10,208 [doctolib] INFO:   => 0 records for ophtalmologue/lille
2026-04-01 07:36:11,708 [doctolib] INFO: Scraping 'clinique-privee' in lille...
2026-04-01 07:36:11,919 [doctolib] WARNING: HTTP 429 for clinique-privee/lille page 1
2026-04-01 07:36:11,919 [doctolib] INFO:   => 0 records for clinique-privee/lille
2026-04-01 07:36:13,420 [doctolib] INFO: Scraping 'centre-de-sante' in lille...
2026-04-01 07:36:13,624 [doctolib] WARNING: HTTP 429 for centre-de-sante/lille page 1
2026-04-01 07:36:13,624 [doctolib] INFO:   => 0 records for centre-de-sante/lille
2026-04-01 07:36:15,125 [doctolib] INFO: City lille: 1162 raw, 1080 after dedup
2026-04-01 07:36:15,125 [doctolib] INFO:   Category breakdown: {"laboratoire-d-analyses-medicales": 43, "laboratoire": 94, "hopital-public": 34, "dentiste": 495, "medecin-generaliste": 496, "radiologue": 0, "masseur-kinesitherapeute": 0, "ophtalmologue": 0, "clinique-privee": 0, "centre-de-sante": 0}
2026-04-01 07:36:15,151 [doctolib] INFO: === Doctolib LILLE: 1080 records saved to data/doctolib_lille.json ===
2026-04-01 07:36:19,605 [doctolib] INFO: Session init: 200, cookies: ['ssid', 'locale', 'esid', '_doctolib_session', '__cf_bm', '_cfuvid']
2026-04-01 07:36:19,606 [doctolib] INFO: === Doctolib TOTAL: 1826 records across 3 cities ===
2026-04-01 07:36:29,552 [doctolib] WARNING: Rate limited (429) for dentiste/paris page 0, waiting 34s (attempt 3/3)
2026-04-01 07:36:38,979 [api_entreprises] WARNING: Failed: NAF=86.23Z CP=13001 page=1
2026-04-01 07:37:03,566 [doctolib] WARNING: Failed to fetch page 0 for Dentiste/Paris, stopping
2026-04-01 07:37:03,567 [doctolib] INFO:   Completed Dentiste/Paris: 0 unique records (0 pages fetched)
2026-04-01 07:37:06,690 [doctolib] INFO: Starting: Dentiste in Marseille
2026-04-01 07:37:06,855 [doctolib] WARNING: Rate limited (429) for dentiste/marseille page 0, waiting 14s (attempt 1/3)
2026-04-01 07:37:12,246 [api_entreprises] WARNING: Failed: NAF=86.23Z CP=13002 page=3
2026-04-01 07:37:12,246 [api_entreprises] INFO: [210/344] marseille NAF=86.23Z CP=13002: 50 results
2026-04-01 07:37:20,563 [doctolib] WARNING: Rate limited (429) for dentiste/marseille page 0, waiting 24s (attempt 2/3)
2026-04-01 07:37:36,723 [api_entreprises] INFO: [211/344] marseille NAF=86.23Z CP=13003: 86 results
2026-04-01 07:37:44,839 [doctolib] WARNING: Rate limited (429) for dentiste/marseille page 0, waiting 32s (attempt 3/3)
2026-04-01 07:38:16,885 [doctolib] WARNING: Failed to fetch page 0 for Dentiste/Marseille, stopping
2026-04-01 07:38:16,885 [doctolib] INFO:   Completed Dentiste/Marseille: 0 unique records (0 pages fetched)
2026-04-01 07:38:21,591 [doctolib] INFO: Starting: Dentiste in Lille
2026-04-01 07:38:21,803 [doctolib] WARNING: Rate limited (429) for dentiste/lille page 0, waiting 14s (attempt 1/3)
2026-04-01 07:38:25,556 [api_entreprises] WARNING: Failed: NAF=86.23Z CP=13004 page=3
2026-04-01 07:38:25,556 [api_entreprises] INFO: [212/344] marseille NAF=86.23Z CP=13004: 50 results
2026-04-01 07:38:35,975 [doctolib] WARNING: Rate limited (429) for dentiste/lille page 0, waiting 25s (attempt 2/3)
2026-04-01 07:38:40,964 [api_entreprises] INFO: [213/344] marseille NAF=86.23Z CP=13005: 105 results
2026-04-01 07:39:01,114 [doctolib] WARNING: Rate limited (429) for dentiste/lille page 0, waiting 32s (attempt 3/3)
2026-04-01 07:39:28,206 [api_entreprises] WARNING: Failed: NAF=86.23Z CP=13006 page=6
2026-04-01 07:39:28,206 [api_entreprises] INFO: [214/344] marseille NAF=86.23Z CP=13006: 125 results
2026-04-01 07:39:33,333 [doctolib] WARNING: Failed to fetch page 0 for Dentiste/Lille, stopping
2026-04-01 07:39:33,333 [doctolib] INFO:   Completed Dentiste/Lille: 0 unique records (0 pages fetched)
2026-04-01 07:39:37,707 [doctolib] INFO: Starting: Kinésithérapeute in Paris
2026-04-01 07:39:37,879 [doctolib] WARNING: Rate limited (429) for kinesitherapeute/paris page 0, waiting 12s (attempt 1/3)
2026-04-01 07:39:50,283 [doctolib] WARNING: Rate limited (429) for kinesitherapeute/paris page 0, waiting 23s (attempt 2/3)
2026-04-01 07:39:52,439 [api_entreprises] INFO: [215/344] marseille NAF=86.23Z CP=13007: 76 results
2026-04-01 07:40:13,761 [doctolib] WARNING: Rate limited (429) for kinesitherapeute/paris page 0, waiting 33s (attempt 3/3)
2026-04-01 07:40:47,169 [doctolib] WARNING: Failed to fetch page 0 for Kinésithérapeute/Paris, stopping
2026-04-01 07:40:47,169 [doctolib] INFO:   Completed Kinésithérapeute/Paris: 0 unique records (0 pages fetched)
2026-04-01 07:40:51,554 [doctolib] INFO: Starting: Kinésithérapeute in Marseille
2026-04-01 07:40:51,721 [doctolib] WARNING: Rate limited (429) for kinesitherapeute/marseille page 0, waiting 14s (attempt 1/3)
2026-04-01 07:40:56,361 [api_entreprises] INFO: [216/344] marseille NAF=86.23Z CP=13008: 349 results
2026-04-01 07:41:05,527 [doctolib] WARNING: Rate limited (429) for kinesitherapeute/marseille page 0, waiting 22s (attempt 2/3)
2026-04-01 07:41:27,200 [api_entreprises] INFO: [217/344] marseille NAF=86.23Z CP=13009: 124 results
2026-04-01 07:41:27,794 [doctolib] WARNING: Rate limited (429) for kinesitherapeute/marseille page 0, waiting 35s (attempt 3/3)
2026-04-01 07:42:02,374 [doctolib] WARNING: Failed to fetch page 0 for Kinésithérapeute/Marseille, stopping
2026-04-01 07:42:02,374 [doctolib] INFO:   Completed Kinésithérapeute/Marseille: 0 unique records (0 pages fetched)
2026-04-01 07:42:06,543 [doctolib] INFO: Starting: Kinésithérapeute in Lille
2026-04-01 07:42:06,730 [doctolib] WARNING: Rate limited (429) for kinesitherapeute/lille page 0, waiting 13s (attempt 1/3)
2026-04-01 07:42:07,859 [api_entreprises] INFO: [218/344] marseille NAF=86.23Z CP=13010: 93 results
2026-04-01 07:42:10,057 [api_entreprises] INFO: [219/344] marseille NAF=86.23Z CP=13011: 71 results
2026-04-01 07:42:19,605 [doctolib] WARNING: Rate limited (429) for kinesitherapeute/lille page 0, waiting 24s (attempt 2/3)
2026-04-01 07:42:44,057 [doctolib] WARNING: Rate limited (429) for kinesitherapeute/lille page 0, waiting 33s (attempt 3/3)
2026-04-01 07:42:48,956 [api_entreprises] WARNING: Failed: NAF=86.23Z CP=13012 page=3
2026-04-01 07:42:48,956 [api_entreprises] INFO: [220/344] marseille NAF=86.23Z CP=13012: 50 results
2026-04-01 07:43:16,772 [doctolib] WARNING: Failed to fetch page 0 for Kinésithérapeute/Lille, stopping
2026-04-01 07:43:16,772 [doctolib] INFO:   Completed Kinésithérapeute/Lille: 0 unique records (0 pages fetched)
2026-04-01 07:43:19,891 [doctolib] INFO: Starting: Ophtalmologue in Paris
2026-04-01 07:43:20,179 [doctolib] WARNING: Rate limited (429) for ophtalmologue/paris page 0, waiting 14s (attempt 1/3)
2026-04-01 07:43:22,383 [api_entreprises] WARNING: Failed: NAF=86.23Z CP=13013 page=3
2026-04-01 07:43:22,383 [api_entreprises] INFO: [221/344] marseille NAF=86.23Z CP=13013: 50 results
2026-04-01 07:43:33,944 [doctolib] WARNING: Rate limited (429) for ophtalmologue/paris page 0, waiting 23s (attempt 2/3)
2026-04-01 07:43:54,197 [api_entreprises] WARNING: Failed: NAF=86.23Z CP=13014 page=1
2026-04-01 07:43:56,962 [doctolib] WARNING: Rate limited (429) for ophtalmologue/paris page 0, waiting 35s (attempt 3/3)
2026-04-01 07:44:03,368 [api_entreprises] INFO: [223/344] marseille NAF=86.23Z CP=13015: 88 results
2026-04-01 07:44:31,921 [doctolib] WARNING: Failed to fetch page 0 for Ophtalmologue/Paris, stopping
2026-04-01 07:44:31,921 [doctolib] INFO:   Completed Ophtalmologue/Paris: 0 unique records (0 pages fetched)
2026-04-01 07:44:36,702 [doctolib] INFO: Starting: Ophtalmologue in Marseille
2026-04-01 07:44:36,953 [api_entreprises] INFO: [224/344] marseille NAF=86.23Z CP=13016: 30 results
2026-04-01 07:44:36,957 [doctolib] WARNING: Rate limited (429) for ophtalmologue/marseille page 0, waiting 13s (attempt 1/3)
2026-04-01 07:44:37,713 [api_entreprises] INFO: [225/344] marseille NAF=86.10Z CP=13001: 7 results
2026-04-01 07:44:49,725 [doctolib] WARNING: Rate limited (429) for ophtalmologue/marseille page 0, waiting 23s (attempt 2/3)
2026-04-01 07:44:53,822 [api_entreprises] INFO: [226/344] marseille NAF=86.10Z CP=13002: 5 results
2026-04-01 07:45:00,011 [api_entreprises] INFO: [227/344] marseille NAF=86.10Z CP=13003: 9 results
2026-04-01 07:45:00,756 [api_entreprises] INFO: [228/344] marseille NAF=86.10Z CP=13004: 6 results
2026-04-01 07:45:01,501 [api_entreprises] INFO: [229/344] marseille NAF=86.10Z CP=13005: 6 results
2026-04-01 07:45:07,799 [api_entreprises] INFO: [230/344] marseille NAF=86.10Z CP=13006: 7 results
2026-04-01 07:45:08,619 [api_entreprises] INFO: [231/344] marseille NAF=86.10Z CP=13007: 4 results
2026-04-01 07:45:09,400 [api_entreprises] INFO: [232/344] marseille NAF=86.10Z CP=13008: 19 results
2026-04-01 07:45:10,076 [api_entreprises] INFO: [233/344] marseille NAF=86.10Z CP=13009: 21 results
2026-04-01 07:45:10,826 [api_entreprises] INFO: [234/344] marseille NAF=86.10Z CP=13010: 8 results
2026-04-01 07:45:11,589 [api_entreprises] INFO: [235/344] marseille NAF=86.10Z CP=13011: 13 results
2026-04-01 07:45:12,364 [api_entreprises] INFO: [236/344] marseille NAF=86.10Z CP=13012: 19 results
2026-04-01 07:45:12,829 [api_entreprises] INFO: [237/344] marseille NAF=86.10Z CP=13013: 8 results
2026-04-01 07:45:13,227 [doctolib] WARNING: Rate limited (429) for ophtalmologue/marseille page 0, waiting 33s (attempt 3/3)
2026-04-01 07:45:13,249 [api_entreprises] INFO: [238/344] marseille NAF=86.10Z CP=13014: 5 results
2026-04-01 07:45:13,982 [api_entreprises] INFO: [239/344] marseille NAF=86.10Z CP=13015: 2 results
2026-04-01 07:45:14,779 [api_entreprises] INFO: [240/344] marseille NAF=86.10Z CP=13016: 3 results
2026-04-01 07:45:15,571 [api_entreprises] INFO: [241/344] marseille NAF=86.90B CP=13001: 14 results
2026-04-01 07:45:16,386 [api_entreprises] INFO: [242/344] marseille NAF=86.90B CP=13002: 10 results
2026-04-01 07:45:16,838 [api_entreprises] INFO: [243/344] marseille NAF=86.90B CP=13003: 8 results
2026-04-01 07:45:17,297 [api_entreprises] INFO: [244/344] marseille NAF=86.90B CP=13004: 12 results
2026-04-01 07:45:46,174 [doctolib] WARNING: Failed to fetch page 0 for Ophtalmologue/Marseille, stopping
2026-04-01 07:45:46,174 [doctolib] INFO:   Completed Ophtalmologue/Marseille: 0 unique records (0 pages fetched)
2026-04-01 07:45:48,793 [api_entreprises] WARNING: Failed: NAF=86.90B CP=13005 page=1
2026-04-01 07:45:50,890 [doctolib] INFO: Starting: Ophtalmologue in Lille
2026-04-01 07:45:51,059 [doctolib] WARNING: Rate limited (429) for ophtalmologue/lille page 0, waiting 13s (attempt 1/3)
2026-04-01 07:45:55,225 [api_entreprises] INFO: [246/344] marseille NAF=86.90B CP=13006: 20 results
2026-04-01 07:45:55,688 [api_entreprises] INFO: [247/344] marseille NAF=86.90B CP=13007: 13 results
2026-04-01 07:46:02,189 [api_entreprises] INFO: [248/344] marseille NAF=86.90B CP=13008: 34 results
2026-04-01 07:46:03,008 [api_entreprises] INFO: [249/344] marseille NAF=86.90B CP=13009: 18 results
2026-04-01 07:46:03,473 [api_entreprises] INFO: [250/344] marseille NAF=86.90B CP=13010: 10 results
2026-04-01 07:46:04,310 [doctolib] WARNING: Rate limited (429) for ophtalmologue/lille page 0, waiting 23s (attempt 2/3)
2026-04-01 07:46:20,297 [api_entreprises] INFO: [251/344] marseille NAF=86.90B CP=13011: 13 results
2026-04-01 07:46:27,068 [doctolib] WARNING: Rate limited (429) for ophtalmologue/lille page 0, waiting 33s (attempt 3/3)
2026-04-01 07:46:27,731 [api_entreprises] INFO: [252/344] marseille NAF=86.90B CP=13012: 38 results
2026-04-01 07:46:59,359 [api_entreprises] WARNING: Failed: NAF=86.90B CP=13013 page=1
2026-04-01 07:47:00,509 [doctolib] WARNING: Failed to fetch page 0 for Ophtalmologue/Lille, stopping
2026-04-01 07:47:00,509 [doctolib] INFO:   Completed Ophtalmologue/Lille: 0 unique records (0 pages fetched)
2026-04-01 07:47:04,812 [doctolib] INFO: Starting: Dermatologue in Paris
2026-04-01 07:47:05,022 [doctolib] WARNING: Rate limited (429) for dermatologue/paris page 0, waiting 13s (attempt 1/3)
2026-04-01 07:47:18,238 [doctolib] WARNING: Rate limited (429) for dermatologue/paris page 0, waiting 23s (attempt 2/3)
2026-04-01 07:47:30,863 [api_entreprises] WARNING: Failed: NAF=86.90B CP=13014 page=1
2026-04-01 07:47:31,329 [api_entreprises] INFO: [255/344] marseille NAF=86.90B CP=13015: 16 results
2026-04-01 07:47:32,216 [api_entreprises] INFO: [256/344] marseille NAF=86.90B CP=13016: 9 results
2026-04-01 07:47:41,810 [doctolib] WARNING: Rate limited (429) for dermatologue/paris page 0, waiting 34s (attempt 3/3)
2026-04-01 07:48:15,960 [doctolib] WARNING: Failed to fetch page 0 for Dermatologue/Paris, stopping
2026-04-01 07:48:15,961 [doctolib] INFO:   Completed Dermatologue/Paris: 0 unique records (0 pages fetched)
2026-04-01 07:48:20,850 [doctolib] INFO: Starting: Dermatologue in Marseille
2026-04-01 07:48:21,053 [doctolib] WARNING: Rate limited (429) for dermatologue/marseille page 0, waiting 12s (attempt 1/3)
2026-04-01 07:48:33,665 [doctolib] WARNING: Rate limited (429) for dermatologue/marseille page 0, waiting 24s (attempt 2/3)
2026-04-01 07:48:58,296 [doctolib] WARNING: Rate limited (429) for dermatologue/marseille page 0, waiting 34s (attempt 3/3)
2026-04-01 07:49:17,419 [api_entreprises] WARNING: Failed: NAF=86.90E CP=13001 page=11
2026-04-01 07:49:17,420 [api_entreprises] INFO: [257/344] marseille NAF=86.90E CP=13001: 250 results
2026-04-01 07:49:27,485 [api_entreprises] INFO: [258/344] marseille NAF=86.90E CP=13002: 120 results
2026-04-01 07:49:32,401 [doctolib] WARNING: Failed to fetch page 0 for Dermatologue/Marseille, stopping
2026-04-01 07:49:32,402 [doctolib] INFO:   Completed Dermatologue/Marseille: 0 unique records (0 pages fetched)
2026-04-01 07:49:35,645 [doctolib] INFO: Starting: Dermatologue in Lille
2026-04-01 07:49:36,167 [doctolib] WARNING: Rate limited (429) for dermatologue/lille page 0, waiting 13s (attempt 1/3)
2026-04-01 07:49:49,424 [api_entreprises] INFO: [259/344] marseille NAF=86.90E CP=13003: 183 results
2026-04-01 07:49:49,630 [doctolib] WARNING: Rate limited (429) for dermatologue/lille page 0, waiting 24s (attempt 2/3)
2026-04-01 07:50:13,419 [doctolib] WARNING: Rate limited (429) for dermatologue/lille page 0, waiting 35s (attempt 3/3)
2026-04-01 07:50:48,283 [doctolib] WARNING: Failed to fetch page 0 for Dermatologue/Lille, stopping
2026-04-01 07:50:48,283 [doctolib] INFO:   Completed Dermatologue/Lille: 0 unique records (0 pages fetched)
2026-04-01 07:50:52,441 [doctolib] INFO: Starting: Cardiologue in Paris
2026-04-01 07:50:52,657 [doctolib] WARNING: Rate limited (429) for cardiologue/paris page 0, waiting 15s (attempt 1/3)
2026-04-01 07:51:07,613 [doctolib] WARNING: Rate limited (429) for cardiologue/paris page 0, waiting 23s (attempt 2/3)
2026-04-01 07:51:21,348 [api_entreprises] INFO: [260/344] marseille NAF=86.90E CP=13004: 473 results
2026-04-01 07:51:31,047 [doctolib] WARNING: Rate limited (429) for cardiologue/paris page 0, waiting 32s (attempt 3/3)
2026-04-01 07:52:03,160 [doctolib] WARNING: Failed to fetch page 0 for Cardiologue/Paris, stopping
2026-04-01 07:52:03,160 [doctolib] INFO:   Completed Cardiologue/Paris: 0 unique records (0 pages fetched)
2026-04-01 07:52:06,962 [doctolib] INFO: Starting: Cardiologue in Marseille
2026-04-01 07:52:07,163 [doctolib] WARNING: Rate limited (429) for cardiologue/marseille page 0, waiting 13s (attempt 1/3)
2026-04-01 07:52:20,741 [doctolib] WARNING: Rate limited (429) for cardiologue/marseille page 0, waiting 23s (attempt 2/3)
2026-04-01 07:52:36,535 [api_entreprises] WARNING: Failed: NAF=86.90E CP=13005 page=9
2026-04-01 07:52:36,536 [api_entreprises] INFO: [261/344] marseille NAF=86.90E CP=13005: 200 results
2026-04-01 07:52:44,214 [doctolib] WARNING: Rate limited (429) for cardiologue/marseille page 0, waiting 32s (attempt 3/3)
2026-04-01 07:53:16,523 [doctolib] WARNING: Failed to fetch page 0 for Cardiologue/Marseille, stopping
2026-04-01 07:53:16,523 [doctolib] INFO:   Completed Cardiologue/Marseille: 0 unique records (0 pages fetched)
2026-04-01 07:53:21,208 [doctolib] INFO: Starting: Cardiologue in Lille
2026-04-01 07:53:21,713 [doctolib] WARNING: Rate limited (429) for cardiologue/lille page 0, waiting 15s (attempt 1/3)
2026-04-01 07:53:36,766 [doctolib] WARNING: Rate limited (429) for cardiologue/lille page 0, waiting 24s (attempt 2/3)
2026-04-01 07:54:00,683 [doctolib] WARNING: Rate limited (429) for cardiologue/lille page 0, waiting 33s (attempt 3/3)
2026-04-01 07:54:04,481 [api_entreprises] WARNING: Failed: NAF=86.90E CP=13006 page=10
2026-04-01 07:54:04,482 [api_entreprises] INFO: [262/344] marseille NAF=86.90E CP=13006: 225 results
2026-04-01 07:54:34,130 [doctolib] WARNING: Failed to fetch page 0 for Cardiologue/Lille, stopping
2026-04-01 07:54:34,130 [doctolib] INFO:   Completed Cardiologue/Lille: 0 unique records (0 pages fetched)
2026-04-01 07:54:38,385 [doctolib] INFO: Starting: Gynécologue in Paris
2026-04-01 07:54:38,585 [doctolib] WARNING: Rate limited (429) for gynecologue/paris page 0, waiting 13s (attempt 1/3)
2026-04-01 07:54:51,619 [doctolib] WARNING: Rate limited (429) for gynecologue/paris page 0, waiting 23s (attempt 2/3)
2026-04-01 07:54:56,431 [api_entreprises] INFO: [263/344] marseille NAF=86.90E CP=13007: 392 results
2026-04-01 07:55:14,924 [doctolib] WARNING: Rate limited (429) for gynecologue/paris page 0, waiting 33s (attempt 3/3)
2026-04-01 07:55:42,607 [api_entreprises] WARNING: Failed: NAF=86.90E CP=13008 page=5
2026-04-01 07:55:42,607 [api_entreprises] INFO: [264/344] marseille NAF=86.90E CP=13008: 100 results
2026-04-01 07:55:47,429 [doctolib] WARNING: Failed to fetch page 0 for Gynécologue/Paris, stopping
2026-04-01 07:55:47,429 [doctolib] INFO:   Completed Gynécologue/Paris: 0 unique records (0 pages fetched)
2026-04-01 07:55:52,036 [doctolib] INFO: Starting: Gynécologue in Marseille
2026-04-01 07:55:52,212 [doctolib] WARNING: Rate limited (429) for gynecologue/marseille page 0, waiting 15s (attempt 1/3)
2026-04-01 07:56:07,279 [doctolib] WARNING: Rate limited (429) for gynecologue/marseille page 0, waiting 24s (attempt 2/3)
2026-04-01 07:56:31,897 [doctolib] WARNING: Rate limited (429) for gynecologue/marseille page 0, waiting 32s (attempt 3/3)
2026-04-01 07:57:04,347 [doctolib] WARNING: Failed to fetch page 0 for Gynécologue/Marseille, stopping
2026-04-01 07:57:04,348 [doctolib] INFO:   Completed Gynécologue/Marseille: 0 unique records (0 pages fetched)
2026-04-01 07:57:07,538 [doctolib] INFO: Starting: Gynécologue in Lille
2026-04-01 07:57:07,951 [doctolib] WARNING: Rate limited (429) for gynecologue/lille page 0, waiting 14s (attempt 1/3)
2026-04-01 07:57:22,099 [doctolib] WARNING: Rate limited (429) for gynecologue/lille page 0, waiting 22s (attempt 2/3)
2026-04-01 07:57:25,445 [api_entreprises] INFO: [265/344] marseille NAF=86.90E CP=13009: 638 results
2026-04-01 07:57:44,551 [doctolib] WARNING: Rate limited (429) for gynecologue/lille page 0, waiting 32s (attempt 3/3)
2026-04-01 07:58:16,921 [doctolib] WARNING: Failed to fetch page 0 for Gynécologue/Lille, stopping
2026-04-01 07:58:16,921 [doctolib] INFO:   Completed Gynécologue/Lille: 0 unique records (0 pages fetched)
2026-04-01 07:58:20,591 [doctolib] INFO: Starting: Radiologue in Paris
2026-04-01 07:58:20,774 [doctolib] WARNING: Rate limited (429) for radiologue/paris page 0, waiting 14s (attempt 1/3)
2026-04-01 07:58:34,573 [doctolib] WARNING: Rate limited (429) for radiologue/paris page 0, waiting 25s (attempt 2/3)
2026-04-01 07:58:50,698 [doctolib] INFO: ============================================================
2026-04-01 07:58:50,699 [doctolib] INFO: Doctolib scraper starting
2026-04-01 07:58:50,699 [doctolib] INFO: Categories: 10, Cities: ['paris', 'marseille', 'lille']
2026-04-01 07:58:50,699 [doctolib] INFO: ============================================================
2026-04-01 07:58:50,699 [doctolib] INFO: === Starting PARIS ===
2026-04-01 07:58:53,345 [doctolib] INFO: Session init: HTTP 200, cookies: ['ssid', 'locale', 'esid', '_doctolib_session', '__cf_bm', '_cfuvid']
2026-04-01 07:58:53,679 [api_entreprises] WARNING: Failed: NAF=86.90E CP=13010 page=19
2026-04-01 07:58:53,679 [api_entreprises] INFO: [266/344] marseille NAF=86.90E CP=13010: 450 results
2026-04-01 07:58:56,350 [doctolib] INFO: Loaded 623 existing records for paris
2026-04-01 07:58:56,351 [doctolib] INFO: Scraping 'laboratoire-d-analyses-medicales' in paris...
2026-04-01 07:58:56,378 [pagesjaunes] INFO: Session created with UA: Mozilla/5.0 (Linux; Android 14; SM-S928B) AppleWeb
2026-04-01 07:58:56,379 [pagesjaunes] INFO: === Pages Jaunes: Starting PARIS ===
2026-04-01 07:58:56,379 [pagesjaunes] INFO: PJ: Scraping 'laboratoire d'analyses medicales' in Paris...
2026-04-01 07:58:56,510 [doctolib] WARNING: Rate limited (429) for laboratoire-d-analyses-medicales/paris page 0, waiting 66s (attempt 1/3)
2026-04-01 07:58:56,767 [pagesjaunes] WARNING: PJ 403 for laboratoire d'analyses medicales/Paris page 1, waiting 90s (attempt 1/3)
2026-04-01 07:58:59,518 [doctolib] WARNING: Rate limited (429) for radiologue/paris page 0, waiting 33s (attempt 3/3)
2026-04-01 07:59:32,277 [doctolib] WARNING: Failed to fetch page 0 for Radiologue/Paris, stopping
2026-04-01 07:59:32,277 [doctolib] INFO:   Completed Radiologue/Paris: 0 unique records (0 pages fetched)
2026-04-01 07:59:32,518 [api_entreprises] INFO: [267/344] marseille NAF=86.90E CP=13011: 347 results
2026-04-01 07:59:36,396 [doctolib] INFO: Starting: Radiologue in Marseille
2026-04-01 07:59:36,569 [doctolib] WARNING: Rate limited (429) for radiologue/marseille page 0, waiting 14s (attempt 1/3)
2026-04-01 07:59:51,198 [doctolib] WARNING: Rate limited (429) for radiologue/marseille page 0, waiting 25s (attempt 2/3)
2026-04-01 08:00:03,420 [doctolib] INFO:   laboratoire-d-analyses-medicales/paris page 0: 20 providers (total: 375)
2026-04-01 08:00:07,127 [doctolib] INFO:   laboratoire-d-analyses-medicales/paris page 1: 20 providers (total: 375)
2026-04-01 08:00:10,399 [doctolib] INFO:   laboratoire-d-analyses-medicales/paris page 2: 20 providers (total: 375)
2026-04-01 08:00:15,111 [doctolib] INFO:   laboratoire-d-analyses-medicales/paris page 3: 20 providers (total: 375)
2026-04-01 08:00:16,419 [doctolib] ERROR: Request error for radiologue/marseille page 0: Expecting value: line 1 column 1 (char 0)
2026-04-01 08:00:16,420 [doctolib] WARNING: Failed to fetch page 0 for Radiologue/Marseille, stopping
2026-04-01 08:00:16,420 [doctolib] INFO:   Completed Radiologue/Marseille: 0 unique records (0 pages fetched)
2026-04-01 08:00:19,759 [doctolib] INFO:   laboratoire-d-analyses-medicales/paris page 4: 20 providers (total: 375)
2026-04-01 08:00:20,079 [doctolib] INFO: Starting: Radiologue in Lille
2026-04-01 08:00:20,306 [doctolib] ERROR: Request error for radiologue/lille page 0: Expecting value: line 1 column 1 (char 0)
2026-04-01 08:00:23,543 [doctolib] ERROR: Request error for radiologue/lille page 0: Extra data: line 1 column 2 (char 1)
2026-04-01 08:00:23,831 [doctolib] INFO:   laboratoire-d-analyses-medicales/paris page 5: 20 providers (total: 375)
2026-04-01 08:00:26,795 [pagesjaunes] WARNING: PJ 403 for laboratoire d'analyses medicales/Paris page 1, waiting 180s (attempt 2/3)
2026-04-01 08:00:28,567 [doctolib] INFO:   laboratoire-d-analyses-medicales/paris page 6: 20 providers (total: 375)
2026-04-01 08:00:29,763 [doctolib] ERROR: Request error for radiologue/lille page 0: Expecting value: line 1 column 1 (char 0)
2026-04-01 08:00:29,763 [doctolib] WARNING: Failed to fetch page 0 for Radiologue/Lille, stopping
2026-04-01 08:00:29,763 [doctolib] INFO:   Completed Radiologue/Lille: 0 unique records (0 pages fetched)
2026-04-01 08:00:33,469 [doctolib] INFO:   laboratoire-d-analyses-medicales/paris page 7: 20 providers (total: 375)
2026-04-01 08:00:34,557 [doctolib] INFO: Starting: Laboratoire d'analyses médicales in Paris
2026-04-01 08:00:34,951 [doctolib] ERROR: Request error for laboratoire-d-analyses-medicales/paris page 0: Expecting value: line 1 column 1 (char 0)
2026-04-01 08:00:37,766 [doctolib] INFO:   laboratoire-d-analyses-medicales/paris page 8: 20 providers (total: 375)
2026-04-01 08:00:38,171 [doctolib] ERROR: Request error for laboratoire-d-analyses-medicales/paris page 0: Expecting value: line 1 column 1 (char 0)
2026-04-01 08:00:41,216 [doctolib] INFO:   laboratoire-d-analyses-medicales/paris page 9: 20 providers (total: 375)
2026-04-01 08:00:41,569 [api_entreprises] INFO: [268/344] marseille NAF=86.90E CP=13012: 717 results
2026-04-01 08:00:44,390 [doctolib] ERROR: Request error for laboratoire-d-analyses-medicales/paris page 0: Expecting value: line 1 column 1 (char 0)
2026-04-01 08:00:44,390 [doctolib] WARNING: Failed to fetch page 0 for Laboratoire d'analyses médicales/Paris, stopping
2026-04-01 08:00:44,391 [doctolib] INFO:   Completed Laboratoire d'analyses médicales/Paris: 0 unique records (0 pages fetched)
2026-04-01 08:00:45,347 [doctolib] INFO:   laboratoire-d-analyses-medicales/paris page 10: 20 providers (total: 375)
2026-04-01 08:00:48,469 [doctolib] INFO: Starting: Laboratoire d'analyses médicales in Marseille
2026-04-01 08:00:48,807 [doctolib] ERROR: Request error for laboratoire-d-analyses-medicales/marseille page 0: Expecting value: line 1 column 1 (char 0)
2026-04-01 08:00:49,651 [doctolib] INFO:   laboratoire-d-analyses-medicales/paris page 11: 20 providers (total: 375)
2026-04-01 08:00:52,074 [doctolib] ERROR: Request error for laboratoire-d-analyses-medicales/marseille page 0: Expecting value: line 1 column 1 (char 0)
2026-04-01 08:00:52,911 [doctolib] INFO:   laboratoire-d-analyses-medicales/paris page 12: 20 providers (total: 375)
2026-04-01 08:00:56,762 [doctolib] INFO:   laboratoire-d-analyses-medicales/paris page 13: 20 providers (total: 375)
2026-04-01 08:00:58,285 [doctolib] ERROR: Request error for laboratoire-d-analyses-medicales/marseille page 0: Expecting value: line 1 column 1 (char 0)
2026-04-01 08:00:58,285 [doctolib] WARNING: Failed to fetch page 0 for Laboratoire d'analyses médicales/Marseille, stopping
2026-04-01 08:00:58,285 [doctolib] INFO:   Completed Laboratoire d'analyses médicales/Marseille: 0 unique records (0 pages fetched)
2026-04-01 08:01:00,564 [doctolib] INFO:   laboratoire-d-analyses-medicales/paris page 14: 20 providers (total: 375)
2026-04-01 08:01:02,304 [doctolib] INFO: Starting: Laboratoire d'analyses médicales in Lille
2026-04-01 08:01:02,520 [doctolib] ERROR: Request error for laboratoire-d-analyses-medicales/lille page 0: Expecting value: line 1 column 1 (char 0)
2026-04-01 08:01:05,181 [doctolib] INFO:   laboratoire-d-analyses-medicales/paris page 15: 20 providers (total: 375)
2026-04-01 08:01:05,741 [doctolib] ERROR: Request error for laboratoire-d-analyses-medicales/lille page 0: Expecting value: line 1 column 1 (char 0)
2026-04-01 08:01:08,589 [doctolib] INFO:   laboratoire-d-analyses-medicales/paris page 16: 20 providers (total: 375)
2026-04-01 08:01:12,058 [doctolib] ERROR: Request error for laboratoire-d-analyses-medicales/lille page 0: Expecting value: line 1 column 1 (char 0)
2026-04-01 08:01:12,058 [doctolib] WARNING: Failed to fetch page 0 for Laboratoire d'analyses médicales/Lille, stopping
2026-04-01 08:01:12,058 [doctolib] INFO:   Completed Laboratoire d'analyses médicales/Lille: 0 unique records (0 pages fetched)
2026-04-01 08:01:12,494 [doctolib] INFO:   laboratoire-d-analyses-medicales/paris page 17: 20 providers (total: 375)
2026-04-01 08:01:16,358 [doctolib] INFO:   laboratoire-d-analyses-medicales/paris page 18: 15 providers (total: 375)
2026-04-01 08:01:16,359 [doctolib] INFO:   => 372 records for laboratoire-d-analyses-medicales/paris
2026-04-01 08:01:16,954 [doctolib] INFO: ============================================================
2026-04-01 08:01:16,954 [doctolib] INFO: Scraping complete. Statistics:
2026-04-01 08:01:16,954 [doctolib] INFO:   Médecin généraliste/Paris: 0
2026-04-01 08:01:16,954 [doctolib] INFO:   Médecin généraliste/Marseille: 0
2026-04-01 08:01:16,954 [doctolib] INFO:   Médecin généraliste/Lille: 0
2026-04-01 08:01:16,954 [doctolib] INFO:   Dentiste/Paris: 0
2026-04-01 08:01:16,954 [doctolib] INFO:   Dentiste/Marseille: 0
2026-04-01 08:01:16,954 [doctolib] INFO:   Dentiste/Lille: 0
2026-04-01 08:01:16,954 [doctolib] INFO:   Kinésithérapeute/Paris: 0
2026-04-01 08:01:16,954 [doctolib] INFO:   Kinésithérapeute/Marseille: 0
2026-04-01 08:01:16,954 [doctolib] INFO:   Kinésithérapeute/Lille: 0
2026-04-01 08:01:16,954 [doctolib] INFO:   Ophtalmologue/Paris: 0
2026-04-01 08:01:16,954 [doctolib] INFO:   Ophtalmologue/Marseille: 0
2026-04-01 08:01:16,954 [doctolib] INFO:   Ophtalmologue/Lille: 0
2026-04-01 08:01:16,954 [doctolib] INFO:   Dermatologue/Paris: 0
2026-04-01 08:01:16,954 [doctolib] INFO:   Dermatologue/Marseille: 0
2026-04-01 08:01:16,954 [doctolib] INFO:   Dermatologue/Lille: 0
2026-04-01 08:01:16,954 [doctolib] INFO:   Cardiologue/Paris: 0
2026-04-01 08:01:16,954 [doctolib] INFO:   Cardiologue/Marseille: 0
2026-04-01 08:01:16,954 [doctolib] INFO:   Cardiologue/Lille: 0
2026-04-01 08:01:16,954 [doctolib] INFO:   Gynécologue/Paris: 0
2026-04-01 08:01:16,954 [doctolib] INFO:   Gynécologue/Marseille: 0
2026-04-01 08:01:16,954 [doctolib] INFO:   Gynécologue/Lille: 0
2026-04-01 08:01:16,954 [doctolib] INFO:   Radiologue/Paris: 0
2026-04-01 08:01:16,954 [doctolib] INFO:   Radiologue/Marseille: 0
2026-04-01 08:01:16,954 [doctolib] INFO:   Radiologue/Lille: 0
2026-04-01 08:01:16,954 [doctolib] INFO:   Laboratoire d'analyses médicales/Paris: 0
2026-04-01 08:01:16,954 [doctolib] INFO:   Laboratoire d'analyses médicales/Marseille: 0
2026-04-01 08:01:16,954 [doctolib] INFO:   Laboratoire d'analyses médicales/Lille: 0
2026-04-01 08:01:16,954 [doctolib] INFO: Total raw results: 0
2026-04-01 08:01:16,954 [doctolib] INFO: After deduplication: 0
2026-04-01 08:01:16,955 [doctolib] INFO: Results saved to /home/user/Website01/data/doctolib.json
2026-04-01 08:01:16,955 [doctolib] INFO: ============================================================
2026-04-01 08:01:23,452 [doctolib] INFO: Scraping 'laboratoire' in paris...
2026-04-01 08:01:23,676 [doctolib] INFO:   laboratoire/paris page 0: 20 providers (total: 626)
2026-04-01 08:01:28,850 [doctolib] INFO:   laboratoire/paris page 1: 20 providers (total: 626)
2026-04-01 08:01:32,225 [doctolib] INFO:   laboratoire/paris page 2: 20 providers (total: 626)
2026-04-01 08:01:36,909 [api_entreprises] INFO: [269/344] marseille NAF=86.90E CP=13013: 600 results
2026-04-01 08:01:37,019 [doctolib] INFO:   laboratoire/paris page 3: 20 providers (total: 626)
2026-04-01 08:01:42,193 [doctolib] INFO:   laboratoire/paris page 4: 20 providers (total: 626)
2026-04-01 08:01:46,536 [doctolib] INFO:   laboratoire/paris page 5: 20 providers (total: 626)
2026-04-01 08:01:50,504 [doctolib] INFO:   laboratoire/paris page 6: 20 providers (total: 626)
2026-04-01 08:01:55,451 [doctolib] INFO:   laboratoire/paris page 7: 20 providers (total: 626)
2026-04-01 08:01:59,911 [doctolib] INFO:   laboratoire/paris page 8: 20 providers (total: 626)
2026-04-01 08:02:04,340 [doctolib] INFO:   laboratoire/paris page 9: 20 providers (total: 626)
2026-04-01 08:02:09,261 [doctolib] INFO:   laboratoire/paris page 10: 20 providers (total: 626)
2026-04-01 08:02:13,051 [doctolib] INFO:   laboratoire/paris page 11: 20 providers (total: 626)
2026-04-01 08:02:14,050 [api_entreprises] INFO: [270/344] marseille NAF=86.90E CP=13014: 313 results
2026-04-01 08:02:17,779 [doctolib] INFO:   laboratoire/paris page 12: 20 providers (total: 626)
2026-04-01 08:02:21,796 [doctolib] INFO:   laboratoire/paris page 13: 20 providers (total: 626)
2026-04-01 08:02:22,859 [api_entreprises] INFO: [271/344] marseille NAF=86.90E CP=13015: 175 results
2026-04-01 08:02:25,810 [doctolib] INFO:   laboratoire/paris page 14: 20 providers (total: 626)
2026-04-01 08:02:29,264 [doctolib] INFO:   laboratoire/paris page 15: 20 providers (total: 626)
2026-04-01 08:02:32,919 [doctolib] INFO:   laboratoire/paris page 16: 20 providers (total: 626)
2026-04-01 08:02:36,593 [doctolib] INFO:   laboratoire/paris page 17: 20 providers (total: 626)
2026-04-01 08:02:40,492 [api_entreprises] INFO: [272/344] marseille NAF=86.90E CP=13016: 186 results
2026-04-01 08:02:40,985 [doctolib] INFO:   laboratoire/paris page 18: 20 providers (total: 626)
2026-04-01 08:02:45,432 [doctolib] INFO:   laboratoire/paris page 19: 20 providers (total: 626)
2026-04-01 08:02:50,365 [doctolib] INFO:   laboratoire/paris page 20: 20 providers (total: 626)
2026-04-01 08:02:54,858 [doctolib] INFO:   laboratoire/paris page 21: 20 providers (total: 626)
2026-04-01 08:02:59,403 [doctolib] INFO:   laboratoire/paris page 22: 20 providers (total: 626)
2026-04-01 08:03:02,615 [api_entreprises] INFO: [273/344] marseille NAF=86.90F CP=13001: 193 results
2026-04-01 08:03:04,424 [doctolib] INFO:   laboratoire/paris page 23: 20 providers (total: 626)
2026-04-01 08:03:07,658 [doctolib] INFO:   laboratoire/paris page 24: 20 providers (total: 626)
2026-04-01 08:03:09,155 [api_entreprises] INFO: [274/344] marseille NAF=86.90F CP=13002: 34 results
2026-04-01 08:03:11,096 [api_entreprises] INFO: [275/344] marseille NAF=86.90F CP=13003: 35 results
2026-04-01 08:03:11,485 [doctolib] INFO:   => 496 records for laboratoire/paris
2026-04-01 08:03:17,893 [doctolib] INFO: Scraping 'hopital-public' in paris...
2026-04-01 08:03:18,174 [doctolib] INFO:   hopital-public/paris page 0: 20 providers (total: 1122)
2026-04-01 08:03:21,706 [api_entreprises] INFO: [276/344] marseille NAF=86.90F CP=13004: 119 results
2026-04-01 08:03:21,797 [doctolib] INFO:   hopital-public/paris page 1: 20 providers (total: 1122)
2026-04-01 08:03:25,172 [doctolib] INFO:   hopital-public/paris page 2: 20 providers (total: 1122)
2026-04-01 08:03:26,823 [pagesjaunes] WARNING: PJ 403 for laboratoire d'analyses medicales/Paris page 1, waiting 270s (attempt 3/3)
2026-04-01 08:03:30,099 [doctolib] WARNING: Rate limited (429) for hopital-public/paris page 3, waiting 72s (attempt 1/3)
2026-04-01 08:03:34,847 [api_entreprises] INFO: [277/344] marseille NAF=86.90F CP=13005: 163 results
2026-04-01 08:04:39,095 [api_entreprises] WARNING: Failed: NAF=86.90F CP=13006 page=8
2026-04-01 08:04:39,095 [api_entreprises] INFO: [278/344] marseille NAF=86.90F CP=13006: 175 results
2026-04-01 08:04:42,688 [doctolib] WARNING: Rate limited (429) for hopital-public/paris page 3, waiting 125s (attempt 2/3)
2026-04-01 08:05:19,395 [api_entreprises] WARNING: Failed: NAF=86.90F CP=13007 page=5
2026-04-01 08:05:19,396 [api_entreprises] INFO: [279/344] marseille NAF=86.90F CP=13007: 100 results
2026-04-01 08:05:38,703 [pagesjaunes] INFO: Session created with UA: Mozilla/5.0 (Linux; Android 13; Pixel 7) AppleWebK
2026-04-01 08:05:38,703 [pagesjaunes] INFO: === Pages Jaunes: Starting PARIS ===
2026-04-01 08:05:38,703 [pagesjaunes] INFO: PJ: Scraping 'laboratoire d'analyses medicales' in Paris...
2026-04-01 08:05:39,825 [pagesjaunes] ERROR: Error laboratoire d'analyses medicales/Paris page 1: invalid literal for int() with base 10: ''
2026-04-01 08:05:45,748 [pagesjaunes] ERROR: Error laboratoire d'analyses medicales/Paris page 1: invalid literal for int() with base 10: ''
2026-04-01 08:05:56,433 [pagesjaunes] ERROR: Error laboratoire d'analyses medicales/Paris page 1: invalid literal for int() with base 10: ''
2026-04-01 08:05:56,433 [pagesjaunes] INFO:   => 0 records
2026-04-01 08:06:08,039 [pagesjaunes] INFO: PJ: Scraping 'hopital' in Paris...
2026-04-01 08:06:08,749 [pagesjaunes] ERROR: Error hopital/Paris page 1: invalid literal for int() with base 10: ''
2026-04-01 08:06:14,550 [pagesjaunes] ERROR: Error hopital/Paris page 1: invalid literal for int() with base 10: ''
2026-04-01 08:06:24,531 [api_entreprises] WARNING: Failed: NAF=86.90F CP=13008 page=3
2026-04-01 08:06:24,532 [api_entreprises] INFO: [280/344] marseille NAF=86.90F CP=13008: 50 results
2026-04-01 08:06:25,398 [pagesjaunes] ERROR: Error hopital/Paris page 1: invalid literal for int() with base 10: ''
2026-04-01 08:06:25,398 [pagesjaunes] INFO:   => 0 records
2026-04-01 08:06:28,899 [api_entreprises] INFO: [281/344] marseille NAF=86.90F CP=13009: 119 results
2026-04-01 08:06:34,155 [pagesjaunes] INFO: PJ: Scraping 'clinique' in Paris...
2026-04-01 08:06:35,088 [pagesjaunes] ERROR: Error clinique/Paris page 1: invalid literal for int() with base 10: ''
2026-04-01 08:06:40,893 [pagesjaunes] ERROR: Error clinique/Paris page 1: invalid literal for int() with base 10: ''
2026-04-01 08:06:49,078 [doctolib] WARNING: Rate limited (429) for hopital-public/paris page 3, waiting 188s (attempt 3/3)
2026-04-01 08:06:51,848 [pagesjaunes] ERROR: Error clinique/Paris page 1: invalid literal for int() with base 10: ''
2026-04-01 08:06:51,848 [pagesjaunes] INFO:   => 0 records
2026-04-01 08:07:00,619 [pagesjaunes] INFO: PJ: Scraping 'dentiste' in Paris...
2026-04-01 08:07:02,234 [pagesjaunes] ERROR: Error dentiste/Paris page 1: invalid literal for int() with base 10: ''
2026-04-01 08:07:07,590 [api_entreprises] WARNING: Failed: NAF=86.90F CP=13010 page=3
2026-04-01 08:07:07,591 [api_entreprises] INFO: [282/344] marseille NAF=86.90F CP=13010: 50 results
2026-04-01 08:07:08,498 [pagesjaunes] ERROR: Error dentiste/Paris page 1: invalid literal for int() with base 10: ''
2026-04-01 08:07:19,630 [pagesjaunes] ERROR: Error dentiste/Paris page 1: invalid literal for int() with base 10: ''
2026-04-01 08:07:19,630 [pagesjaunes] INFO:   => 0 records
2026-04-01 08:07:28,109 [pagesjaunes] INFO: PJ: Scraping 'medecin generaliste' in Paris...
2026-04-01 08:07:28,907 [pagesjaunes] ERROR: Error medecin generaliste/Paris page 1: invalid literal for int() with base 10: ''
2026-04-01 08:07:34,860 [pagesjaunes] ERROR: Error medecin generaliste/Paris page 1: invalid literal for int() with base 10: ''
2026-04-01 08:07:39,767 [api_entreprises] WARNING: Failed: NAF=86.90F CP=13011 page=2
2026-04-01 08:07:39,767 [api_entreprises] INFO: [283/344] marseille NAF=86.90F CP=13011: 25 results
2026-04-01 08:07:45,565 [pagesjaunes] ERROR: Error medecin generaliste/Paris page 1: invalid literal for int() with base 10: ''
2026-04-01 08:07:45,565 [pagesjaunes] INFO:   => 0 records
2026-04-01 08:07:53,626 [pagesjaunes] INFO: PJ: Scraping 'centre de sante' in Paris...
2026-04-01 08:07:54,701 [pagesjaunes] ERROR: Error centre de sante/Paris page 1: invalid literal for int() with base 10: ''
2026-04-01 08:07:56,824 [pagesjaunes] INFO:   => 0 records
2026-04-01 08:08:00,554 [pagesjaunes] ERROR: Error centre de sante/Paris page 1: invalid literal for int() with base 10: ''
2026-04-01 08:08:05,684 [pagesjaunes] INFO: PJ: Scraping 'hopital' in Paris...
2026-04-01 08:08:05,713 [pagesjaunes] WARNING: PJ 403 for hopital/Paris page 1, waiting 90s (attempt 1/3)
2026-04-01 08:08:11,167 [api_entreprises] WARNING: Failed: NAF=86.90F CP=13012 page=1
2026-04-01 08:08:11,492 [pagesjaunes] ERROR: Error centre de sante/Paris page 1: invalid literal for int() with base 10: ''
2026-04-01 08:08:11,492 [pagesjaunes] INFO:   => 0 records
2026-04-01 08:08:20,825 [pagesjaunes] INFO: PJ: Scraping 'radiologue' in Paris...
2026-04-01 08:08:21,671 [pagesjaunes] ERROR: Error radiologue/Paris page 1: invalid literal for int() with base 10: ''
2026-04-01 08:08:27,397 [pagesjaunes] ERROR: Error radiologue/Paris page 1: invalid literal for int() with base 10: ''
2026-04-01 08:08:36,402 [api_entreprises] INFO: [285/344] marseille NAF=86.90F CP=13013: 83 results
2026-04-01 08:08:38,284 [pagesjaunes] ERROR: Error radiologue/Paris page 1: invalid literal for int() with base 10: ''
2026-04-01 08:08:38,284 [pagesjaunes] INFO:   => 0 records
2026-04-01 08:08:47,430 [pagesjaunes] INFO: PJ: Scraping 'kinesitherapeute' in Paris...
2026-04-01 08:08:49,061 [pagesjaunes] ERROR: Error kinesitherapeute/Paris page 1: invalid literal for int() with base 10: ''
2026-04-01 08:08:55,509 [pagesjaunes] ERROR: Error kinesitherapeute/Paris page 1: invalid literal for int() with base 10: ''
2026-04-01 08:08:59,018 [api_entreprises] INFO: [286/344] marseille NAF=86.90F CP=13014: 32 results
2026-04-01 08:09:06,922 [pagesjaunes] ERROR: Error kinesitherapeute/Paris page 1: invalid literal for int() with base 10: ''
2026-04-01 08:09:06,922 [pagesjaunes] INFO:   => 0 records
2026-04-01 08:09:30,739 [api_entreprises] WARNING: Failed: NAF=86.90F CP=13015 page=1
2026-04-01 08:09:57,506 [doctolib] WARNING:   Failed at page 3, stopping
2026-04-01 08:09:57,507 [doctolib] INFO:   => 58 records for hopital-public/paris
2026-04-01 08:10:01,928 [api_entreprises] WARNING: Failed: NAF=86.90F CP=13016 page=1
2026-04-01 08:10:02,129 [api_entreprises] INFO: === MARSEILLE: 13451 total results ===
2026-04-01 08:10:05,354 [doctolib] INFO: Scraping 'dentiste' in paris...
2026-04-01 08:10:05,522 [doctolib] WARNING: Rate limited (429) for dentiste/paris page 0, waiting 66s (attempt 1/3)
2026-04-01 08:10:13,214 [pagesjaunes] INFO: Session created with UA: Mozilla/5.0 (iPhone; CPU iPhone OS 17_5 like Mac O
2026-04-01 08:10:13,214 [pagesjaunes] INFO: === Pages Jaunes: Starting PARIS ===
2026-04-01 08:10:13,214 [pagesjaunes] INFO: PJ: Scraping 'laboratoire d'analyses medicales' in Paris...
2026-04-01 08:10:13,357 [pagesjaunes] WARNING: PJ 403 for laboratoire d'analyses medicales/Paris page 1, waiting 90s (attempt 1/3)
2026-04-01 08:10:33,332 [api_entreprises] WARNING: Failed: NAF=86.21Z CP=59000 page=1
2026-04-01 08:11:05,374 [api_entreprises] WARNING: Failed: NAF=86.21Z CP=59800 page=1
2026-04-01 08:11:12,531 [doctolib] WARNING: Rate limited (429) for dentiste/paris page 0, waiting 129s (attempt 2/3)
2026-04-01 08:11:43,215 [api_entreprises] WARNING: Failed: NAF=86.21Z CP=59100 page=2
2026-04-01 08:11:43,216 [api_entreprises] INFO: [291/344] lille NAF=86.21Z CP=59100: 25 results
2026-04-01 08:11:43,381 [pagesjaunes] WARNING: PJ 403 for laboratoire d'analyses medicales/Paris page 1, waiting 180s (attempt 2/3)
2026-04-01 08:12:05,913 [api_entreprises] INFO: [292/344] lille NAF=86.21Z CP=59200: 188 results
2026-04-01 08:12:35,464 [api_entreprises] INFO: [293/344] lille NAF=86.21Z CP=59491: 71 results
2026-04-01 08:13:08,438 [api_entreprises] WARNING: Failed: NAF=86.21Z CP=59130 page=3
2026-04-01 08:13:08,439 [api_entreprises] INFO: [294/344] lille NAF=86.21Z CP=59130: 50 results
2026-04-01 08:13:22,941 [doctolib] WARNING: Rate limited (429) for dentiste/paris page 0, waiting 189s (attempt 3/3)
2026-04-01 08:13:41,032 [api_entreprises] INFO: [295/344] lille NAF=86.21Z CP=59110: 160 results
2026-04-01 08:14:19,819 [api_entreprises] WARNING: Failed: NAF=86.22A CP=59000 page=3
2026-04-01 08:14:19,820 [api_entreprises] INFO: [296/344] lille NAF=86.22A CP=59000: 50 results
2026-04-01 08:14:43,407 [pagesjaunes] WARNING: PJ 403 for laboratoire d'analyses medicales/Paris page 1, waiting 270s (attempt 3/3)
2026-04-01 08:15:15,708 [api_entreprises] WARNING: Failed: NAF=86.22A CP=59800 page=5
2026-04-01 08:15:15,709 [api_entreprises] INFO: [297/344] lille NAF=86.22A CP=59800: 100 results
2026-04-01 08:15:16,556 [api_entreprises] INFO: [298/344] lille NAF=86.22A CP=59100: 11 results
2026-04-01 08:15:17,361 [api_entreprises] INFO: [299/344] lille NAF=86.22A CP=59200: 17 results
2026-04-01 08:15:18,173 [api_entreprises] INFO: [300/344] lille NAF=86.22A CP=59491: 16 results
2026-04-01 08:15:18,627 [api_entreprises] INFO: [301/344] lille NAF=86.22A CP=59130: 23 results
2026-04-01 08:15:19,061 [api_entreprises] INFO: [302/344] lille NAF=86.22A CP=59110: 13 results
2026-04-01 08:15:50,209 [api_entreprises] INFO: [303/344] lille NAF=86.22C CP=59000: 465 results
2026-04-01 08:15:52,136 [doctolib] INFO: ============================================================
2026-04-01 08:15:52,136 [doctolib] INFO: Doctolib scraper starting
2026-04-01 08:15:52,136 [doctolib] INFO: Categories: 10, Cities: ['paris', 'marseille', 'lille']
2026-04-01 08:15:52,136 [doctolib] INFO: ============================================================
2026-04-01 08:15:52,136 [doctolib] INFO: === Starting PARIS ===
2026-04-01 08:15:52,946 [doctolib] INFO: Session init: HTTP 429, cookies: ['__cf_bm', '_cfuvid']
2026-04-01 08:15:55,951 [doctolib] INFO: Loaded 623 existing records for paris
2026-04-01 08:15:55,951 [doctolib] INFO: Scraping 'laboratoire-d-analyses-medicales' in paris...
2026-04-01 08:15:56,230 [doctolib] INFO:   laboratoire-d-analyses-medicales/paris page 0: 20 providers (total: 375)
2026-04-01 08:16:01,403 [doctolib] INFO:   laboratoire-d-analyses-medicales/paris page 1: 20 providers (total: 375)
2026-04-01 08:16:06,250 [doctolib] INFO:   laboratoire-d-analyses-medicales/paris page 2: 20 providers (total: 375)
2026-04-01 08:16:10,488 [doctolib] INFO:   laboratoire-d-analyses-medicales/paris page 3: 20 providers (total: 375)
2026-04-01 08:16:14,348 [doctolib] INFO:   laboratoire-d-analyses-medicales/paris page 4: 20 providers (total: 375)
2026-04-01 08:16:19,025 [doctolib] INFO:   laboratoire-d-analyses-medicales/paris page 5: 20 providers (total: 375)
2026-04-01 08:16:23,266 [doctolib] INFO:   laboratoire-d-analyses-medicales/paris page 6: 20 providers (total: 375)
2026-04-01 08:16:24,183 [api_entreprises] WARNING: Failed: NAF=86.22C CP=59800 page=5
2026-04-01 08:16:24,183 [api_entreprises] INFO: [304/344] lille NAF=86.22C CP=59800: 100 results
2026-04-01 08:16:27,730 [doctolib] INFO:   laboratoire-d-analyses-medicales/paris page 7: 20 providers (total: 375)
2026-04-01 08:16:31,617 [doctolib] INFO:   laboratoire-d-analyses-medicales/paris page 8: 20 providers (total: 375)
2026-04-01 08:16:32,828 [doctolib] WARNING:   Failed at page 0, stopping
2026-04-01 08:16:32,829 [doctolib] INFO:   => 0 records for dentiste/paris
2026-04-01 08:16:36,552 [doctolib] INFO:   laboratoire-d-analyses-medicales/paris page 9: 20 providers (total: 375)
2026-04-01 08:16:38,733 [doctolib] INFO: Scraping 'medecin-generaliste' in paris...
2026-04-01 08:16:38,896 [doctolib] WARNING: Rate limited (429) for medecin-generaliste/paris page 0, waiting 67s (attempt 1/3)
2026-04-01 08:16:41,759 [doctolib] INFO:   laboratoire-d-analyses-medicales/paris page 10: 20 providers (total: 375)
2026-04-01 08:16:45,624 [doctolib] INFO:   laboratoire-d-analyses-medicales/paris page 11: 20 providers (total: 375)
2026-04-01 08:16:48,844 [doctolib] INFO:   laboratoire-d-analyses-medicales/paris page 12: 20 providers (total: 375)
2026-04-01 08:16:53,975 [doctolib] INFO:   laboratoire-d-analyses-medicales/paris page 13: 20 providers (total: 375)
2026-04-01 08:16:57,889 [doctolib] INFO:   laboratoire-d-analyses-medicales/paris page 14: 20 providers (total: 375)
2026-04-01 08:17:01,451 [doctolib] INFO:   laboratoire-d-analyses-medicales/paris page 15: 20 providers (total: 375)
2026-04-01 08:17:06,400 [doctolib] INFO:   laboratoire-d-analyses-medicales/paris page 16: 20 providers (total: 375)
2026-04-01 08:17:11,602 [doctolib] INFO:   laboratoire-d-analyses-medicales/paris page 17: 20 providers (total: 375)
2026-04-01 08:17:13,961 [api_entreprises] WARNING: Failed: NAF=86.22C CP=59100 page=4
2026-04-01 08:17:13,962 [api_entreprises] INFO: [305/344] lille NAF=86.22C CP=59100: 75 results
2026-04-01 08:17:16,423 [api_entreprises] INFO: [306/344] lille NAF=86.22C CP=59200: 82 results
2026-04-01 08:17:16,730 [doctolib] INFO:   laboratoire-d-analyses-medicales/paris page 18: 15 providers (total: 375)
2026-04-01 08:17:16,731 [doctolib] INFO:   => 375 records for laboratoire-d-analyses-medicales/paris
2026-04-01 08:17:21,801 [doctolib] INFO: Scraping 'laboratoire' in paris...
2026-04-01 08:17:22,015 [doctolib] INFO:   laboratoire/paris page 0: 20 providers (total: 626)
2026-04-01 08:17:26,573 [doctolib] INFO:   laboratoire/paris page 1: 20 providers (total: 626)
2026-04-01 08:17:30,569 [doctolib] INFO:   laboratoire/paris page 2: 20 providers (total: 626)
2026-04-01 08:17:34,351 [doctolib] INFO:   laboratoire/paris page 3: 20 providers (total: 626)
2026-04-01 08:17:38,088 [doctolib] INFO:   laboratoire/paris page 4: 20 providers (total: 626)
2026-04-01 08:17:41,587 [api_entreprises] INFO: [307/344] lille NAF=86.22C CP=59491: 77 results
2026-04-01 08:17:43,201 [doctolib] INFO:   laboratoire/paris page 5: 20 providers (total: 626)
2026-04-01 08:17:46,658 [doctolib] WARNING: Rate limited (429) for medecin-generaliste/paris page 0, waiting 129s (attempt 2/3)
2026-04-01 08:17:47,204 [doctolib] INFO:   laboratoire/paris page 6: 20 providers (total: 626)
2026-04-01 08:17:50,580 [doctolib] INFO:   laboratoire/paris page 7: 20 providers (total: 626)
2026-04-01 08:17:54,411 [doctolib] INFO:   laboratoire/paris page 8: 20 providers (total: 626)
2026-04-01 08:17:59,519 [doctolib] INFO:   laboratoire/paris page 9: 20 providers (total: 626)
2026-04-01 08:18:02,957 [doctolib] INFO:   laboratoire/paris page 10: 20 providers (total: 626)
2026-04-01 08:18:06,849 [doctolib] INFO:   laboratoire/paris page 11: 20 providers (total: 626)
2026-04-01 08:18:10,929 [doctolib] INFO:   laboratoire/paris page 12: 20 providers (total: 626)
2026-04-01 08:18:16,119 [doctolib] INFO:   laboratoire/paris page 13: 20 providers (total: 626)
2026-04-01 08:18:19,491 [doctolib] INFO:   laboratoire/paris page 14: 20 providers (total: 626)
2026-04-01 08:18:21,422 [api_entreprises] WARNING: Failed: NAF=86.22C CP=59130 page=5
2026-04-01 08:18:21,423 [api_entreprises] INFO: [308/344] lille NAF=86.22C CP=59130: 100 results
2026-04-01 08:18:23,101 [doctolib] INFO:   laboratoire/paris page 15: 20 providers (total: 626)
2026-04-01 08:18:26,700 [doctolib] INFO:   laboratoire/paris page 16: 20 providers (total: 626)
2026-04-01 08:18:31,738 [doctolib] INFO:   laboratoire/paris page 17: 20 providers (total: 626)
2026-04-01 08:18:36,120 [doctolib] INFO:   laboratoire/paris page 18: 20 providers (total: 626)
2026-04-01 08:18:41,014 [doctolib] INFO:   laboratoire/paris page 19: 20 providers (total: 626)
2026-04-01 08:18:44,435 [doctolib] INFO:   laboratoire/paris page 20: 20 providers (total: 626)
2026-04-01 08:18:48,869 [doctolib] INFO:   laboratoire/paris page 21: 20 providers (total: 626)
2026-04-01 08:18:52,334 [doctolib] INFO:   laboratoire/paris page 22: 20 providers (total: 626)
2026-04-01 08:18:56,359 [doctolib] INFO:   laboratoire/paris page 23: 20 providers (total: 626)
2026-04-01 08:19:00,332 [doctolib] INFO:   laboratoire/paris page 24: 20 providers (total: 626)
2026-04-01 08:19:03,535 [doctolib] INFO:   => 496 records for laboratoire/paris
2026-04-01 08:19:10,393 [doctolib] INFO: Scraping 'hopital-public' in paris...
2026-04-01 08:19:10,610 [doctolib] INFO:   hopital-public/paris page 0: 20 providers (total: 1122)
2026-04-01 08:19:10,814 [api_entreprises] WARNING: Failed: NAF=86.22C CP=59110 page=3
2026-04-01 08:19:10,815 [api_entreprises] INFO: [309/344] lille NAF=86.22C CP=59110: 50 results
2026-04-01 08:19:13,408 [pagesjaunes] INFO:   => 0 records
2026-04-01 08:19:15,388 [doctolib] INFO:   hopital-public/paris page 1: 20 providers (total: 1122)
2026-04-01 08:19:19,871 [doctolib] INFO:   hopital-public/paris page 2: 20 providers (total: 1122)
2026-04-01 08:19:23,580 [doctolib] INFO:   hopital-public/paris page 3: 20 providers (total: 1122)
2026-04-01 08:19:24,736 [pagesjaunes] INFO: PJ: Scraping 'hopital' in Paris...
2026-04-01 08:19:24,755 [pagesjaunes] WARNING: PJ 403 for hopital/Paris page 1, waiting 90s (attempt 1/3)
2026-04-01 08:19:27,140 [doctolib] INFO:   hopital-public/paris page 4: 20 providers (total: 1122)
2026-04-01 08:19:31,366 [doctolib] INFO:   hopital-public/paris page 5: 20 providers (total: 1122)
2026-04-01 08:19:35,344 [doctolib] INFO:   hopital-public/paris page 6: 20 providers (total: 1122)
2026-04-01 08:19:38,911 [doctolib] INFO:   hopital-public/paris page 7: 20 providers (total: 1122)
2026-04-01 08:19:42,213 [api_entreprises] WARNING: Failed: NAF=86.23Z CP=59000 page=1
2026-04-01 08:19:43,467 [doctolib] INFO:   hopital-public/paris page 8: 20 providers (total: 1122)
2026-04-01 08:19:48,468 [doctolib] INFO:   hopital-public/paris page 9: 20 providers (total: 1122)
2026-04-01 08:19:52,564 [doctolib] INFO:   hopital-public/paris page 10: 20 providers (total: 1122)
2026-04-01 08:19:56,227 [doctolib] WARNING: Rate limited (429) for medecin-generaliste/paris page 0, waiting 194s (attempt 3/3)
2026-04-01 08:19:56,518 [doctolib] INFO:   hopital-public/paris page 11: 20 providers (total: 1122)
2026-04-01 08:20:00,455 [doctolib] INFO:   hopital-public/paris page 12: 20 providers (total: 1122)
2026-04-01 08:20:04,436 [doctolib] INFO:   hopital-public/paris page 13: 20 providers (total: 1122)
2026-04-01 08:20:09,008 [doctolib] INFO:   hopital-public/paris page 14: 20 providers (total: 1122)
2026-04-01 08:20:12,454 [doctolib] INFO:   hopital-public/paris page 15: 20 providers (total: 1122)
2026-04-01 08:20:15,738 [doctolib] WARNING: Rate limited (429) for hopital-public/paris page 16, waiting 127s (attempt 1/3)
2026-04-01 08:20:54,780 [pagesjaunes] WARNING: PJ 403 for hopital/Paris page 1, waiting 180s (attempt 2/3)
2026-04-01 08:20:59,266 [api_entreprises] WARNING: Failed: NAF=86.23Z CP=59800 page=9
2026-04-01 08:20:59,267 [api_entreprises] INFO: [311/344] lille NAF=86.23Z CP=59800: 200 results
2026-04-01 08:21:30,367 [api_entreprises] INFO: [312/344] lille NAF=86.23Z CP=59100: 123 results
2026-04-01 08:21:40,223 [api_entreprises] INFO: [313/344] lille NAF=86.23Z CP=59200: 117 results
2026-04-01 08:22:12,319 [api_entreprises] WARNING: Failed: NAF=86.23Z CP=59491 page=2
2026-04-01 08:22:12,320 [api_entreprises] INFO: [314/344] lille NAF=86.23Z CP=59491: 25 results
2026-04-01 08:22:14,769 [api_entreprises] INFO: [315/344] lille NAF=86.23Z CP=59130: 67 results
2026-04-01 08:22:23,833 [doctolib] WARNING: Rate limited (429) for hopital-public/paris page 16, waiting 248s (attempt 2/3)
2026-04-01 08:22:47,077 [api_entreprises] WARNING: Failed: NAF=86.23Z CP=59110 page=2
2026-04-01 08:22:47,077 [api_entreprises] INFO: [316/344] lille NAF=86.23Z CP=59110: 25 results
2026-04-01 08:22:53,199 [api_entreprises] INFO: [317/344] lille NAF=86.10Z CP=59000: 18 results
2026-04-01 08:23:11,045 [doctolib] WARNING:   Failed at page 0, stopping
2026-04-01 08:23:11,045 [doctolib] INFO:   => 0 records for medecin-generaliste/paris
2026-04-01 08:23:16,238 [doctolib] INFO: Scraping 'radiologue' in paris...
2026-04-01 08:23:16,399 [doctolib] WARNING: Rate limited (429) for radiologue/paris page 0, waiting 72s (attempt 1/3)
2026-04-01 08:23:25,072 [api_entreprises] WARNING: Failed: NAF=86.10Z CP=59800 page=1
2026-04-01 08:23:25,946 [api_entreprises] INFO: [319/344] lille NAF=86.10Z CP=59100: 7 results
2026-04-01 08:23:26,394 [api_entreprises] INFO: [320/344] lille NAF=86.10Z CP=59200: 5 results
2026-04-01 08:23:54,805 [pagesjaunes] WARNING: PJ 403 for hopital/Paris page 1, waiting 270s (attempt 3/3)
2026-04-01 08:23:57,913 [api_entreprises] WARNING: Failed: NAF=86.10Z CP=59491 page=1
2026-04-01 08:23:58,357 [api_entreprises] INFO: [322/344] lille NAF=86.10Z CP=59130: 4 results
2026-04-01 08:23:59,149 [api_entreprises] INFO: [323/344] lille NAF=86.10Z CP=59110: 3 results
2026-04-01 08:23:59,962 [api_entreprises] INFO: [324/344] lille NAF=86.90B CP=59000: 16 results
2026-04-01 08:24:06,326 [api_entreprises] INFO: [325/344] lille NAF=86.90B CP=59800: 21 results
2026-04-01 08:24:07,127 [api_entreprises] INFO: [326/344] lille NAF=86.90B CP=59100: 4 results
2026-04-01 08:24:07,866 [api_entreprises] INFO: [327/344] lille NAF=86.90B CP=59200: 6 results
2026-04-01 08:24:28,668 [doctolib] WARNING: Rate limited (429) for radiologue/paris page 0, waiting 126s (attempt 2/3)
2026-04-01 08:24:39,584 [api_entreprises] WARNING: Failed: NAF=86.90B CP=59491 page=1
2026-04-01 08:24:45,951 [api_entreprises] INFO: [329/344] lille NAF=86.90B CP=59130: 4 results
2026-04-01 08:24:52,341 [api_entreprises] INFO: [330/344] lille NAF=86.90B CP=59110: 4 results
2026-04-01 08:25:38,900 [api_entreprises] WARNING: Failed: NAF=86.90E CP=59000 page=6
2026-04-01 08:25:38,901 [api_entreprises] INFO: [331/344] lille NAF=86.90E CP=59000: 125 results
2026-04-01 08:26:11,358 [api_entreprises] WARNING: Failed: NAF=86.90E CP=59800 page=2
2026-04-01 08:26:11,358 [api_entreprises] INFO: [332/344] lille NAF=86.90E CP=59800: 25 results
2026-04-01 08:26:32,532 [doctolib] WARNING: Rate limited (429) for hopital-public/paris page 16, waiting 366s (attempt 3/3)
2026-04-01 08:26:35,672 [doctolib] WARNING: Rate limited (429) for radiologue/paris page 0, waiting 191s (attempt 3/3)
2026-04-01 08:26:42,541 [api_entreprises] WARNING: Failed: NAF=86.90E CP=59100 page=1
2026-04-01 08:27:52,672 [api_entreprises] WARNING: Failed: NAF=86.90E CP=59200 page=9
2026-04-01 08:27:52,672 [api_entreprises] INFO: [334/344] lille NAF=86.90E CP=59200: 200 results
2026-04-01 08:28:01,547 [api_entreprises] INFO: [335/344] lille NAF=86.90E CP=59491: 96 results
2026-04-01 08:28:24,806 [pagesjaunes] INFO:   => 0 records
2026-04-01 08:28:35,212 [pagesjaunes] INFO: PJ: Scraping 'clinique' in Paris...
2026-04-01 08:28:35,253 [pagesjaunes] WARNING: PJ 403 for clinique/Paris page 1, waiting 90s (attempt 1/3)
2026-04-01 08:28:42,204 [api_entreprises] WARNING: Failed: NAF=86.90E CP=59130 page=5
2026-04-01 08:28:42,204 [api_entreprises] INFO: [336/344] lille NAF=86.90E CP=59130: 100 results
2026-04-01 08:29:36,885 [api_entreprises] WARNING: Failed: NAF=86.90E CP=59110 page=3
2026-04-01 08:29:36,886 [api_entreprises] INFO: [337/344] lille NAF=86.90E CP=59110: 50 results
2026-04-01 08:29:46,921 [doctolib] WARNING:   Failed at page 0, stopping
2026-04-01 08:29:46,921 [doctolib] INFO:   => 0 records for radiologue/paris
2026-04-01 08:29:51,923 [doctolib] INFO: Scraping 'masseur-kinesitherapeute' in paris...
2026-04-01 08:29:52,096 [doctolib] WARNING: Rate limited (429) for masseur-kinesitherapeute/paris page 0, waiting 67s (attempt 1/3)
2026-04-01 08:30:05,277 [pagesjaunes] WARNING: PJ 403 for clinique/Paris page 1, waiting 180s (attempt 2/3)
2026-04-01 08:30:28,964 [api_entreprises] WARNING: Failed: NAF=86.90F CP=59000 page=6
2026-04-01 08:30:28,965 [api_entreprises] INFO: [338/344] lille NAF=86.90F CP=59000: 125 results
2026-04-01 08:30:59,637 [doctolib] INFO:   masseur-kinesitherapeute/paris page 0: 20 providers (total: 9839)
2026-04-01 08:31:00,466 [api_entreprises] WARNING: Failed: NAF=86.90F CP=59800 page=1
2026-04-01 08:31:02,991 [doctolib] INFO:   masseur-kinesitherapeute/paris page 1: 20 providers (total: 9839)
2026-04-01 08:31:08,040 [doctolib] INFO:   masseur-kinesitherapeute/paris page 2: 20 providers (total: 9839)
2026-04-01 08:31:12,818 [doctolib] INFO:   masseur-kinesitherapeute/paris page 3: 20 providers (total: 9839)
2026-04-01 08:31:17,112 [doctolib] INFO:   masseur-kinesitherapeute/paris page 4: 20 providers (total: 9839)
2026-04-01 08:31:22,082 [doctolib] INFO:   masseur-kinesitherapeute/paris page 5: 20 providers (total: 9839)
2026-04-01 08:31:26,344 [doctolib] INFO:   masseur-kinesitherapeute/paris page 6: 20 providers (total: 9839)
2026-04-01 08:31:31,185 [doctolib] INFO:   masseur-kinesitherapeute/paris page 7: 20 providers (total: 9839)
2026-04-01 08:31:32,278 [api_entreprises] WARNING: Failed: NAF=86.90F CP=59100 page=1
2026-04-01 08:31:35,624 [doctolib] INFO:   masseur-kinesitherapeute/paris page 8: 20 providers (total: 9839)
2026-04-01 08:31:39,468 [doctolib] INFO:   masseur-kinesitherapeute/paris page 9: 20 providers (total: 9839)
2026-04-01 08:31:44,165 [doctolib] INFO:   masseur-kinesitherapeute/paris page 10: 20 providers (total: 9839)
2026-04-01 08:31:49,149 [doctolib] INFO:   masseur-kinesitherapeute/paris page 11: 20 providers (total: 9839)
2026-04-01 08:31:54,334 [doctolib] INFO:   masseur-kinesitherapeute/paris page 12: 20 providers (total: 9839)
2026-04-01 08:31:57,745 [doctolib] INFO:   masseur-kinesitherapeute/paris page 13: 20 providers (total: 9839)
2026-04-01 08:32:01,264 [doctolib] INFO:   masseur-kinesitherapeute/paris page 14: 20 providers (total: 9839)
2026-04-01 08:32:04,646 [api_entreprises] WARNING: Failed: NAF=86.90F CP=59200 page=2
2026-04-01 08:32:04,647 [api_entreprises] INFO: [341/344] lille NAF=86.90F CP=59200: 25 results
2026-04-01 08:32:04,984 [doctolib] INFO:   masseur-kinesitherapeute/paris page 15: 20 providers (total: 9839)
2026-04-01 08:32:06,421 [api_entreprises] INFO: [342/344] lille NAF=86.90F CP=59491: 47 results
2026-04-01 08:32:09,870 [doctolib] INFO:   masseur-kinesitherapeute/paris page 16: 20 providers (total: 9839)
2026-04-01 08:32:13,933 [doctolib] INFO:   masseur-kinesitherapeute/paris page 17: 20 providers (total: 9839)
2026-04-01 08:32:18,673 [doctolib] INFO:   masseur-kinesitherapeute/paris page 18: 20 providers (total: 9839)
2026-04-01 08:32:22,027 [doctolib] INFO:   masseur-kinesitherapeute/paris page 19: 20 providers (total: 9839)
2026-04-01 08:32:27,286 [doctolib] INFO:   masseur-kinesitherapeute/paris page 20: 20 providers (total: 9839)
2026-04-01 08:32:31,665 [doctolib] INFO:   masseur-kinesitherapeute/paris page 21: 20 providers (total: 9839)
2026-04-01 08:32:35,846 [doctolib] INFO:   masseur-kinesitherapeute/paris page 22: 20 providers (total: 9839)
2026-04-01 08:32:38,779 [doctolib] WARNING:   Failed at page 16, stopping
2026-04-01 08:32:38,780 [doctolib] INFO:   => 305 records for hopital-public/paris
2026-04-01 08:32:40,216 [doctolib] INFO:   masseur-kinesitherapeute/paris page 23: 20 providers (total: 9839)
2026-04-01 08:32:44,307 [doctolib] INFO: Scraping 'dentiste' in paris...
2026-04-01 08:32:44,456 [doctolib] INFO:   masseur-kinesitherapeute/paris page 24: 20 providers (total: 9839)
2026-04-01 08:32:44,961 [doctolib] INFO:   dentiste/paris page 0: 20 providers (total: 8397)
2026-04-01 08:32:45,516 [api_entreprises] WARNING: Failed: NAF=86.90F CP=59130 page=3
2026-04-01 08:32:45,517 [api_entreprises] INFO: [343/344] lille NAF=86.90F CP=59130: 50 results
2026-04-01 08:32:48,976 [doctolib] INFO:   => 487 records for masseur-kinesitherapeute/paris
2026-04-01 08:32:49,125 [doctolib] INFO:   dentiste/paris page 1: 20 providers (total: 8397)
2026-04-01 08:32:52,983 [doctolib] INFO:   dentiste/paris page 2: 20 providers (total: 8397)
2026-04-01 08:32:54,448 [doctolib] INFO: Scraping 'ophtalmologue' in paris...
2026-04-01 08:32:54,665 [doctolib] INFO:   ophtalmologue/paris page 0: 20 providers (total: 1780)
2026-04-01 08:32:57,790 [doctolib] INFO:   dentiste/paris page 3: 20 providers (total: 8397)
2026-04-01 08:32:59,675 [doctolib] INFO:   ophtalmologue/paris page 1: 20 providers (total: 1780)
2026-04-01 08:33:01,349 [doctolib] INFO:   dentiste/paris page 4: 20 providers (total: 8397)
2026-04-01 08:33:04,058 [doctolib] INFO:   ophtalmologue/paris page 2: 20 providers (total: 1780)
2026-04-01 08:33:05,253 [doctolib] INFO:   dentiste/paris page 5: 20 providers (total: 8397)
2026-04-01 08:33:05,298 [pagesjaunes] WARNING: PJ 403 for clinique/Paris page 1, waiting 270s (attempt 3/3)
2026-04-01 08:33:08,084 [doctolib] INFO:   ophtalmologue/paris page 3: 20 providers (total: 1780)
2026-04-01 08:33:09,677 [doctolib] INFO:   dentiste/paris page 6: 20 providers (total: 8397)
2026-04-01 08:33:11,429 [doctolib] INFO:   ophtalmologue/paris page 4: 20 providers (total: 1780)
2026-04-01 08:33:13,783 [doctolib] INFO:   dentiste/paris page 7: 20 providers (total: 8397)
2026-04-01 08:33:16,160 [doctolib] INFO:   ophtalmologue/paris page 5: 20 providers (total: 1780)
2026-04-01 08:33:19,008 [doctolib] INFO:   dentiste/paris page 8: 20 providers (total: 8397)
2026-04-01 08:33:20,594 [doctolib] INFO:   ophtalmologue/paris page 6: 20 providers (total: 1780)
2026-04-01 08:33:22,432 [doctolib] INFO:   dentiste/paris page 9: 20 providers (total: 8397)
2026-04-01 08:33:23,607 [api_entreprises] WARNING: Failed: NAF=86.90F CP=59110 page=2
2026-04-01 08:33:23,607 [api_entreprises] INFO: [344/344] lille NAF=86.90F CP=59110: 25 results
2026-04-01 08:33:23,808 [api_entreprises] INFO: === LILLE: 3190 total results ===
2026-04-01 08:33:23,808 [api_entreprises] INFO: API Recherche Entreprises: 65608 total raw results
2026-04-01 08:33:24,518 [api_entreprises] INFO: Saved to data/api_entreprises.json
2026-04-01 08:33:25,198 [doctolib] INFO:   ophtalmologue/paris page 7: 20 providers (total: 1780)
2026-04-01 08:33:26,847 [doctolib] INFO:   dentiste/paris page 10: 20 providers (total: 8397)
2026-04-01 08:33:28,478 [doctolib] INFO:   ophtalmologue/paris page 8: 20 providers (total: 1780)
2026-04-01 08:33:31,301 [doctolib] INFO:   dentiste/paris page 11: 20 providers (total: 8397)
2026-04-01 08:33:33,469 [doctolib] INFO:   ophtalmologue/paris page 9: 20 providers (total: 1780)
2026-04-01 08:33:36,175 [doctolib] INFO:   dentiste/paris page 12: 20 providers (total: 8397)
2026-04-01 08:33:36,768 [doctolib] INFO:   ophtalmologue/paris page 10: 20 providers (total: 1780)
2026-04-01 08:33:40,710 [doctolib] INFO:   ophtalmologue/paris page 11: 20 providers (total: 1780)
2026-04-01 08:33:40,907 [doctolib] INFO:   dentiste/paris page 13: 20 providers (total: 8397)
2026-04-01 08:33:44,844 [doctolib] INFO:   ophtalmologue/paris page 12: 20 providers (total: 1780)
2026-04-01 08:33:44,928 [doctolib] INFO:   dentiste/paris page 14: 20 providers (total: 8397)
2026-04-01 08:33:48,687 [doctolib] INFO:   ophtalmologue/paris page 13: 20 providers (total: 1780)
2026-04-01 08:33:49,362 [doctolib] INFO:   dentiste/paris page 15: 20 providers (total: 8397)
2026-04-01 08:33:52,899 [doctolib] INFO:   ophtalmologue/paris page 14: 20 providers (total: 1780)
2026-04-01 08:33:53,167 [doctolib] INFO:   dentiste/paris page 16: 20 providers (total: 8397)
2026-04-01 08:33:56,930 [doctolib] INFO:   dentiste/paris page 17: 20 providers (total: 8397)
2026-04-01 08:33:57,805 [doctolib] INFO:   ophtalmologue/paris page 15: 20 providers (total: 1780)
2026-04-01 08:34:01,241 [doctolib] INFO:   ophtalmologue/paris page 16: 20 providers (total: 1780)
2026-04-01 08:34:01,571 [doctolib] INFO:   dentiste/paris page 18: 20 providers (total: 8397)
2026-04-01 08:34:04,927 [doctolib] INFO:   dentiste/paris page 19: 20 providers (total: 8397)
2026-04-01 08:34:05,910 [doctolib] INFO:   ophtalmologue/paris page 17: 20 providers (total: 1780)
2026-04-01 08:34:09,179 [doctolib] INFO:   dentiste/paris page 20: 20 providers (total: 8397)
2026-04-01 08:34:10,430 [doctolib] INFO:   ophtalmologue/paris page 18: 20 providers (total: 1780)
2026-04-01 08:34:12,434 [doctolib] INFO:   dentiste/paris page 21: 20 providers (total: 8397)
2026-04-01 08:34:14,386 [doctolib] INFO:   ophtalmologue/paris page 19: 20 providers (total: 1780)
2026-04-01 08:34:17,216 [doctolib] INFO:   dentiste/paris page 22: 20 providers (total: 8397)
2026-04-01 08:34:18,460 [doctolib] INFO:   ophtalmologue/paris page 20: 20 providers (total: 1780)
2026-04-01 08:34:21,017 [doctolib] INFO:   dentiste/paris page 23: 20 providers (total: 8397)
2026-04-01 08:34:22,970 [doctolib] INFO:   ophtalmologue/paris page 21: 20 providers (total: 1780)
2026-04-01 08:34:24,275 [doctolib] INFO:   dentiste/paris page 24: 20 providers (total: 8397)
2026-04-01 08:34:27,717 [doctolib] INFO:   ophtalmologue/paris page 22: 20 providers (total: 1780)
2026-04-01 08:34:27,914 [doctolib] INFO:   => 498 records for dentiste/paris
2026-04-01 08:34:31,388 [doctolib] INFO:   ophtalmologue/paris page 23: 20 providers (total: 1780)
2026-04-01 08:34:34,353 [doctolib] INFO: Scraping 'medecin-generaliste' in paris...
2026-04-01 08:34:34,595 [doctolib] INFO:   medecin-generaliste/paris page 0: 20 providers (total: 8234)
2026-04-01 08:34:35,281 [doctolib] INFO:   ophtalmologue/paris page 24: 20 providers (total: 1780)
2026-04-01 08:34:38,371 [doctolib] INFO:   medecin-generaliste/paris page 1: 20 providers (total: 8234)
2026-04-01 08:34:38,538 [doctolib] INFO:   => 487 records for ophtalmologue/paris
2026-04-01 08:34:42,372 [doctolib] INFO:   medecin-generaliste/paris page 2: 20 providers (total: 8234)
2026-04-01 08:34:45,203 [doctolib] INFO: Scraping 'clinique-privee' in paris...
2026-04-01 08:34:45,425 [doctolib] INFO:   clinique-privee/paris page 0: 20 providers (total: 903)
2026-04-01 08:34:47,362 [doctolib] INFO:   medecin-generaliste/paris page 3: 20 providers (total: 8234)
2026-04-01 08:34:48,990 [doctolib] INFO:   clinique-privee/paris page 1: 20 providers (total: 903)
2026-04-01 08:34:51,086 [doctolib] INFO:   medecin-generaliste/paris page 4: 20 providers (total: 8234)
2026-04-01 08:34:54,094 [doctolib] INFO:   clinique-privee/paris page 2: 20 providers (total: 903)
2026-04-01 08:34:55,471 [doctolib] INFO:   medecin-generaliste/paris page 5: 20 providers (total: 8234)
2026-04-01 08:34:58,141 [doctolib] INFO:   clinique-privee/paris page 3: 20 providers (total: 903)
2026-04-01 08:34:59,048 [doctolib] INFO:   medecin-generaliste/paris page 6: 20 providers (total: 8234)
2026-04-01 08:35:01,900 [doctolib] INFO:   clinique-privee/paris page 4: 20 providers (total: 903)
2026-04-01 08:35:03,905 [doctolib] INFO:   medecin-generaliste/paris page 7: 20 providers (total: 8234)
2026-04-01 08:35:05,723 [doctolib] INFO:   clinique-privee/paris page 5: 20 providers (total: 903)
2026-04-01 08:35:06,430 [merge_export] INFO: === Starting merge and export ===
2026-04-01 08:35:06,436 [merge_export] INFO: Skipping ameli.json (empty or not a list)
2026-04-01 08:35:06,809 [merge_export] INFO: Loaded 91334 from annuaire_sante_all.json
2026-04-01 08:35:07,045 [merge_export] INFO: Loaded 65608 from api_entreprises.json
2026-04-01 08:35:07,047 [merge_export] INFO: Skipping doctolib.json (empty or not a list)
2026-04-01 08:35:07,054 [merge_export] INFO: Loaded 1080 from doctolib_lille.json
2026-04-01 08:35:07,055 [merge_export] INFO: Loaded 123 from doctolib_marseille.json
2026-04-01 08:35:07,058 [merge_export] INFO: Loaded 623 from doctolib_paris.json
2026-04-01 08:35:07,089 [merge_export] INFO: Loaded 10648 from finess.json
2026-04-01 08:35:07,094 [merge_export] INFO: Loaded 1757 from osm.json
2026-04-01 08:35:07,094 [merge_export] INFO: Skipping pagesjaunes_lille.json (empty or not a list)
2026-04-01 08:35:07,094 [merge_export] INFO: Skipping pagesjaunes_marseille.json (empty or not a list)
2026-04-01 08:35:07,094 [merge_export] INFO: Skipping pagesjaunes_paris.json (empty or not a list)
2026-04-01 08:35:07,094 [merge_export] INFO: Total raw records from all sources: 171173
2026-04-01 08:35:07,350 [doctolib] INFO:   medecin-generaliste/paris page 8: 20 providers (total: 8234)
2026-04-01 08:35:10,863 [doctolib] INFO:   clinique-privee/paris page 6: 20 providers (total: 903)
2026-04-01 08:35:11,628 [doctolib] INFO:   medecin-generaliste/paris page 9: 20 providers (total: 8234)
2026-04-01 08:35:15,395 [doctolib] INFO:   medecin-generaliste/paris page 10: 20 providers (total: 8234)
2026-04-01 08:35:15,423 [doctolib] INFO:   clinique-privee/paris page 7: 20 providers (total: 903)
2026-04-01 08:35:18,752 [doctolib] INFO:   medecin-generaliste/paris page 11: 20 providers (total: 8234)
2026-04-01 08:35:20,051 [doctolib] INFO:   clinique-privee/paris page 8: 20 providers (total: 903)
2026-04-01 08:35:22,333 [doctolib] INFO:   medecin-generaliste/paris page 12: 20 providers (total: 8234)
2026-04-01 08:35:24,725 [doctolib] INFO:   clinique-privee/paris page 9: 20 providers (total: 903)
2026-04-01 08:35:26,830 [doctolib] INFO:   medecin-generaliste/paris page 13: 20 providers (total: 8234)
2026-04-01 08:35:29,286 [doctolib] WARNING: Rate limited (429) for clinique-privee/paris page 10, waiting 70s (attempt 1/3)
2026-04-01 08:35:30,437 [doctolib] INFO:   medecin-generaliste/paris page 14: 20 providers (total: 8234)
2026-04-01 08:35:34,356 [doctolib] INFO:   medecin-generaliste/paris page 15: 20 providers (total: 8234)
2026-04-01 08:35:39,140 [doctolib] INFO:   medecin-generaliste/paris page 16: 20 providers (total: 8234)
2026-04-01 08:35:42,595 [doctolib] INFO:   medecin-generaliste/paris page 17: 20 providers (total: 8234)
2026-04-01 08:35:46,391 [doctolib] INFO:   medecin-generaliste/paris page 18: 20 providers (total: 8234)
2026-04-01 08:35:50,059 [doctolib] INFO:   medecin-generaliste/paris page 19: 20 providers (total: 8234)
2026-04-01 08:35:53,092 [merge_export] INFO: After deduplication: 107311 unique records (from 171173 raw)
2026-04-01 08:35:53,141 [merge_export] INFO: Attempting SIRET enrichment for 2000 records...
2026-04-01 08:35:54,361 [doctolib] INFO:   medecin-generaliste/paris page 20: 20 providers (total: 8234)
2026-04-01 08:35:58,449 [doctolib] INFO:   medecin-generaliste/paris page 21: 20 providers (total: 8234)
2026-04-01 08:36:03,073 [doctolib] INFO:   medecin-generaliste/paris page 22: 20 providers (total: 8234)
2026-04-01 08:36:06,618 [doctolib] INFO:   medecin-generaliste/paris page 23: 20 providers (total: 8234)
2026-04-01 08:36:11,299 [doctolib] INFO:   medecin-generaliste/paris page 24: 20 providers (total: 8234)
2026-04-01 08:36:14,311 [doctolib] INFO:   => 496 records for medecin-generaliste/paris
2026-04-01 08:36:22,258 [doctolib] INFO: Scraping 'radiologue' in paris...
2026-04-01 08:36:22,488 [doctolib] INFO:   radiologue/paris page 0: 20 providers (total: 2570)
2026-04-01 08:36:27,422 [doctolib] INFO:   radiologue/paris page 1: 20 providers (total: 2570)
2026-04-01 08:36:32,475 [doctolib] INFO:   radiologue/paris page 2: 20 providers (total: 2570)
2026-04-01 08:36:36,272 [doctolib] INFO:   radiologue/paris page 3: 20 providers (total: 2570)
2026-04-01 08:36:40,409 [doctolib] WARNING: Rate limited (429) for clinique-privee/paris page 10, waiting 134s (attempt 2/3)
2026-04-01 08:36:40,857 [doctolib] INFO:   radiologue/paris page 4: 20 providers (total: 2570)
2026-04-01 08:36:45,080 [doctolib] INFO:   radiologue/paris page 5: 20 providers (total: 2570)
2026-04-01 08:36:49,838 [doctolib] INFO:   radiologue/paris page 6: 20 providers (total: 2570)
2026-04-01 08:36:53,758 [doctolib] INFO:   radiologue/paris page 7: 20 providers (total: 2570)
2026-04-01 08:36:57,078 [doctolib] INFO:   radiologue/paris page 8: 20 providers (total: 2570)
2026-04-01 08:37:01,149 [doctolib] INFO:   radiologue/paris page 9: 20 providers (total: 2570)
2026-04-01 08:37:04,928 [doctolib] WARNING: Rate limited (429) for radiologue/paris page 10, waiting 134s (attempt 1/3)
2026-04-01 08:37:35,298 [pagesjaunes] INFO:   => 0 records
2026-04-01 08:37:46,771 [pagesjaunes] INFO: PJ: Scraping 'dentiste' in Paris...
2026-04-01 08:37:46,795 [pagesjaunes] WARNING: PJ 403 for dentiste/Paris page 1, waiting 90s (attempt 1/3)
2026-04-01 08:38:55,156 [doctolib] WARNING: Rate limited (429) for clinique-privee/paris page 10, waiting 192s (attempt 3/3)
2026-04-01 08:39:16,820 [pagesjaunes] WARNING: PJ 403 for dentiste/Paris page 1, waiting 180s (attempt 2/3)
2026-04-01 08:39:19,328 [doctolib] WARNING: Rate limited (429) for radiologue/paris page 10, waiting 252s (attempt 2/3)
2026-04-01 08:42:07,290 [doctolib] WARNING:   Failed at page 10, stopping
2026-04-01 08:42:07,291 [doctolib] INFO:   => 200 records for clinique-privee/paris
2026-04-01 08:42:14,861 [doctolib] INFO: Scraping 'centre-de-sante' in paris...
2026-04-01 08:42:15,023 [doctolib] WARNING: Rate limited (429) for centre-de-sante/paris page 0, waiting 66s (attempt 1/3)
2026-04-01 08:42:16,840 [pagesjaunes] WARNING: PJ 403 for dentiste/Paris page 1, waiting 270s (attempt 3/3)
2026-04-01 08:43:21,949 [doctolib] WARNING: Rate limited (429) for centre-de-sante/paris page 0, waiting 133s (attempt 2/3)
2026-04-01 08:43:32,283 [doctolib] WARNING: Rate limited (429) for radiologue/paris page 10, waiting 371s (attempt 3/3)
2026-04-01 08:45:36,393 [doctolib] WARNING: Rate limited (429) for centre-de-sante/paris page 0, waiting 190s (attempt 3/3)
2026-04-01 08:46:46,840 [pagesjaunes] INFO:   => 0 records
2026-04-01 08:46:57,597 [pagesjaunes] INFO: PJ: Scraping 'medecin generaliste' in Paris...
2026-04-01 08:46:57,615 [pagesjaunes] WARNING: PJ 403 for medecin generaliste/Paris page 1, waiting 90s (attempt 1/3)
2026-04-01 08:48:27,637 [pagesjaunes] WARNING: PJ 403 for medecin generaliste/Paris page 1, waiting 180s (attempt 2/3)
2026-04-01 08:48:46,891 [doctolib] WARNING:   Failed at page 0, stopping
2026-04-01 08:48:46,891 [doctolib] INFO:   => 0 records for centre-de-sante/paris
2026-04-01 08:48:53,307 [doctolib] INFO: === PARIS: 2723 total (2100 new + 623 existing, deduped) => data/doctolib_paris.json ===
2026-04-01 08:48:53,307 [doctolib] INFO:   laboratoire-d-analyses-medicales: 372
2026-04-01 08:48:53,307 [doctolib] INFO:   laboratoire: 496
2026-04-01 08:48:53,307 [doctolib] INFO:   hopital-public: 58
2026-04-01 08:48:53,307 [doctolib] INFO:   dentiste: 0
2026-04-01 08:48:53,307 [doctolib] INFO:   medecin-generaliste: 0
2026-04-01 08:48:53,308 [doctolib] INFO:   radiologue: 0
2026-04-01 08:48:53,308 [doctolib] INFO:   masseur-kinesitherapeute: 487
2026-04-01 08:48:53,308 [doctolib] INFO:   ophtalmologue: 487
2026-04-01 08:48:53,308 [doctolib] INFO:   clinique-privee: 200
2026-04-01 08:48:53,308 [doctolib] INFO:   centre-de-sante: 0
2026-04-01 08:48:53,308 [doctolib] INFO: Pausing 39s before next city...
2026-04-01 08:49:32,253 [doctolib] INFO: === Starting MARSEILLE ===
2026-04-01 08:49:32,975 [doctolib] INFO: Session init: HTTP 429, cookies: ['__cf_bm', '_cfuvid']
2026-04-01 08:49:35,977 [doctolib] INFO: Loaded 123 existing records for marseille
2026-04-01 08:49:35,978 [doctolib] INFO: Scraping 'laboratoire-d-analyses-medicales' in marseille...
2026-04-01 08:49:36,141 [doctolib] WARNING: Rate limited (429) for laboratoire-d-analyses-medicales/marseille page 0, waiting 69s (attempt 1/3)
2026-04-01 08:49:43,769 [doctolib] WARNING:   Failed at page 10, stopping
2026-04-01 08:49:43,769 [doctolib] INFO:   => 200 records for radiologue/paris
2026-04-01 08:49:50,561 [doctolib] INFO: Scraping 'masseur-kinesitherapeute' in paris...
2026-04-01 08:49:50,726 [doctolib] WARNING: Rate limited (429) for masseur-kinesitherapeute/paris page 0, waiting 133s (attempt 1/3)
2026-04-01 08:50:46,205 [doctolib] WARNING: Rate limited (429) for laboratoire-d-analyses-medicales/marseille page 0, waiting 125s (attempt 2/3)
2026-04-01 08:51:27,656 [pagesjaunes] WARNING: PJ 403 for medecin generaliste/Paris page 1, waiting 270s (attempt 3/3)
2026-04-01 08:52:04,851 [doctolib] WARNING: Rate limited (429) for masseur-kinesitherapeute/paris page 0, waiting 246s (attempt 2/3)
2026-04-01 08:52:52,246 [doctolib] WARNING: Rate limited (429) for laboratoire-d-analyses-medicales/marseille page 0, waiting 186s (attempt 3/3)
2026-04-01 08:55:57,657 [pagesjaunes] INFO:   => 0 records
2026-04-01 08:55:58,505 [doctolib] WARNING:   Failed at page 0, stopping
2026-04-01 08:55:58,505 [doctolib] INFO:   => 0 records for laboratoire-d-analyses-medicales/marseille
2026-04-01 08:56:05,868 [doctolib] INFO: Scraping 'laboratoire' in marseille...
2026-04-01 08:56:06,041 [doctolib] WARNING: Rate limited (429) for laboratoire/marseille page 0, waiting 66s (attempt 1/3)
2026-04-01 08:56:09,637 [pagesjaunes] INFO: PJ: Scraping 'centre de sante' in Paris...
2026-04-01 08:56:09,660 [pagesjaunes] WARNING: PJ 403 for centre de sante/Paris page 1, waiting 90s (attempt 1/3)
2026-04-01 08:56:11,492 [doctolib] WARNING: Rate limited (429) for masseur-kinesitherapeute/paris page 0, waiting 373s (attempt 3/3)
2026-04-01 08:57:12,444 [doctolib] WARNING: Rate limited (429) for laboratoire/marseille page 0, waiting 127s (attempt 2/3)
2026-04-01 08:57:39,687 [pagesjaunes] WARNING: PJ 403 for centre de sante/Paris page 1, waiting 180s (attempt 2/3)
2026-04-01 08:59:20,748 [doctolib] WARNING: Rate limited (429) for laboratoire/marseille page 0, waiting 185s (attempt 3/3)
2026-04-01 09:00:39,712 [pagesjaunes] WARNING: PJ 403 for centre de sante/Paris page 1, waiting 270s (attempt 3/3)
2026-04-01 09:02:25,242 [doctolib] WARNING:   Failed at page 0, stopping
2026-04-01 09:02:25,242 [doctolib] INFO:   => 0 records for masseur-kinesitherapeute/paris
2026-04-01 09:02:26,453 [doctolib] WARNING:   Failed at page 0, stopping
2026-04-01 09:02:26,453 [doctolib] INFO:   => 0 records for laboratoire/marseille
2026-04-01 09:02:31,943 [doctolib] INFO: Scraping 'ophtalmologue' in paris...
2026-04-01 09:02:32,159 [doctolib] INFO:   ophtalmologue/paris page 0: 20 providers (total: 1780)
2026-04-01 09:02:32,237 [doctolib] INFO: Scraping 'hopital-public' in marseille...
2026-04-01 09:02:32,462 [doctolib] INFO:   hopital-public/marseille page 0: 20 providers (total: 142)
2026-04-01 09:02:35,993 [doctolib] INFO:   hopital-public/marseille page 1: 20 providers (total: 142)
2026-04-01 09:02:36,537 [doctolib] INFO:   ophtalmologue/paris page 1: 20 providers (total: 1780)
2026-04-01 09:02:39,813 [doctolib] INFO:   ophtalmologue/paris page 2: 20 providers (total: 1780)
2026-04-01 09:02:41,055 [doctolib] INFO:   hopital-public/marseille page 2: 20 providers (total: 142)
2026-04-01 09:02:43,677 [doctolib] INFO:   ophtalmologue/paris page 3: 20 providers (total: 1780)
2026-04-01 09:02:45,086 [doctolib] INFO:   hopital-public/marseille page 3: 20 providers (total: 142)
2026-04-01 09:02:48,053 [doctolib] INFO:   ophtalmologue/paris page 4: 20 providers (total: 1780)
2026-04-01 09:02:49,992 [doctolib] INFO:   hopital-public/marseille page 4: 20 providers (total: 142)
2026-04-01 09:02:52,882 [doctolib] INFO:   ophtalmologue/paris page 5: 20 providers (total: 1780)
2026-04-01 09:02:54,928 [doctolib] INFO:   hopital-public/marseille page 5: 20 providers (total: 142)
2026-04-01 09:02:56,317 [doctolib] INFO:   ophtalmologue/paris page 6: 20 providers (total: 1780)
2026-04-01 09:02:59,019 [doctolib] INFO:   hopital-public/marseille page 6: 20 providers (total: 142)
2026-04-01 09:03:01,011 [doctolib] INFO:   ophtalmologue/paris page 7: 20 providers (total: 1780)
2026-04-01 09:03:03,109 [doctolib] INFO:   hopital-public/marseille page 7: 2 providers (total: 142)
2026-04-01 09:03:03,110 [doctolib] INFO:   => 141 records for hopital-public/marseille
2026-04-01 09:03:04,882 [doctolib] INFO:   ophtalmologue/paris page 8: 20 providers (total: 1780)
2026-04-01 09:03:09,202 [doctolib] INFO:   ophtalmologue/paris page 9: 20 providers (total: 1780)
2026-04-01 09:03:10,008 [doctolib] INFO: Scraping 'dentiste' in marseille...
2026-04-01 09:03:10,327 [doctolib] INFO:   dentiste/marseille page 0: 20 providers (total: 1505)
2026-04-01 09:03:13,281 [doctolib] INFO:   ophtalmologue/paris page 10: 20 providers (total: 1780)
2026-04-01 09:03:14,891 [doctolib] INFO:   dentiste/marseille page 1: 20 providers (total: 1505)
2026-04-01 09:03:18,060 [doctolib] INFO:   ophtalmologue/paris page 11: 20 providers (total: 1780)
2026-04-01 09:03:18,745 [doctolib] INFO:   dentiste/marseille page 2: 20 providers (total: 1505)
2026-04-01 09:03:21,617 [doctolib] INFO:   ophtalmologue/paris page 12: 20 providers (total: 1780)
2026-04-01 09:03:23,670 [doctolib] INFO:   dentiste/marseille page 3: 20 providers (total: 1505)
2026-04-01 09:03:24,909 [doctolib] INFO:   ophtalmologue/paris page 13: 20 providers (total: 1780)
2026-04-01 09:03:28,309 [doctolib] INFO:   dentiste/marseille page 4: 20 providers (total: 1505)
2026-04-01 09:03:29,461 [doctolib] INFO:   ophtalmologue/paris page 14: 20 providers (total: 1780)
2026-04-01 09:03:31,789 [doctolib] INFO:   dentiste/marseille page 5: 20 providers (total: 1505)
2026-04-01 09:03:34,382 [doctolib] INFO:   ophtalmologue/paris page 15: 20 providers (total: 1780)
2026-04-01 09:03:36,358 [doctolib] INFO:   dentiste/marseille page 6: 20 providers (total: 1505)
2026-04-01 09:03:39,081 [doctolib] INFO:   ophtalmologue/paris page 16: 20 providers (total: 1780)
2026-04-01 09:03:39,968 [doctolib] INFO:   dentiste/marseille page 7: 20 providers (total: 1505)
2026-04-01 09:03:44,141 [doctolib] INFO:   ophtalmologue/paris page 17: 20 providers (total: 1780)
2026-04-01 09:03:44,751 [doctolib] INFO:   dentiste/marseille page 8: 20 providers (total: 1505)
2026-04-01 09:03:47,700 [doctolib] INFO:   ophtalmologue/paris page 18: 20 providers (total: 1780)
2026-04-01 09:03:50,146 [doctolib] INFO:   dentiste/marseille page 9: 20 providers (total: 1505)
2026-04-01 09:03:51,763 [doctolib] INFO:   ophtalmologue/paris page 19: 20 providers (total: 1780)
2026-04-01 09:03:54,237 [doctolib] INFO:   dentiste/marseille page 10: 20 providers (total: 1505)
2026-04-01 09:03:55,860 [doctolib] INFO:   ophtalmologue/paris page 20: 20 providers (total: 1780)
2026-04-01 09:03:58,686 [doctolib] INFO:   dentiste/marseille page 11: 20 providers (total: 1505)
2026-04-01 09:04:00,606 [doctolib] INFO:   ophtalmologue/paris page 21: 20 providers (total: 1780)
2026-04-01 09:04:02,677 [doctolib] INFO:   dentiste/marseille page 12: 20 providers (total: 1505)
2026-04-01 09:04:03,846 [doctolib] INFO:   ophtalmologue/paris page 22: 20 providers (total: 1780)
2026-04-01 09:04:06,316 [doctolib] INFO:   dentiste/marseille page 13: 20 providers (total: 1505)
2026-04-01 09:04:07,718 [doctolib] INFO:   ophtalmologue/paris page 23: 20 providers (total: 1780)
2026-04-01 09:04:09,668 [doctolib] INFO:   dentiste/marseille page 14: 20 providers (total: 1505)
2026-04-01 09:04:11,433 [doctolib] INFO:   ophtalmologue/paris page 24: 20 providers (total: 1780)
2026-04-01 09:04:13,635 [doctolib] INFO:   dentiste/marseille page 15: 20 providers (total: 1505)
2026-04-01 09:04:16,165 [doctolib] INFO:   => 478 records for ophtalmologue/paris
2026-04-01 09:04:18,108 [doctolib] INFO:   dentiste/marseille page 16: 20 providers (total: 1505)
2026-04-01 09:04:21,190 [doctolib] INFO: Scraping 'clinique-privee' in paris...
2026-04-01 09:04:21,406 [doctolib] INFO:   clinique-privee/paris page 0: 20 providers (total: 903)
2026-04-01 09:04:22,856 [doctolib] INFO:   dentiste/marseille page 17: 20 providers (total: 1505)
2026-04-01 09:04:26,134 [doctolib] INFO:   clinique-privee/paris page 1: 20 providers (total: 903)
2026-04-01 09:04:27,447 [doctolib] INFO:   dentiste/marseille page 18: 20 providers (total: 1505)
2026-04-01 09:04:29,624 [doctolib] INFO:   clinique-privee/paris page 2: 20 providers (total: 903)
2026-04-01 09:04:32,396 [doctolib] INFO:   dentiste/marseille page 19: 20 providers (total: 1505)
2026-04-01 09:04:34,197 [doctolib] INFO:   clinique-privee/paris page 3: 20 providers (total: 903)
2026-04-01 09:04:37,497 [doctolib] INFO:   clinique-privee/paris page 4: 20 providers (total: 903)
2026-04-01 09:04:37,531 [doctolib] INFO:   dentiste/marseille page 20: 20 providers (total: 1505)
2026-04-01 09:04:41,818 [doctolib] INFO:   dentiste/marseille page 21: 20 providers (total: 1505)
2026-04-01 09:04:41,826 [doctolib] WARNING: Rate limited (429) for clinique-privee/paris page 5, waiting 127s (attempt 1/3)
2026-04-01 09:04:45,486 [doctolib] WARNING: Rate limited (429) for dentiste/marseille page 22, waiting 65s (attempt 1/3)
2026-04-01 09:05:05,709 [merge_export] INFO: SIRET enrichment: 343 records enriched
2026-04-01 09:05:09,712 [pagesjaunes] INFO:   => 0 records
2026-04-01 09:05:16,057 [merge_export] INFO: Exporting 107311 records to /home/user/Website01/structures-medicales.xlsx
2026-04-01 09:05:21,407 [pagesjaunes] INFO: PJ: Scraping 'radiologue' in Paris...
2026-04-01 09:05:21,426 [pagesjaunes] WARNING: PJ 403 for radiologue/Paris page 1, waiting 90s (attempt 1/3)
2026-04-01 09:05:51,532 [doctolib] WARNING: Rate limited (429) for dentiste/marseille page 22, waiting 126s (attempt 2/3)
2026-04-01 09:06:49,752 [doctolib] WARNING: Rate limited (429) for clinique-privee/paris page 5, waiting 250s (attempt 2/3)
2026-04-01 09:06:51,452 [pagesjaunes] WARNING: PJ 403 for radiologue/Paris page 1, waiting 180s (attempt 2/3)
2026-04-01 09:07:05,178 [merge_export] INFO: XLSX formatting applied
2026-04-01 09:07:05,178 [merge_export] INFO: Excel file saved: /home/user/Website01/structures-medicales.xlsx
2026-04-01 09:07:05,434 [merge_export] INFO: === Merge and export complete ===
2026-04-01 09:07:58,268 [doctolib] WARNING: Rate limited (429) for dentiste/marseille page 22, waiting 190s (attempt 3/3)
2026-04-01 09:09:51,472 [pagesjaunes] WARNING: PJ 403 for radiologue/Paris page 1, waiting 270s (attempt 3/3)
2026-04-01 09:11:01,017 [doctolib] WARNING: Rate limited (429) for clinique-privee/paris page 5, waiting 369s (attempt 3/3)
2026-04-01 09:11:09,236 [doctolib] WARNING:   Failed at page 22, stopping
2026-04-01 09:11:09,236 [doctolib] INFO:   => 435 records for dentiste/marseille
2026-04-01 09:11:15,996 [doctolib] INFO: Scraping 'medecin-generaliste' in marseille...
2026-04-01 09:11:16,166 [doctolib] WARNING: Rate limited (429) for medecin-generaliste/marseille page 0, waiting 68s (attempt 1/3)
2026-04-01 09:12:24,756 [doctolib] WARNING: Rate limited (429) for medecin-generaliste/marseille page 0, waiting 129s (attempt 2/3)
2026-04-01 09:14:22,028 [pagesjaunes_v2] INFO: === Pages Jaunes V2: Starting PARIS ===
2026-04-01 09:14:22,028 [pagesjaunes_v2] INFO: PJ: laboratoire-d-analyses-medicales in paris-75...
2026-04-01 09:14:23,030 [pagesjaunes_v2] INFO: === Pages Jaunes V2: Starting MARSEILLE ===
2026-04-01 09:14:23,030 [pagesjaunes_v2] INFO: PJ: laboratoire-d-analyses-medicales in marseille-13...
2026-04-01 09:14:23,732 [pagesjaunes_v2] INFO: === Pages Jaunes V2: Starting LILLE ===
2026-04-01 09:14:23,732 [pagesjaunes_v2] INFO: PJ: laboratoire-d-analyses-medicales in lille-59...
2026-04-01 09:14:24,043 [pagesjaunes_v2] INFO:   PJ: laboratoire-d-analyses-medicales/paris-75 page 1: 20 new (20 raw)
2026-04-01 09:14:24,294 [pagesjaunes_v2] INFO:   PJ: laboratoire-d-analyses-medicales/marseille-13 page 1: 19 new (20 raw)
2026-04-01 09:14:24,884 [pagesjaunes_v2] INFO:   PJ: laboratoire-d-analyses-medicales/lille-59 page 1: 17 new (20 raw)
2026-04-01 09:14:27,480 [pagesjaunes_v2] WARNING: PJ 403 for laboratoire-d-analyses-medicales/marseille-13 page 2
2026-04-01 09:14:27,480 [pagesjaunes_v2] INFO:   => 19 records for laboratoire-d-analyses-medicales/marseille-13
2026-04-01 09:14:27,645 [pagesjaunes_v2] WARNING: PJ 403 for laboratoire-d-analyses-medicales/paris-75 page 2
2026-04-01 09:14:27,645 [pagesjaunes_v2] INFO:   => 20 records for laboratoire-d-analyses-medicales/paris-75
2026-04-01 09:14:29,703 [pagesjaunes_v2] WARNING: PJ 403 for laboratoire-d-analyses-medicales/lille-59 page 2
2026-04-01 09:14:29,703 [pagesjaunes_v2] INFO:   => 17 records for laboratoire-d-analyses-medicales/lille-59
2026-04-01 09:14:31,806 [pagesjaunes_v2] INFO: PJ: hopital in marseille-13...
2026-04-01 09:14:32,794 [pagesjaunes_v2] INFO:   PJ: hopital/marseille-13 page 1: 20 new (20 raw)
2026-04-01 09:14:32,942 [pagesjaunes_v2] INFO: PJ: hopital in paris-75...
2026-04-01 09:14:33,012 [pagesjaunes_v2] WARNING: PJ 403 for hopital/paris-75 page 1
2026-04-01 09:14:33,514 [pagesjaunes_v2] INFO: PJ: hopital in lille-59...
2026-04-01 09:14:33,587 [pagesjaunes_v2] WARNING: PJ 403 for hopital/lille-59 page 1
2026-04-01 09:14:34,389 [doctolib] WARNING: Rate limited (429) for medecin-generaliste/marseille page 0, waiting 193s (attempt 3/3)
2026-04-01 09:14:36,882 [pagesjaunes_v2] WARNING: PJ 403 for hopital/marseille-13 page 2
2026-04-01 09:14:36,882 [pagesjaunes_v2] INFO:   => 20 records for hopital/marseille-13
2026-04-01 09:14:37,301 [pagesjaunes_v2] INFO: PJ: clinique in lille-59...
2026-04-01 09:14:38,225 [pagesjaunes_v2] INFO:   PJ: clinique/lille-59 page 1: 18 new (20 raw)
2026-04-01 09:14:38,473 [pagesjaunes_v2] INFO: PJ: clinique in paris-75...
2026-04-01 09:14:38,554 [pagesjaunes_v2] WARNING: PJ 403 for clinique/paris-75 page 1
2026-04-01 09:14:41,860 [pagesjaunes_v2] INFO:   PJ: clinique/lille-59 page 2: 16 new (20 raw)
2026-04-01 09:14:42,580 [pagesjaunes_v2] INFO: PJ: dentiste in paris-75...
2026-04-01 09:14:42,773 [pagesjaunes_v2] INFO: PJ: clinique in marseille-13...
2026-04-01 09:14:43,697 [pagesjaunes_v2] INFO:   PJ: clinique/marseille-13 page 1: 20 new (20 raw)
2026-04-01 09:14:44,346 [pagesjaunes_v2] INFO:   PJ: dentiste/paris-75 page 1: 20 new (20 raw)
2026-04-01 09:14:44,744 [pagesjaunes_v2] WARNING: PJ 403 for clinique/lille-59 page 3
2026-04-01 09:14:44,744 [pagesjaunes_v2] INFO:   => 34 records for clinique/lille-59
2026-04-01 09:14:48,304 [pagesjaunes_v2] INFO:   PJ: clinique/marseille-13 page 2: 17 new (20 raw)
2026-04-01 09:14:48,363 [pagesjaunes_v2] WARNING: PJ 403 for dentiste/paris-75 page 2
2026-04-01 09:14:48,363 [pagesjaunes_v2] INFO:   => 20 records for dentiste/paris-75
2026-04-01 09:14:48,934 [pagesjaunes_v2] INFO: PJ: dentiste in lille-59...
2026-04-01 09:14:48,966 [pagesjaunes_v2] WARNING: PJ 403 for dentiste/lille-59 page 1
2026-04-01 09:14:52,075 [pagesjaunes_v2] INFO: PJ: chirurgien-dentiste in lille-59...
2026-04-01 09:14:52,614 [pagesjaunes_v2] INFO: PJ: chirurgien-dentiste in paris-75...
2026-04-01 09:14:52,645 [pagesjaunes_v2] WARNING: PJ 403 for chirurgien-dentiste/paris-75 page 1
2026-04-01 09:14:52,860 [pagesjaunes_v2] INFO:   PJ: clinique/marseille-13 page 3: 18 new (20 raw)
2026-04-01 09:14:53,311 [pagesjaunes_v2] INFO:   PJ: chirurgien-dentiste/lille-59 page 1: 20 new (20 raw)
2026-04-01 09:14:56,761 [pagesjaunes_v2] INFO: PJ: medecin-generaliste in paris-75...
2026-04-01 09:14:56,791 [pagesjaunes_v2] WARNING: PJ 403 for medecin-generaliste/paris-75 page 1
2026-04-01 09:14:56,807 [pagesjaunes_v2] INFO:   PJ: clinique/marseille-13 page 4: 18 new (20 raw)
2026-04-01 09:14:58,326 [pagesjaunes_v2] INFO:   PJ: chirurgien-dentiste/lille-59 page 2: 17 new (20 raw)
2026-04-01 09:15:00,498 [pagesjaunes_v2] INFO:   PJ: clinique/marseille-13 page 5: 16 new (20 raw)
2026-04-01 09:15:02,006 [pagesjaunes_v2] WARNING: PJ 403 for chirurgien-dentiste/lille-59 page 3
2026-04-01 09:15:02,007 [pagesjaunes_v2] INFO:   => 37 records for chirurgien-dentiste/lille-59
2026-04-01 09:15:02,081 [pagesjaunes_v2] INFO: PJ: medecin-specialiste in paris-75...
2026-04-01 09:15:03,863 [pagesjaunes_v2] INFO:   PJ: medecin-specialiste/paris-75 page 1: 20 new (20 raw)
2026-04-01 09:15:05,389 [pagesjaunes_v2] INFO:   PJ: clinique/marseille-13 page 6: 11 new (20 raw)
2026-04-01 09:15:06,842 [pagesjaunes_v2] INFO: PJ: medecin-generaliste in lille-59...
2026-04-01 09:15:07,069 [pagesjaunes_v2] WARNING: PJ 403 for medecin-generaliste/lille-59 page 1
2026-04-01 09:15:07,984 [pagesjaunes_v2] INFO:   PJ: medecin-specialiste/paris-75 page 2: 19 new (20 raw)
2026-04-01 09:15:09,604 [pagesjaunes_v2] WARNING: PJ 403 for clinique/marseille-13 page 7
2026-04-01 09:15:09,605 [pagesjaunes_v2] INFO:   => 100 records for clinique/marseille-13
2026-04-01 09:15:11,476 [pagesjaunes_v2] WARNING: PJ 403 for medecin-specialiste/paris-75 page 3
2026-04-01 09:15:11,476 [pagesjaunes_v2] INFO:   => 39 records for medecin-specialiste/paris-75
2026-04-01 09:15:12,310 [pagesjaunes_v2] INFO: PJ: medecin-specialiste in lille-59...
2026-04-01 09:15:13,374 [pagesjaunes_v2] INFO:   PJ: medecin-specialiste/lille-59 page 1: 20 new (20 raw)
2026-04-01 09:15:14,116 [pagesjaunes_v2] INFO: PJ: dentiste in marseille-13...
2026-04-01 09:15:15,992 [pagesjaunes_v2] INFO:   PJ: dentiste/marseille-13 page 1: 20 new (20 raw)
2026-04-01 09:15:16,944 [pagesjaunes_v2] WARNING: PJ 403 for medecin-specialiste/lille-59 page 2
2026-04-01 09:15:16,944 [pagesjaunes_v2] INFO:   => 20 records for medecin-specialiste/lille-59
2026-04-01 09:15:17,344 [pagesjaunes_v2] INFO: PJ: centre-de-sante in paris-75...
2026-04-01 09:15:17,376 [pagesjaunes_v2] WARNING: PJ 403 for centre-de-sante/paris-75 page 1
2026-04-01 09:15:20,157 [pagesjaunes_v2] WARNING: PJ 403 for dentiste/marseille-13 page 2
2026-04-01 09:15:20,158 [pagesjaunes_v2] INFO:   => 20 records for dentiste/marseille-13
2026-04-01 09:15:20,627 [pagesjaunes_v2] INFO: PJ: maison-de-sante in paris-75...
2026-04-01 09:15:21,365 [pagesjaunes_v2] INFO: PJ: centre-de-sante in lille-59...
2026-04-01 09:15:21,615 [pagesjaunes_v2] INFO:   PJ: maison-de-sante/paris-75 page 1: 20 new (20 raw)
2026-04-01 09:15:22,583 [pagesjaunes_v2] INFO:   PJ: centre-de-sante/lille-59 page 1: 19 new (20 raw)
2026-04-01 09:15:23,734 [pagesjaunes_v2] INFO: PJ: chirurgien-dentiste in marseille-13...
2026-04-01 09:15:23,773 [pagesjaunes_v2] WARNING: PJ 403 for chirurgien-dentiste/marseille-13 page 1
2026-04-01 09:15:25,773 [pagesjaunes_v2] WARNING: PJ 403 for maison-de-sante/paris-75 page 2
2026-04-01 09:15:25,773 [pagesjaunes_v2] INFO:   => 20 records for maison-de-sante/paris-75
2026-04-01 09:15:27,380 [pagesjaunes_v2] WARNING: PJ 403 for centre-de-sante/lille-59 page 2
2026-04-01 09:15:27,381 [pagesjaunes_v2] INFO:   => 19 records for centre-de-sante/lille-59
2026-04-01 09:15:29,200 [pagesjaunes_v2] INFO: PJ: medecin-generaliste in marseille-13...
2026-04-01 09:15:29,234 [pagesjaunes_v2] WARNING: PJ 403 for medecin-generaliste/marseille-13 page 1
2026-04-01 09:15:29,441 [pagesjaunes_v2] INFO: PJ: radiologue in paris-75...
2026-04-01 09:15:30,425 [pagesjaunes_v2] INFO:   PJ: radiologue/paris-75 page 1: 20 new (20 raw)
2026-04-01 09:15:32,455 [pagesjaunes_v2] INFO: PJ: maison-de-sante in lille-59...
2026-04-01 09:15:32,489 [pagesjaunes_v2] WARNING: PJ 403 for maison-de-sante/lille-59 page 1
2026-04-01 09:15:33,928 [pagesjaunes_v2] INFO:   PJ: radiologue/paris-75 page 2: 14 new (20 raw)
2026-04-01 09:15:34,930 [pagesjaunes_v2] INFO: PJ: medecin-specialiste in marseille-13...
2026-04-01 09:15:34,999 [pagesjaunes_v2] WARNING: PJ 403 for medecin-specialiste/marseille-13 page 1
2026-04-01 09:15:36,809 [pagesjaunes_v2] WARNING: PJ 403 for radiologue/paris-75 page 3
2026-04-01 09:15:36,809 [pagesjaunes_v2] INFO:   => 34 records for radiologue/paris-75
2026-04-01 09:15:37,117 [pagesjaunes_v2] INFO: PJ: radiologue in lille-59...
2026-04-01 09:15:38,298 [pagesjaunes_v2] INFO:   PJ: radiologue/lille-59 page 1: 19 new (20 raw)
2026-04-01 09:15:40,334 [pagesjaunes_v2] INFO: PJ: centre-de-sante in marseille-13...
2026-04-01 09:15:40,374 [pagesjaunes_v2] WARNING: PJ 403 for centre-de-sante/marseille-13 page 1
2026-04-01 09:15:42,508 [pagesjaunes_v2] INFO: PJ: centre-d-imagerie-medicale in paris-75...
2026-04-01 09:15:43,028 [pagesjaunes_v2] INFO:   PJ: radiologue/lille-59 page 2: 15 new (20 raw)
2026-04-01 09:15:43,519 [pagesjaunes_v2] INFO:   PJ: centre-d-imagerie-medicale/paris-75 page 1: 20 new (20 raw)
2026-04-01 09:15:45,390 [pagesjaunes_v2] INFO: PJ: maison-de-sante in marseille-13...
2026-04-01 09:15:46,472 [pagesjaunes_v2] INFO:   PJ: maison-de-sante/marseille-13 page 1: 20 new (20 raw)
2026-04-01 09:15:46,649 [pagesjaunes_v2] INFO:   => 34 records for radiologue/lille-59
2026-04-01 09:15:48,023 [pagesjaunes_v2] INFO:   PJ: centre-d-imagerie-medicale/paris-75 page 2: 13 new (20 raw)
2026-04-01 09:15:49,164 [pagesjaunes_v2] WARNING: PJ 403 for maison-de-sante/marseille-13 page 2
2026-04-01 09:15:49,164 [pagesjaunes_v2] INFO:   => 20 records for maison-de-sante/marseille-13
2026-04-01 09:15:50,344 [pagesjaunes_v2] INFO: PJ: centre-d-imagerie-medicale in lille-59...
2026-04-01 09:15:50,666 [pagesjaunes_v2] WARNING: PJ 403 for centre-d-imagerie-medicale/lille-59 page 1
2026-04-01 09:15:51,673 [pagesjaunes_v2] WARNING: PJ 403 for centre-d-imagerie-medicale/paris-75 page 3
2026-04-01 09:15:51,673 [pagesjaunes_v2] INFO:   => 33 records for centre-d-imagerie-medicale/paris-75
2026-04-01 09:15:53,845 [pagesjaunes_v2] INFO: PJ: kinesitherapeute in lille-59...
2026-04-01 09:15:53,876 [pagesjaunes_v2] WARNING: PJ 403 for kinesitherapeute/lille-59 page 1
2026-04-01 09:15:54,429 [pagesjaunes_v2] INFO: PJ: radiologue in marseille-13...
2026-04-01 09:15:54,462 [pagesjaunes_v2] WARNING: PJ 403 for radiologue/marseille-13 page 1
2026-04-01 09:15:54,832 [pagesjaunes_v2] INFO: PJ: kinesitherapeute in paris-75...
2026-04-01 09:15:54,912 [pagesjaunes_v2] WARNING: PJ 403 for kinesitherapeute/paris-75 page 1
2026-04-01 09:15:58,131 [pagesjaunes_v2] INFO: PJ: ophtalmologue in lille-59...
2026-04-01 09:15:58,170 [pagesjaunes_v2] WARNING: PJ 403 for ophtalmologue/lille-59 page 1
2026-04-01 09:15:59,030 [pagesjaunes_v2] INFO: PJ: centre-d-imagerie-medicale in marseille-13...
2026-04-01 09:15:59,079 [pagesjaunes_v2] WARNING: PJ 403 for centre-d-imagerie-medicale/marseille-13 page 1
2026-04-01 09:15:59,446 [pagesjaunes_v2] INFO: PJ: ophtalmologue in paris-75...
2026-04-01 09:16:00,552 [pagesjaunes_v2] INFO:   PJ: ophtalmologue/paris-75 page 1: 20 new (20 raw)
2026-04-01 09:16:02,122 [pagesjaunes_v2] INFO: PJ: dermatologue in lille-59...
2026-04-01 09:16:02,169 [pagesjaunes_v2] INFO: PJ: kinesitherapeute in marseille-13...
2026-04-01 09:16:02,215 [pagesjaunes_v2] WARNING: PJ 403 for dermatologue/lille-59 page 1
2026-04-01 09:16:04,050 [pagesjaunes_v2] INFO:   PJ: kinesitherapeute/marseille-13 page 1: 20 new (20 raw)
2026-04-01 09:16:04,222 [pagesjaunes_v2] WARNING: PJ 403 for ophtalmologue/paris-75 page 2
2026-04-01 09:16:04,222 [pagesjaunes_v2] INFO:   => 20 records for ophtalmologue/paris-75
2026-04-01 09:16:06,795 [pagesjaunes_v2] INFO: PJ: cardiologue in lille-59...
2026-04-01 09:16:06,873 [pagesjaunes_v2] WARNING: PJ 403 for cardiologue/lille-59 page 1
2026-04-01 09:16:09,141 [pagesjaunes_v2] INFO: PJ: dermatologue in paris-75...
2026-04-01 09:16:09,359 [pagesjaunes_v2] INFO:   PJ: kinesitherapeute/marseille-13 page 2: 17 new (20 raw)
2026-04-01 09:16:10,405 [pagesjaunes_v2] INFO:   PJ: dermatologue/paris-75 page 1: 20 new (20 raw)
2026-04-01 09:16:11,584 [pagesjaunes_v2] INFO: PJ: gynecologue in lille-59...
2026-04-01 09:16:12,459 [pagesjaunes_v2] INFO:   PJ: gynecologue/lille-59 page 1: 20 new (20 raw)
2026-04-01 09:16:14,149 [pagesjaunes_v2] WARNING: PJ 403 for dermatologue/paris-75 page 2
2026-04-01 09:16:14,149 [pagesjaunes_v2] INFO:   => 20 records for dermatologue/paris-75
2026-04-01 09:16:15,445 [pagesjaunes_v2] INFO:   PJ: kinesitherapeute/marseille-13 page 3: 18 new (20 raw)
2026-04-01 09:16:17,495 [pagesjaunes_v2] INFO: PJ: cardiologue in paris-75...
2026-04-01 09:16:17,533 [pagesjaunes_v2] WARNING: PJ 403 for cardiologue/paris-75 page 1
2026-04-01 09:16:19,222 [pagesjaunes_v2] INFO:   PJ: gynecologue/lille-59 page 2: 17 new (20 raw)
2026-04-01 09:16:19,547 [pagesjaunes_v2] WARNING: PJ 403 for kinesitherapeute/marseille-13 page 4
2026-04-01 09:16:19,548 [pagesjaunes_v2] INFO:   => 55 records for kinesitherapeute/marseille-13
2026-04-01 09:16:22,225 [pagesjaunes_v2] INFO: PJ: gynecologue in paris-75...
2026-04-01 09:16:23,410 [pagesjaunes_v2] INFO:   PJ: gynecologue/paris-75 page 1: 20 new (20 raw)
2026-04-01 09:16:23,913 [pagesjaunes_v2] WARNING: PJ 403 for gynecologue/lille-59 page 3
2026-04-01 09:16:23,913 [pagesjaunes_v2] INFO:   => 37 records for gynecologue/lille-59
2026-04-01 09:16:24,654 [pagesjaunes_v2] INFO: PJ: ophtalmologue in marseille-13...
2026-04-01 09:16:26,064 [pagesjaunes_v2] INFO:   PJ: ophtalmologue/marseille-13 page 1: 20 new (20 raw)
2026-04-01 09:16:28,049 [pagesjaunes_v2] INFO:   PJ: gynecologue/paris-75 page 2: 19 new (20 raw)
2026-04-01 09:16:29,786 [pagesjaunes_v2] INFO: PJ: medecine-du-travail in lille-59...
2026-04-01 09:16:30,511 [pagesjaunes_v2] INFO:   PJ: medecine-du-travail/lille-59 page 1: 12 new (13 raw)
2026-04-01 09:16:30,512 [pagesjaunes_v2] INFO:   => 12 records for medecine-du-travail/lille-59
2026-04-01 09:16:31,350 [pagesjaunes_v2] INFO:   PJ: ophtalmologue/marseille-13 page 2: 15 new (20 raw)
2026-04-01 09:16:32,013 [pagesjaunes_v2] WARNING: PJ 403 for gynecologue/paris-75 page 3
2026-04-01 09:16:32,014 [pagesjaunes_v2] INFO:   => 39 records for gynecologue/paris-75
2026-04-01 09:16:35,111 [pagesjaunes_v2] INFO: PJ: centre-de-dialyse in lille-59...
2026-04-01 09:16:36,080 [pagesjaunes_v2] WARNING: PJ 403 for ophtalmologue/marseille-13 page 3
2026-04-01 09:16:36,081 [pagesjaunes_v2] INFO:   => 35 records for ophtalmologue/marseille-13
2026-04-01 09:16:36,545 [pagesjaunes_v2] INFO:   PJ: centre-de-dialyse/lille-59 page 1: 20 new (20 raw)
2026-04-01 09:16:36,666 [pagesjaunes_v2] INFO: PJ: medecine-du-travail in paris-75...
2026-04-01 09:16:37,530 [pagesjaunes_v2] INFO:   PJ: medecine-du-travail/paris-75 page 1: 13 new (20 raw)
2026-04-01 09:16:40,874 [pagesjaunes_v2] INFO: PJ: dermatologue in marseille-13...
2026-04-01 09:16:41,240 [pagesjaunes_v2] WARNING: PJ 403 for centre-de-dialyse/lille-59 page 2
2026-04-01 09:16:41,240 [pagesjaunes_v2] INFO:   => 20 records for centre-de-dialyse/lille-59
2026-04-01 09:16:41,597 [pagesjaunes_v2] INFO:   PJ: dermatologue/marseille-13 page 1: 20 new (20 raw)
2026-04-01 09:16:41,738 [pagesjaunes_v2] INFO:   PJ: medecine-du-travail/paris-75 page 2: 14 new (20 raw)
2026-04-01 09:16:44,723 [pagesjaunes_v2] WARNING: PJ 403 for medecine-du-travail/paris-75 page 3
2026-04-01 09:16:44,723 [pagesjaunes_v2] INFO:   => 27 records for medecine-du-travail/paris-75
2026-04-01 09:16:44,931 [pagesjaunes_v2] INFO: PJ: infirmier in lille-59...
2026-04-01 09:16:44,964 [pagesjaunes_v2] WARNING: PJ 403 for infirmier/lille-59 page 1
2026-04-01 09:16:45,758 [pagesjaunes_v2] INFO:   PJ: dermatologue/marseille-13 page 2: 14 new (20 raw)
2026-04-01 09:16:48,026 [pagesjaunes_v2] INFO: PJ: orthophoniste in lille-59...
2026-04-01 09:16:48,057 [pagesjaunes_v2] WARNING: PJ 403 for orthophoniste/lille-59 page 1
2026-04-01 09:16:49,041 [pagesjaunes_v2] INFO: PJ: centre-de-dialyse in paris-75...
2026-04-01 09:16:49,484 [pagesjaunes_v2] INFO:   PJ: dermatologue/marseille-13 page 3: 12 new (20 raw)
2026-04-01 09:16:50,088 [pagesjaunes_v2] INFO:   PJ: centre-de-dialyse/paris-75 page 1: 19 new (20 raw)
2026-04-01 09:16:53,404 [pagesjaunes_v2] INFO:   PJ: dermatologue/marseille-13 page 4: 13 new (20 raw)
2026-04-01 09:16:53,865 [pagesjaunes_v2] INFO: PJ: sage-femme in lille-59...
2026-04-01 09:16:53,899 [pagesjaunes_v2] WARNING: PJ 403 for sage-femme/lille-59 page 1
2026-04-01 09:16:54,105 [pagesjaunes_v2] WARNING: PJ 403 for centre-de-dialyse/paris-75 page 2
2026-04-01 09:16:54,105 [pagesjaunes_v2] INFO:   => 19 records for centre-de-dialyse/paris-75
2026-04-01 09:16:57,355 [pagesjaunes_v2] INFO: PJ: infirmier in paris-75...
2026-04-01 09:16:57,430 [pagesjaunes_v2] WARNING: PJ 403 for infirmier/paris-75 page 1
2026-04-01 09:16:57,680 [pagesjaunes_v2] INFO:   PJ: dermatologue/marseille-13 page 5: 2 new (4 raw)
2026-04-01 09:16:57,680 [pagesjaunes_v2] INFO:   => 61 records for dermatologue/marseille-13
2026-04-01 09:16:59,370 [pagesjaunes_v2] INFO: PJ: laboratoire-d-analyses-medicales in roubaix-59100...
2026-04-01 09:16:59,403 [pagesjaunes_v2] WARNING: PJ 403 for laboratoire-d-analyses-medicales/roubaix-59100 page 1
2026-04-01 09:17:00,445 [pagesjaunes_v2] INFO: PJ: orthophoniste in paris-75...
2026-04-01 09:17:01,354 [pagesjaunes_v2] INFO:   PJ: orthophoniste/paris-75 page 1: 20 new (20 raw)
2026-04-01 09:17:02,271 [pagesjaunes_v2] INFO: PJ: cardiologue in marseille-13...
2026-04-01 09:17:02,530 [pagesjaunes_v2] WARNING: PJ 403 for cardiologue/marseille-13 page 1
2026-04-01 09:17:03,416 [pagesjaunes_v2] INFO: PJ: hopital in roubaix-59100...
2026-04-01 09:17:03,484 [pagesjaunes_v2] WARNING: PJ 403 for hopital/roubaix-59100 page 1
2026-04-01 09:17:04,689 [pagesjaunes_v2] WARNING: PJ 403 for orthophoniste/paris-75 page 2
2026-04-01 09:17:04,689 [pagesjaunes_v2] INFO:   => 20 records for orthophoniste/paris-75
2026-04-01 09:17:07,717 [pagesjaunes_v2] INFO: PJ: clinique in roubaix-59100...
2026-04-01 09:17:08,244 [pagesjaunes_v2] INFO: PJ: gynecologue in marseille-13...
2026-04-01 09:17:08,278 [pagesjaunes_v2] WARNING: PJ 403 for gynecologue/marseille-13 page 1
2026-04-01 09:17:08,503 [pagesjaunes_v2] INFO:   PJ: clinique/roubaix-59100 page 1: 8 new (8 raw)
2026-04-01 09:17:08,504 [pagesjaunes_v2] INFO:   => 8 records for clinique/roubaix-59100
2026-04-01 09:17:10,377 [pagesjaunes_v2] INFO: PJ: sage-femme in paris-75...
2026-04-01 09:17:10,412 [pagesjaunes_v2] WARNING: PJ 403 for sage-femme/paris-75 page 1
2026-04-01 09:17:10,596 [doctolib] WARNING:   Failed at page 5, stopping
2026-04-01 09:17:10,596 [doctolib] INFO:   => 100 records for clinique-privee/paris
2026-04-01 09:17:12,785 [pagesjaunes_v2] INFO: PJ: dentiste in roubaix-59100...
2026-04-01 09:17:13,604 [pagesjaunes_v2] INFO:   PJ: dentiste/roubaix-59100 page 1: 20 new (20 raw)
2026-04-01 09:17:13,777 [pagesjaunes_v2] INFO: PJ: medecine-du-travail in marseille-13...
2026-04-01 09:17:14,586 [pagesjaunes_v2] INFO: === PJ V2 PARIS: 311 results ===
2026-04-01 09:17:14,590 [pagesjaunes_v2] INFO: Pages Jaunes V2 total: 311 results
2026-04-01 09:17:14,756 [pagesjaunes_v2] INFO:   PJ: medecine-du-travail/marseille-13 page 1: 20 new (20 raw)
2026-04-01 09:17:16,960 [pagesjaunes_v2] WARNING: PJ 403 for dentiste/roubaix-59100 page 2
2026-04-01 09:17:16,960 [pagesjaunes_v2] INFO:   => 20 records for dentiste/roubaix-59100
2026-04-01 09:17:18,159 [doctolib] INFO: Scraping 'centre-de-sante' in paris...
2026-04-01 09:17:18,327 [doctolib] WARNING: Rate limited (429) for centre-de-sante/paris page 0, waiting 129s (attempt 1/3)
2026-04-01 09:17:19,077 [pagesjaunes_v2] INFO:   PJ: medecine-du-travail/marseille-13 page 2: 5 new (7 raw)
2026-04-01 09:17:19,077 [pagesjaunes_v2] INFO:   => 25 records for medecine-du-travail/marseille-13
2026-04-01 09:17:20,107 [pagesjaunes_v2] INFO: PJ: chirurgien-dentiste in roubaix-59100...
2026-04-01 09:17:20,938 [pagesjaunes_v2] INFO:   PJ: chirurgien-dentiste/roubaix-59100 page 1: 20 new (20 raw)
2026-04-01 09:17:23,444 [pagesjaunes_v2] INFO: PJ: centre-de-dialyse in marseille-13...
2026-04-01 09:17:24,558 [pagesjaunes_v2] INFO:   PJ: centre-de-dialyse/marseille-13 page 1: 16 new (16 raw)
2026-04-01 09:17:26,439 [pagesjaunes_v2] INFO:   PJ: chirurgien-dentiste/roubaix-59100 page 2: 16 new (20 raw)
2026-04-01 09:17:28,634 [pagesjaunes_v2] WARNING: PJ 403 for centre-de-dialyse/marseille-13 page 2
2026-04-01 09:17:28,634 [pagesjaunes_v2] INFO:   => 16 records for centre-de-dialyse/marseille-13
2026-04-01 09:17:31,569 [pagesjaunes_v2] INFO:   PJ: chirurgien-dentiste/roubaix-59100 page 3: 12 new (20 raw)
2026-04-01 09:17:31,695 [pagesjaunes_v2] INFO: PJ: infirmier in marseille-13...
2026-04-01 09:17:33,140 [pagesjaunes_v2] INFO:   PJ: infirmier/marseille-13 page 1: 20 new (20 raw)
2026-04-01 09:17:35,860 [pagesjaunes_v2] WARNING: PJ 403 for infirmier/marseille-13 page 2
2026-04-01 09:17:35,861 [pagesjaunes_v2] INFO:   => 20 records for infirmier/marseille-13
2026-04-01 09:17:35,998 [pagesjaunes_v2] INFO:   PJ: chirurgien-dentiste/roubaix-59100 page 4: 10 new (19 raw)
2026-04-01 09:17:40,300 [pagesjaunes_v2] INFO: PJ: orthophoniste in marseille-13...
2026-04-01 09:17:40,557 [pagesjaunes_v2] INFO:   => 58 records for chirurgien-dentiste/roubaix-59100
2026-04-01 09:17:41,552 [pagesjaunes_v2] INFO:   PJ: orthophoniste/marseille-13 page 1: 20 new (20 raw)
2026-04-01 09:17:44,164 [pagesjaunes_v2] INFO: PJ: medecin-generaliste in roubaix-59100...
2026-04-01 09:17:44,203 [pagesjaunes_v2] WARNING: PJ 403 for medecin-generaliste/roubaix-59100 page 1
2026-04-01 09:17:44,770 [pagesjaunes_v2] WARNING: PJ 403 for orthophoniste/marseille-13 page 2
2026-04-01 09:17:44,770 [pagesjaunes_v2] INFO:   => 20 records for orthophoniste/marseille-13
2026-04-01 09:17:47,425 [doctolib] WARNING:   Failed at page 0, stopping
2026-04-01 09:17:47,425 [doctolib] INFO:   => 0 records for medecin-generaliste/marseille
2026-04-01 09:17:47,676 [pagesjaunes_v2] INFO: PJ: medecin-specialiste in roubaix-59100...
2026-04-01 09:17:48,734 [pagesjaunes_v2] INFO:   PJ: medecin-specialiste/roubaix-59100 page 1: 20 new (20 raw)
2026-04-01 09:17:50,159 [pagesjaunes_v2] INFO: PJ: sage-femme in marseille-13...
2026-04-01 09:17:51,564 [pagesjaunes_v2] INFO:   PJ: sage-femme/marseille-13 page 1: 20 new (20 raw)
2026-04-01 09:17:52,787 [pagesjaunes_v2] INFO:   PJ: medecin-specialiste/roubaix-59100 page 2: 20 new (20 raw)
2026-04-01 09:17:54,697 [doctolib] INFO: Scraping 'radiologue' in marseille...
2026-04-01 09:17:54,872 [doctolib] WARNING: Rate limited (429) for radiologue/marseille page 0, waiting 68s (attempt 1/3)
2026-04-01 09:17:55,259 [pagesjaunes_v2] WARNING: PJ 403 for sage-femme/marseille-13 page 2
2026-04-01 09:17:55,259 [pagesjaunes_v2] INFO:   => 20 records for sage-femme/marseille-13
2026-04-01 09:17:56,358 [pagesjaunes_v2] INFO:   PJ: medecin-specialiste/roubaix-59100 page 3: 14 new (20 raw)
2026-04-01 09:17:59,680 [pagesjaunes_v2] INFO: === PJ V2 MARSEILLE: 431 results ===
2026-04-01 09:17:59,685 [pagesjaunes_v2] INFO: Pages Jaunes V2 total: 431 results
2026-04-01 09:18:01,800 [pagesjaunes_v2] INFO:   PJ: medecin-specialiste/roubaix-59100 page 4: 9 new (20 raw)
2026-04-01 09:18:04,576 [pagesjaunes_v2] WARNING: PJ 403 for medecin-specialiste/roubaix-59100 page 5
2026-04-01 09:18:04,576 [pagesjaunes_v2] INFO:   => 63 records for medecin-specialiste/roubaix-59100
2026-04-01 09:18:07,586 [pagesjaunes_v2] INFO: PJ: centre-de-sante in roubaix-59100...
2026-04-01 09:18:08,887 [pagesjaunes_v2] INFO:   PJ: centre-de-sante/roubaix-59100 page 1: 18 new (20 raw)
2026-04-01 09:18:13,814 [pagesjaunes_v2] INFO:   PJ: centre-de-sante/roubaix-59100 page 2: 12 new (20 raw)
2026-04-01 09:18:19,063 [pagesjaunes_v2] INFO:   PJ: centre-de-sante/roubaix-59100 page 3: 1 new (2 raw)
2026-04-01 09:18:19,063 [pagesjaunes_v2] INFO:   => 31 records for centre-de-sante/roubaix-59100
2026-04-01 09:18:24,830 [pagesjaunes_v2] INFO: PJ: maison-de-sante in roubaix-59100...
2026-04-01 09:18:28,413 [pagesjaunes_v2] INFO:   PJ: maison-de-sante/roubaix-59100 page 1: 19 new (20 raw)
2026-04-01 09:18:34,003 [pagesjaunes_v2] INFO:   PJ: maison-de-sante/roubaix-59100 page 2: 16 new (20 raw)
2026-04-01 09:18:38,246 [pagesjaunes_v2] INFO:   PJ: maison-de-sante/roubaix-59100 page 3: 15 new (20 raw)
2026-04-01 09:18:42,372 [pagesjaunes_v2] INFO:   PJ: maison-de-sante/roubaix-59100 page 4: 11 new (20 raw)
2026-04-01 09:18:45,491 [pagesjaunes_v2] WARNING: PJ 403 for maison-de-sante/roubaix-59100 page 5
2026-04-01 09:18:45,491 [pagesjaunes_v2] INFO:   => 61 records for maison-de-sante/roubaix-59100
2026-04-01 09:18:49,730 [pagesjaunes_v2] INFO: PJ: radiologue in roubaix-59100...
2026-04-01 09:18:49,803 [pagesjaunes_v2] WARNING: PJ 403 for radiologue/roubaix-59100 page 1
2026-04-01 09:18:54,305 [pagesjaunes_v2] INFO: PJ: centre-d-imagerie-medicale in roubaix-59100...
2026-04-01 09:18:54,724 [pagesjaunes_v2] WARNING: PJ 403 for centre-d-imagerie-medicale/roubaix-59100 page 1
2026-04-01 09:18:58,554 [pagesjaunes_v2] INFO: PJ: kinesitherapeute in roubaix-59100...
2026-04-01 09:18:58,584 [pagesjaunes_v2] WARNING: PJ 403 for kinesitherapeute/roubaix-59100 page 1
2026-04-01 09:19:03,438 [doctolib] WARNING: Rate limited (429) for radiologue/marseille page 0, waiting 127s (attempt 2/3)
2026-04-01 09:19:04,468 [pagesjaunes_v2] INFO: PJ: ophtalmologue in roubaix-59100...
2026-04-01 09:19:05,445 [pagesjaunes_v2] INFO:   PJ: ophtalmologue/roubaix-59100 page 1: 10 new (10 raw)
2026-04-01 09:19:05,446 [pagesjaunes_v2] INFO:   => 10 records for ophtalmologue/roubaix-59100
2026-04-01 09:19:08,561 [pagesjaunes_v2] INFO: PJ: dermatologue in roubaix-59100...
2026-04-01 09:19:09,194 [pagesjaunes_v2] INFO:   PJ: dermatologue/roubaix-59100 page 1: 2 new (2 raw)
2026-04-01 09:19:09,195 [pagesjaunes_v2] INFO:   => 2 records for dermatologue/roubaix-59100
2026-04-01 09:19:13,697 [pagesjaunes_v2] INFO: PJ: cardiologue in roubaix-59100...
2026-04-01 09:19:14,881 [pagesjaunes_v2] INFO:   PJ: cardiologue/roubaix-59100 page 1: 19 new (20 raw)
2026-04-01 09:19:19,925 [pagesjaunes_v2] INFO:   PJ: cardiologue/roubaix-59100 page 2: 12 new (20 raw)
2026-04-01 09:19:23,911 [pagesjaunes_v2] INFO:   PJ: cardiologue/roubaix-59100 page 3: 10 new (17 raw)
2026-04-01 09:19:27,821 [doctolib] WARNING: Rate limited (429) for centre-de-sante/paris page 0, waiting 250s (attempt 2/3)
2026-04-01 09:19:28,323 [pagesjaunes_v2] WARNING: PJ 403 for cardiologue/roubaix-59100 page 4
2026-04-01 09:19:28,323 [pagesjaunes_v2] INFO:   => 41 records for cardiologue/roubaix-59100
2026-04-01 09:19:33,790 [pagesjaunes_v2] INFO: PJ: gynecologue in roubaix-59100...
2026-04-01 09:19:35,286 [pagesjaunes_v2] INFO:   PJ: gynecologue/roubaix-59100 page 1: 2 new (2 raw)
2026-04-01 09:19:35,286 [pagesjaunes_v2] INFO:   => 2 records for gynecologue/roubaix-59100
2026-04-01 09:19:40,821 [pagesjaunes_v2] INFO: PJ: medecine-du-travail in roubaix-59100...
2026-04-01 09:19:41,537 [pagesjaunes_v2] INFO:   PJ: medecine-du-travail/roubaix-59100 page 1: 15 new (16 raw)
2026-04-01 09:19:44,616 [pagesjaunes_v2] INFO:   => 15 records for medecine-du-travail/roubaix-59100
2026-04-01 09:19:48,004 [pagesjaunes_v2] INFO: PJ: centre-de-dialyse in roubaix-59100...
2026-04-01 09:19:48,899 [pagesjaunes_v2] INFO:   PJ: centre-de-dialyse/roubaix-59100 page 1: 2 new (2 raw)
2026-04-01 09:19:48,899 [pagesjaunes_v2] INFO:   => 2 records for centre-de-dialyse/roubaix-59100
2026-04-01 09:19:51,984 [pagesjaunes_v2] INFO: PJ: infirmier in roubaix-59100...
2026-04-01 09:19:52,147 [pagesjaunes_v2] WARNING: PJ 403 for infirmier/roubaix-59100 page 1
2026-04-01 09:19:57,297 [pagesjaunes_v2] INFO: PJ: orthophoniste in roubaix-59100...
2026-04-01 09:19:58,141 [pagesjaunes_v2] INFO:   PJ: orthophoniste/roubaix-59100 page 1: 20 new (20 raw)
2026-04-01 09:20:01,913 [pagesjaunes_v2] INFO:   PJ: orthophoniste/roubaix-59100 page 2: 15 new (20 raw)
2026-04-01 09:20:06,044 [pagesjaunes_v2] INFO:   PJ: orthophoniste/roubaix-59100 page 3: 14 new (20 raw)
2026-04-01 09:20:10,147 [pagesjaunes_v2] INFO:   PJ: orthophoniste/roubaix-59100 page 4: 11 new (20 raw)
2026-04-01 09:20:13,726 [pagesjaunes_v2] INFO:   PJ: orthophoniste/roubaix-59100 page 5: 16 new (20 raw)
2026-04-01 09:20:19,108 [pagesjaunes_v2] INFO:   PJ: orthophoniste/roubaix-59100 page 6: 5 new (7 raw)
2026-04-01 09:20:19,108 [pagesjaunes_v2] INFO:   => 81 records for orthophoniste/roubaix-59100
2026-04-01 09:20:24,088 [pagesjaunes_v2] INFO: PJ: sage-femme in roubaix-59100...
2026-04-01 09:20:24,972 [pagesjaunes_v2] INFO:   PJ: sage-femme/roubaix-59100 page 1: 11 new (11 raw)
2026-04-01 09:20:24,972 [pagesjaunes_v2] INFO:   => 11 records for sage-femme/roubaix-59100
2026-04-01 09:20:28,078 [pagesjaunes_v2] INFO: PJ: laboratoire-d-analyses-medicales in tourcoing-59200...
2026-04-01 09:20:29,010 [pagesjaunes_v2] INFO:   PJ: laboratoire-d-analyses-medicales/tourcoing-59200 page 1: 4 new (5 raw)
2026-04-01 09:20:29,010 [pagesjaunes_v2] INFO:   => 4 records for laboratoire-d-analyses-medicales/tourcoing-59200
2026-04-01 09:20:34,927 [pagesjaunes_v2] INFO: PJ: hopital in tourcoing-59200...
2026-04-01 09:20:34,971 [pagesjaunes_v2] WARNING: PJ 403 for hopital/tourcoing-59200 page 1
2026-04-01 09:20:40,151 [pagesjaunes_v2] INFO: PJ: clinique in tourcoing-59200...
2026-04-01 09:20:40,949 [pagesjaunes_v2] INFO:   PJ: clinique/tourcoing-59200 page 1: 17 new (17 raw)
2026-04-01 09:20:44,396 [pagesjaunes_v2] WARNING: PJ 403 for clinique/tourcoing-59200 page 2
2026-04-01 09:20:44,397 [pagesjaunes_v2] INFO:   => 17 records for clinique/tourcoing-59200
2026-04-01 09:20:47,935 [pagesjaunes_v2] INFO: PJ: dentiste in tourcoing-59200...
2026-04-01 09:20:48,871 [pagesjaunes_v2] INFO:   PJ: dentiste/tourcoing-59200 page 1: 20 new (20 raw)
2026-04-01 09:20:53,395 [pagesjaunes_v2] INFO:   PJ: dentiste/tourcoing-59200 page 2: 16 new (20 raw)
2026-04-01 09:20:58,468 [pagesjaunes_v2] INFO:   PJ: dentiste/tourcoing-59200 page 3: 11 new (20 raw)
2026-04-01 09:21:02,144 [pagesjaunes_v2] INFO:   PJ: dentiste/tourcoing-59200 page 4: 3 new (5 raw)
2026-04-01 09:21:02,144 [pagesjaunes_v2] INFO:   => 50 records for dentiste/tourcoing-59200
2026-04-01 09:21:06,053 [pagesjaunes_v2] INFO: PJ: chirurgien-dentiste in tourcoing-59200...
2026-04-01 09:21:06,093 [pagesjaunes_v2] WARNING: PJ 403 for chirurgien-dentiste/tourcoing-59200 page 1
2026-04-01 09:21:09,245 [pagesjaunes_v2] INFO: PJ: medecin-generaliste in tourcoing-59200...
2026-04-01 09:21:10,197 [pagesjaunes_v2] INFO:   PJ: medecin-generaliste/tourcoing-59200 page 1: 20 new (20 raw)
2026-04-01 09:21:11,076 [doctolib] WARNING: Rate limited (429) for radiologue/marseille page 0, waiting 194s (attempt 3/3)
2026-04-01 09:21:15,282 [pagesjaunes_v2] INFO:   PJ: medecin-generaliste/tourcoing-59200 page 2: 16 new (20 raw)
2026-04-01 09:21:20,170 [pagesjaunes_v2] WARNING: PJ 403 for medecin-generaliste/tourcoing-59200 page 3
2026-04-01 09:21:20,170 [pagesjaunes_v2] INFO:   => 36 records for medecin-generaliste/tourcoing-59200
2026-04-01 09:21:24,906 [pagesjaunes_v2] INFO: PJ: medecin-specialiste in tourcoing-59200...
2026-04-01 09:21:25,453 [pagesjaunes_v2] WARNING: PJ 403 for medecin-specialiste/tourcoing-59200 page 1
2026-04-01 09:21:29,489 [pagesjaunes_v2] INFO: PJ: centre-de-sante in tourcoing-59200...
2026-04-01 09:21:30,681 [pagesjaunes_v2] INFO:   PJ: centre-de-sante/tourcoing-59200 page 1: 19 new (20 raw)
2026-04-01 09:21:35,375 [pagesjaunes_v2] INFO:   PJ: centre-de-sante/tourcoing-59200 page 2: 0 new (1 raw)
2026-04-01 09:21:35,376 [pagesjaunes_v2] INFO:   => 19 records for centre-de-sante/tourcoing-59200
2026-04-01 09:21:38,479 [pagesjaunes_v2] INFO: PJ: maison-de-sante in tourcoing-59200...
2026-04-01 09:21:38,517 [pagesjaunes_v2] WARNING: PJ 403 for maison-de-sante/tourcoing-59200 page 1
2026-04-01 09:21:42,523 [pagesjaunes_v2] INFO: PJ: radiologue in tourcoing-59200...
2026-04-01 09:21:43,509 [pagesjaunes_v2] INFO:   PJ: radiologue/tourcoing-59200 page 1: 7 new (7 raw)
2026-04-01 09:21:43,509 [pagesjaunes_v2] INFO:   => 7 records for radiologue/tourcoing-59200
2026-04-01 09:21:47,535 [pagesjaunes_v2] INFO: PJ: centre-d-imagerie-medicale in tourcoing-59200...
2026-04-01 09:21:48,216 [pagesjaunes_v2] INFO:   PJ: centre-d-imagerie-medicale/tourcoing-59200 page 1: 7 new (7 raw)
2026-04-01 09:21:48,217 [pagesjaunes_v2] INFO:   => 7 records for centre-d-imagerie-medicale/tourcoing-59200
2026-04-01 09:21:52,734 [pagesjaunes_v2] INFO: PJ: kinesitherapeute in tourcoing-59200...
2026-04-01 09:21:53,833 [pagesjaunes_v2] INFO:   PJ: kinesitherapeute/tourcoing-59200 page 1: 20 new (20 raw)
2026-04-01 09:21:57,724 [pagesjaunes_v2] INFO:   PJ: kinesitherapeute/tourcoing-59200 page 2: 17 new (20 raw)
2026-04-01 09:22:00,814 [pagesjaunes_v2] WARNING: PJ 403 for kinesitherapeute/tourcoing-59200 page 3
2026-04-01 09:22:00,815 [pagesjaunes_v2] INFO:   => 37 records for kinesitherapeute/tourcoing-59200
2026-04-01 09:22:04,353 [pagesjaunes_v2] INFO: PJ: ophtalmologue in tourcoing-59200...
2026-04-01 09:22:04,386 [pagesjaunes_v2] WARNING: PJ 403 for ophtalmologue/tourcoing-59200 page 1
2026-04-01 09:22:08,593 [pagesjaunes_v2] INFO: PJ: dermatologue in tourcoing-59200...
2026-04-01 09:22:08,624 [pagesjaunes_v2] WARNING: PJ 403 for dermatologue/tourcoing-59200 page 1
2026-04-01 09:22:14,600 [pagesjaunes_v2] INFO: PJ: cardiologue in tourcoing-59200...
2026-04-01 09:22:15,363 [pagesjaunes_v2] INFO:   PJ: cardiologue/tourcoing-59200 page 1: 19 new (20 raw)
2026-04-01 09:22:20,583 [pagesjaunes_v2] INFO:   PJ: cardiologue/tourcoing-59200 page 2: 17 new (20 raw)
2026-04-01 09:22:23,195 [pagesjaunes_v2] WARNING: PJ 403 for cardiologue/tourcoing-59200 page 3
2026-04-01 09:22:23,195 [pagesjaunes_v2] INFO:   => 36 records for cardiologue/tourcoing-59200
2026-04-01 09:22:27,763 [pagesjaunes_v2] INFO: PJ: gynecologue in tourcoing-59200...
2026-04-01 09:22:28,770 [pagesjaunes_v2] INFO:   PJ: gynecologue/tourcoing-59200 page 1: 6 new (7 raw)
2026-04-01 09:22:28,770 [pagesjaunes_v2] INFO:   => 6 records for gynecologue/tourcoing-59200
2026-04-01 09:22:34,534 [pagesjaunes_v2] INFO: PJ: medecine-du-travail in tourcoing-59200...
2026-04-01 09:22:35,236 [pagesjaunes_v2] INFO:   PJ: medecine-du-travail/tourcoing-59200 page 1: 16 new (16 raw)
2026-04-01 09:22:39,876 [pagesjaunes_v2] WARNING: PJ 403 for medecine-du-travail/tourcoing-59200 page 2
2026-04-01 09:22:39,876 [pagesjaunes_v2] INFO:   => 16 records for medecine-du-travail/tourcoing-59200
2026-04-01 09:22:44,161 [pagesjaunes_v2] INFO: PJ: centre-de-dialyse in tourcoing-59200...
2026-04-01 09:22:45,610 [pagesjaunes_v2] INFO:   PJ: centre-de-dialyse/tourcoing-59200 page 1: 4 new (4 raw)
2026-04-01 09:22:45,611 [pagesjaunes_v2] INFO:   => 4 records for centre-de-dialyse/tourcoing-59200
2026-04-01 09:22:49,724 [pagesjaunes_v2] INFO: PJ: infirmier in tourcoing-59200...
2026-04-01 09:22:49,760 [pagesjaunes_v2] WARNING: PJ 403 for infirmier/tourcoing-59200 page 1
2026-04-01 09:22:53,229 [pagesjaunes_v2] INFO: PJ: orthophoniste in tourcoing-59200...
2026-04-01 09:22:54,090 [pagesjaunes_v2] INFO:   PJ: orthophoniste/tourcoing-59200 page 1: 20 new (20 raw)
2026-04-01 09:22:59,860 [pagesjaunes_v2] INFO:   PJ: orthophoniste/tourcoing-59200 page 2: 15 new (20 raw)
2026-04-01 09:23:04,179 [pagesjaunes_v2] INFO:   PJ: orthophoniste/tourcoing-59200 page 3: 16 new (20 raw)
2026-04-01 09:23:07,471 [pagesjaunes_v2] WARNING: PJ 403 for orthophoniste/tourcoing-59200 page 4
2026-04-01 09:23:07,471 [pagesjaunes_v2] INFO:   => 51 records for orthophoniste/tourcoing-59200
2026-04-01 09:23:11,203 [pagesjaunes_v2] INFO: PJ: sage-femme in tourcoing-59200...
2026-04-01 09:23:11,932 [pagesjaunes_v2] INFO:   PJ: sage-femme/tourcoing-59200 page 1: 16 new (17 raw)
2026-04-01 09:23:16,175 [pagesjaunes_v2] WARNING: PJ 403 for sage-femme/tourcoing-59200 page 2
2026-04-01 09:23:16,176 [pagesjaunes_v2] INFO:   => 16 records for sage-femme/tourcoing-59200
2026-04-01 09:23:21,811 [pagesjaunes_v2] INFO: === PJ V2 LILLE: 941 results ===
2026-04-01 09:23:21,824 [pagesjaunes_v2] INFO: Pages Jaunes V2 total: 941 results
2026-04-01 09:23:38,303 [doctolib] WARNING: Rate limited (429) for centre-de-sante/paris page 0, waiting 370s (attempt 3/3)
2026-04-01 09:23:59,831 [merge_export] INFO: === Starting merge and export ===
2026-04-01 09:23:59,837 [merge_export] INFO: Skipping ameli.json (empty or not a list)
2026-04-01 09:24:00,230 [merge_export] INFO: Loaded 91334 from annuaire_sante_all.json
2026-04-01 09:24:00,476 [merge_export] INFO: Loaded 65608 from api_entreprises.json
2026-04-01 09:24:00,478 [merge_export] INFO: Skipping doctolib.json (empty or not a list)
2026-04-01 09:24:00,486 [merge_export] INFO: Loaded 1080 from doctolib_lille.json
2026-04-01 09:24:00,487 [merge_export] INFO: Loaded 123 from doctolib_marseille.json
2026-04-01 09:24:00,506 [merge_export] INFO: Loaded 2723 from doctolib_paris.json
2026-04-01 09:24:00,536 [merge_export] INFO: Loaded 10648 from finess.json
2026-04-01 09:24:00,541 [merge_export] INFO: Loaded 1757 from osm.json
2026-04-01 09:24:00,541 [merge_export] INFO: Skipping pagesjaunes_lille.json (empty or not a list)
2026-04-01 09:24:00,541 [merge_export] INFO: Skipping pagesjaunes_marseille.json (empty or not a list)
2026-04-01 09:24:00,541 [merge_export] INFO: Skipping pagesjaunes_paris.json (empty or not a list)
2026-04-01 09:24:00,544 [merge_export] INFO: Loaded 941 from pagesjaunes_v2_lille.json
2026-04-01 09:24:00,545 [merge_export] INFO: Loaded 431 from pagesjaunes_v2_marseille.json
2026-04-01 09:24:00,546 [merge_export] INFO: Loaded 311 from pagesjaunes_v2_paris.json
2026-04-01 09:24:00,546 [merge_export] INFO: Total raw records from all sources: 174956
2026-04-01 09:24:25,115 [doctolib] WARNING:   Failed at page 0, stopping
2026-04-01 09:24:25,115 [doctolib] INFO:   => 0 records for radiologue/marseille
2026-04-01 09:24:31,986 [doctolib] INFO: Scraping 'masseur-kinesitherapeute' in marseille...
2026-04-01 09:24:32,153 [doctolib] WARNING: Rate limited (429) for masseur-kinesitherapeute/marseille page 0, waiting 65s (attempt 1/3)
2026-04-01 09:24:51,136 [merge_export] INFO: After deduplication: 109610 unique records (from 174956 raw)
2026-04-01 09:24:51,198 [merge_export] INFO: Attempting SIRET enrichment for 2000 records...
2026-04-01 09:25:38,211 [doctolib] WARNING: Rate limited (429) for masseur-kinesitherapeute/marseille page 0, waiting 127s (attempt 2/3)
2026-04-01 09:27:46,445 [doctolib] WARNING: Rate limited (429) for masseur-kinesitherapeute/marseille page 0, waiting 185s (attempt 3/3)
2026-04-01 09:32:09,503 [merge_export] INFO: SIRET enrichment: 129 records enriched
2026-04-01 09:32:18,980 [merge_export] INFO: Exporting 109610 records to /home/user/Website01/structures-medicales.xlsx
2026-04-01 12:20:57,461 [merge_export] INFO: === Starting merge and export ===
2026-04-01 12:20:57,649 [merge_export] INFO: Skipping ameli.json (empty or not a list)
2026-04-01 12:21:01,754 [merge_export] INFO: Loaded 91334 from annuaire_sante_all.json
2026-04-01 12:21:04,189 [merge_export] INFO: Loaded 65608 from api_entreprises.json
2026-04-01 12:21:04,196 [merge_export] INFO: Skipping doctolib.json (empty or not a list)
2026-04-01 12:21:04,208 [merge_export] INFO: Loaded 1080 from doctolib_lille.json
2026-04-01 12:21:04,297 [merge_export] INFO: Loaded 123 from doctolib_marseille.json
2026-04-01 12:21:04,382 [merge_export] INFO: Loaded 2723 from doctolib_paris.json
2026-04-01 12:21:04,455 [merge_export] INFO: Loaded 10648 from finess.json
2026-04-01 12:21:04,545 [merge_export] INFO: Loaded 1757 from osm.json
2026-04-01 12:21:04,546 [merge_export] INFO: Skipping pagesjaunes_lille.json (empty or not a list)
2026-04-01 12:21:04,547 [merge_export] INFO: Skipping pagesjaunes_marseille.json (empty or not a list)
2026-04-01 12:21:04,548 [merge_export] INFO: Skipping pagesjaunes_paris.json (empty or not a list)
2026-04-01 12:21:04,556 [merge_export] INFO: Loaded 941 from pagesjaunes_v2_lille.json
2026-04-01 12:21:04,651 [merge_export] INFO: Loaded 431 from pagesjaunes_v2_marseille.json
2026-04-01 12:21:04,653 [merge_export] INFO: Loaded 311 from pagesjaunes_v2_paris.json
2026-04-01 12:21:04,653 [merge_export] INFO: Total raw records from all sources: 174956
2026-04-01 12:22:22,738 [merge_export] INFO: After deduplication: 109610 unique records (from 174956 raw)
2026-04-01 12:22:22,812 [merge_export] INFO: Skipping SIRET enrichment (--skip-enrich)
2026-04-01 12:22:39,160 [merge_export] INFO: Quality filter (SIRET + phone required): 7555 from 109610
2026-04-01 12:22:39,161 [merge_export] INFO: Exporting 7555 records to /home/user/Website01/structures-medicales.xlsx
2026-04-01 12:22:40,256 [merge_export] INFO:   Sheet 'Toutes les structures': 7555 rows
2026-04-01 12:22:40,621 [merge_export] INFO:   Sheet 'Paris': 2455 rows
2026-04-01 12:22:40,867 [merge_export] INFO:   Sheet 'Marseille': 2303 rows
2026-04-01 12:22:41,215 [merge_export] INFO:   Sheet 'Lille': 2797 rows
2026-04-01 12:22:41,783 [merge_export] INFO: Excel file saved: /home/user/Website01/structures-medicales.xlsx
2026-04-01 12:22:41,811 [merge_export] INFO: === Merge and export complete ===
2026-04-01 12:27:27,121 [pagesjaunes_v2] INFO: === Pages Jaunes V2: Starting PARIS ===
2026-04-01 12:27:27,121 [pagesjaunes_v2] INFO: PJ: laboratoire-d-analyses-medicales in paris-75...
2026-04-01 12:27:27,198 [pagesjaunes_v2] WARNING: PJ 403 for laboratoire-d-analyses-medicales/paris-75 page 1
2026-04-01 12:27:31,506 [pagesjaunes_v2] INFO: PJ: hopital in paris-75...
2026-04-01 12:27:32,411 [pagesjaunes_v2] INFO:   PJ: hopital/paris-75 page 1: 19 new (20 raw)
2026-04-01 12:27:33,543 [pagesjaunes_v2] INFO: === Pages Jaunes V2: Starting MARSEILLE ===
2026-04-01 12:27:33,543 [pagesjaunes_v2] INFO: PJ: laboratoire-d-analyses-medicales in marseille-13...
2026-04-01 12:27:33,623 [pagesjaunes_v2] WARNING: PJ 403 for laboratoire-d-analyses-medicales/marseille-13 page 1
2026-04-01 12:27:36,974 [pagesjaunes_v2] INFO: PJ: hopital in marseille-13...
2026-04-01 12:27:37,345 [pagesjaunes_v2] WARNING: PJ 403 for hopital/paris-75 page 2
2026-04-01 12:27:37,346 [pagesjaunes_v2] INFO:   => 19 records for hopital/paris-75
2026-04-01 12:27:38,191 [pagesjaunes_v2] INFO:   PJ: hopital/marseille-13 page 1: 20 new (20 raw)
2026-04-01 12:27:39,347 [pagesjaunes_v2] INFO: === Pages Jaunes V2: Starting LILLE ===
2026-04-01 12:27:39,347 [pagesjaunes_v2] INFO: PJ: laboratoire-d-analyses-medicales in lille-59...
2026-04-01 12:27:39,431 [pagesjaunes_v2] WARNING: PJ 403 for laboratoire-d-analyses-medicales/lille-59 page 1
2026-04-01 12:27:41,801 [pagesjaunes_v2] INFO:   PJ: hopital/marseille-13 page 2: 14 new (20 raw)
2026-04-01 12:27:42,196 [pagesjaunes_v2] INFO: PJ: clinique in paris-75...
2026-04-01 12:27:42,235 [pagesjaunes_v2] WARNING: PJ 403 for clinique/paris-75 page 1
2026-04-01 12:27:43,650 [pagesjaunes_v2] INFO: PJ: hopital in lille-59...
2026-04-01 12:27:44,873 [pagesjaunes_v2] INFO:   PJ: hopital/lille-59 page 1: 20 new (20 raw)
2026-04-01 12:27:45,145 [pagesjaunes_v2] WARNING: PJ 403 for hopital/marseille-13 page 3
2026-04-01 12:27:45,146 [pagesjaunes_v2] INFO:   => 34 records for hopital/marseille-13
2026-04-01 12:27:46,413 [pagesjaunes_v2] INFO: PJ: dentiste in paris-75...
2026-04-01 12:27:47,854 [pagesjaunes_v2] INFO:   PJ: dentiste/paris-75 page 1: 20 new (20 raw)
2026-04-01 12:27:48,550 [pagesjaunes_v2] INFO:   PJ: hopital/lille-59 page 2: 16 new (20 raw)
2026-04-01 12:27:50,662 [pagesjaunes_v2] INFO: PJ: clinique in marseille-13...
2026-04-01 12:27:51,625 [pagesjaunes_v2] INFO:   PJ: clinique/marseille-13 page 1: 20 new (20 raw)
2026-04-01 12:27:52,830 [pagesjaunes_v2] INFO:   PJ: dentiste/paris-75 page 2: 16 new (20 raw)
2026-04-01 12:27:54,230 [pagesjaunes_v2] WARNING: PJ 403 for clinique/marseille-13 page 2
2026-04-01 12:27:54,231 [pagesjaunes_v2] INFO:   => 20 records for clinique/marseille-13
2026-04-01 12:27:54,277 [pagesjaunes_v2] INFO:   PJ: hopital/lille-59 page 3: 13 new (20 raw)
2026-04-01 12:27:55,786 [pagesjaunes_v2] WARNING: PJ 403 for dentiste/paris-75 page 3
2026-04-01 12:27:55,786 [pagesjaunes_v2] INFO:   => 36 records for dentiste/paris-75
2026-04-01 12:27:58,497 [pagesjaunes_v2] INFO:   PJ: hopital/lille-59 page 4: 17 new (20 raw)
2026-04-01 12:27:59,739 [pagesjaunes_v2] INFO: PJ: dentiste in marseille-13...
2026-04-01 12:28:00,353 [pagesjaunes_v2] INFO: PJ: chirurgien-dentiste in paris-75...
2026-04-01 12:28:00,388 [pagesjaunes_v2] WARNING: PJ 403 for chirurgien-dentiste/paris-75 page 1
2026-04-01 12:28:01,425 [pagesjaunes_v2] INFO:   PJ: dentiste/marseille-13 page 1: 20 new (20 raw)
2026-04-01 12:28:03,151 [pagesjaunes_v2] INFO:   PJ: hopital/lille-59 page 5: 15 new (20 raw)
2026-04-01 12:28:05,367 [pagesjaunes_v2] INFO: PJ: medecin-generaliste in paris-75...
2026-04-01 12:28:05,467 [pagesjaunes_v2] WARNING: PJ 403 for medecin-generaliste/paris-75 page 1
2026-04-01 12:28:06,420 [pagesjaunes_v2] WARNING: PJ 403 for dentiste/marseille-13 page 2
2026-04-01 12:28:06,420 [pagesjaunes_v2] INFO:   => 20 records for dentiste/marseille-13
2026-04-01 12:28:07,137 [pagesjaunes_v2] INFO:   PJ: hopital/lille-59 page 6: 17 new (20 raw)
2026-04-01 12:28:10,416 [pagesjaunes_v2] INFO: PJ: medecin-specialiste in paris-75...
2026-04-01 12:28:10,663 [pagesjaunes_v2] INFO: PJ: chirurgien-dentiste in marseille-13...
2026-04-01 12:28:10,762 [pagesjaunes_v2] WARNING: PJ 403 for medecin-specialiste/paris-75 page 1
2026-04-01 12:28:11,962 [pagesjaunes_v2] WARNING: PJ 403 for hopital/lille-59 page 7
2026-04-01 12:28:11,962 [pagesjaunes_v2] INFO:   => 98 records for hopital/lille-59
2026-04-01 12:28:12,393 [pagesjaunes_v2] INFO:   PJ: chirurgien-dentiste/marseille-13 page 1: 20 new (20 raw)
2026-04-01 12:28:14,085 [pagesjaunes_v2] INFO: PJ: centre-de-sante in paris-75...
2026-04-01 12:28:15,603 [pagesjaunes_v2] INFO: PJ: clinique in lille-59...
2026-04-01 12:28:15,634 [pagesjaunes_v2] INFO:   PJ: centre-de-sante/paris-75 page 1: 20 new (20 raw)
2026-04-01 12:28:15,636 [pagesjaunes_v2] WARNING: PJ 403 for clinique/lille-59 page 1
2026-04-01 12:28:16,427 [pagesjaunes_v2] WARNING: PJ 403 for chirurgien-dentiste/marseille-13 page 2
2026-04-01 12:28:16,427 [pagesjaunes_v2] INFO:   => 20 records for chirurgien-dentiste/marseille-13
2026-04-01 12:28:20,559 [pagesjaunes_v2] INFO: PJ: dentiste in lille-59...
2026-04-01 12:28:20,633 [pagesjaunes_v2] WARNING: PJ 403 for dentiste/lille-59 page 1
2026-04-01 12:28:20,794 [pagesjaunes_v2] INFO:   PJ: centre-de-sante/paris-75 page 2: 18 new (20 raw)
2026-04-01 12:28:20,839 [pagesjaunes_v2] INFO: PJ: medecin-generaliste in marseille-13...
2026-04-01 12:28:22,067 [pagesjaunes_v2] INFO:   PJ: medecin-generaliste/marseille-13 page 1: 20 new (20 raw)
2026-04-01 12:28:23,732 [pagesjaunes_v2] WARNING: PJ 403 for centre-de-sante/paris-75 page 3
2026-04-01 12:28:23,732 [pagesjaunes_v2] INFO:   => 38 records for centre-de-sante/paris-75
2026-04-01 12:28:23,821 [pagesjaunes_v2] INFO: PJ: chirurgien-dentiste in lille-59...
2026-04-01 12:28:25,369 [pagesjaunes_v2] INFO:   PJ: chirurgien-dentiste/lille-59 page 1: 20 new (20 raw)
2026-04-01 12:28:25,592 [pagesjaunes_v2] INFO:   PJ: medecin-generaliste/marseille-13 page 2: 17 new (20 raw)
2026-04-01 12:28:29,333 [pagesjaunes_v2] INFO: PJ: maison-de-sante in paris-75...
2026-04-01 12:28:29,403 [pagesjaunes_v2] WARNING: PJ 403 for maison-de-sante/paris-75 page 1
2026-04-01 12:28:29,541 [pagesjaunes_v2] INFO:   PJ: medecin-generaliste/marseille-13 page 3: 15 new (20 raw)
2026-04-01 12:28:30,829 [pagesjaunes_v2] INFO:   PJ: chirurgien-dentiste/lille-59 page 2: 19 new (20 raw)
2026-04-01 12:28:33,293 [pagesjaunes_v2] INFO:   PJ: medecin-generaliste/marseille-13 page 4: 15 new (20 raw)
2026-04-01 12:28:33,372 [pagesjaunes_v2] INFO: PJ: radiologue in paris-75...
2026-04-01 12:28:34,566 [pagesjaunes_v2] INFO:   PJ: radiologue/paris-75 page 1: 20 new (20 raw)
2026-04-01 12:28:34,737 [pagesjaunes_v2] INFO:   PJ: chirurgien-dentiste/lille-59 page 3: 15 new (20 raw)
2026-04-01 12:28:37,849 [pagesjaunes_v2] WARNING: PJ 403 for chirurgien-dentiste/lille-59 page 4
2026-04-01 12:28:37,849 [pagesjaunes_v2] INFO:   => 54 records for chirurgien-dentiste/lille-59
2026-04-01 12:28:38,472 [pagesjaunes_v2] INFO:   PJ: radiologue/paris-75 page 2: 13 new (20 raw)
2026-04-01 12:28:38,549 [pagesjaunes_v2] INFO:   PJ: medecin-generaliste/marseille-13 page 5: 18 new (20 raw)
2026-04-01 12:28:43,150 [pagesjaunes_v2] INFO: PJ: medecin-generaliste in lille-59...
2026-04-01 12:28:43,452 [pagesjaunes_v2] WARNING: PJ 403 for medecin-generaliste/marseille-13 page 6
2026-04-01 12:28:43,452 [pagesjaunes_v2] INFO:   => 85 records for medecin-generaliste/marseille-13
2026-04-01 12:28:43,899 [pagesjaunes_v2] INFO:   PJ: radiologue/paris-75 page 3: 17 new (20 raw)
2026-04-01 12:28:44,662 [pagesjaunes_v2] INFO:   PJ: medecin-generaliste/lille-59 page 1: 20 new (20 raw)
2026-04-01 12:28:48,671 [pagesjaunes_v2] INFO:   PJ: radiologue/paris-75 page 4: 16 new (20 raw)
2026-04-01 12:28:49,088 [pagesjaunes_v2] INFO:   PJ: medecin-generaliste/lille-59 page 2: 14 new (20 raw)
2026-04-01 12:28:49,259 [pagesjaunes_v2] INFO: PJ: medecin-specialiste in marseille-13...
2026-04-01 12:28:51,330 [pagesjaunes_v2] INFO:   PJ: medecin-specialiste/marseille-13 page 1: 20 new (20 raw)
2026-04-01 12:28:52,508 [pagesjaunes_v2] WARNING: PJ 403 for radiologue/paris-75 page 5
2026-04-01 12:28:52,508 [pagesjaunes_v2] INFO:   => 66 records for radiologue/paris-75
2026-04-01 12:28:52,600 [pagesjaunes_v2] WARNING: PJ 403 for medecin-generaliste/lille-59 page 3
2026-04-01 12:28:52,600 [pagesjaunes_v2] INFO:   => 34 records for medecin-generaliste/lille-59
2026-04-01 12:28:55,579 [pagesjaunes_v2] WARNING: PJ 403 for medecin-specialiste/marseille-13 page 2
2026-04-01 12:28:55,579 [pagesjaunes_v2] INFO:   => 20 records for medecin-specialiste/marseille-13
2026-04-01 12:28:56,401 [pagesjaunes_v2] INFO: PJ: medecin-specialiste in lille-59...
2026-04-01 12:28:56,442 [pagesjaunes_v2] WARNING: PJ 403 for medecin-specialiste/lille-59 page 1
2026-04-01 12:28:56,476 [pagesjaunes_v2] INFO: PJ: centre-d-imagerie-medicale in paris-75...
2026-04-01 12:28:57,193 [pagesjaunes_v2] WARNING: PJ 403 for centre-d-imagerie-medicale/paris-75 page 1
2026-04-01 12:28:59,987 [pagesjaunes_v2] INFO: PJ: centre-de-sante in lille-59...
2026-04-01 12:29:00,068 [pagesjaunes_v2] WARNING: PJ 403 for centre-de-sante/lille-59 page 1
2026-04-01 12:29:00,486 [pagesjaunes_v2] INFO: PJ: centre-de-sante in marseille-13...
2026-04-01 12:29:00,874 [pagesjaunes_v2] INFO: PJ: kinesitherapeute in paris-75...
2026-04-01 12:29:01,505 [pagesjaunes_v2] INFO:   PJ: centre-de-sante/marseille-13 page 1: 20 new (20 raw)
2026-04-01 12:29:02,278 [pagesjaunes_v2] INFO:   PJ: kinesitherapeute/paris-75 page 1: 20 new (20 raw)
2026-04-01 12:29:04,856 [pagesjaunes_v2] INFO: PJ: maison-de-sante in lille-59...
2026-04-01 12:29:04,897 [pagesjaunes_v2] WARNING: PJ 403 for maison-de-sante/lille-59 page 1
2026-04-01 12:29:05,532 [pagesjaunes_v2] WARNING: PJ 403 for centre-de-sante/marseille-13 page 2
2026-04-01 12:29:05,532 [pagesjaunes_v2] INFO:   => 20 records for centre-de-sante/marseille-13
2026-04-01 12:29:07,942 [pagesjaunes_v2] INFO:   PJ: kinesitherapeute/paris-75 page 2: 18 new (20 raw)
2026-04-01 12:29:09,960 [pagesjaunes_v2] INFO: PJ: radiologue in lille-59...
2026-04-01 12:29:10,038 [pagesjaunes_v2] WARNING: PJ 403 for radiologue/lille-59 page 1
2026-04-01 12:29:11,268 [pagesjaunes_v2] INFO: PJ: maison-de-sante in marseille-13...
2026-04-01 12:29:11,356 [pagesjaunes_v2] WARNING: PJ 403 for maison-de-sante/marseille-13 page 1
2026-04-01 12:29:13,924 [pagesjaunes_v2] INFO:   PJ: kinesitherapeute/paris-75 page 3: 16 new (20 raw)
2026-04-01 12:29:15,289 [pagesjaunes_v2] INFO: PJ: centre-d-imagerie-medicale in lille-59...
2026-04-01 12:29:15,660 [pagesjaunes_v2] INFO: PJ: radiologue in marseille-13...
2026-04-01 12:29:16,230 [pagesjaunes_v2] INFO:   PJ: centre-d-imagerie-medicale/lille-59 page 1: 19 new (20 raw)
2026-04-01 12:29:16,678 [pagesjaunes_v2] INFO:   PJ: radiologue/marseille-13 page 1: 19 new (20 raw)
2026-04-01 12:29:19,427 [pagesjaunes_v2] INFO:   PJ: kinesitherapeute/paris-75 page 4: 18 new (20 raw)
2026-04-01 12:29:19,911 [pagesjaunes_v2] WARNING: PJ 403 for radiologue/marseille-13 page 2
2026-04-01 12:29:19,911 [pagesjaunes_v2] INFO:   => 19 records for radiologue/marseille-13
2026-04-01 12:29:21,781 [pagesjaunes_v2] INFO:   PJ: centre-d-imagerie-medicale/lille-59 page 2: 15 new (20 raw)
2026-04-01 12:29:23,746 [pagesjaunes_v2] INFO:   PJ: kinesitherapeute/paris-75 page 5: 18 new (20 raw)
2026-04-01 12:29:24,781 [pagesjaunes_v2] INFO:   => 34 records for centre-d-imagerie-medicale/lille-59
2026-04-01 12:29:25,069 [pagesjaunes_v2] INFO: PJ: centre-d-imagerie-medicale in marseille-13...
2026-04-01 12:29:25,948 [pagesjaunes_v2] INFO:   PJ: centre-d-imagerie-medicale/marseille-13 page 1: 20 new (20 raw)
2026-04-01 12:29:28,604 [pagesjaunes_v2] WARNING: PJ 403 for kinesitherapeute/paris-75 page 6
2026-04-01 12:29:28,605 [pagesjaunes_v2] INFO:   => 90 records for kinesitherapeute/paris-75
2026-04-01 12:29:29,261 [pagesjaunes_v2] INFO:   PJ: centre-d-imagerie-medicale/marseille-13 page 2: 13 new (20 raw)
2026-04-01 12:29:29,506 [pagesjaunes_v2] INFO: PJ: kinesitherapeute in lille-59...
2026-04-01 12:29:30,316 [pagesjaunes_v2] INFO:   PJ: kinesitherapeute/lille-59 page 1: 20 new (20 raw)
2026-04-01 12:29:33,726 [pagesjaunes_v2] INFO:   PJ: centre-d-imagerie-medicale/marseille-13 page 3: 13 new (20 raw)
2026-04-01 12:29:34,436 [pagesjaunes_v2] INFO: PJ: ophtalmologue in paris-75...
2026-04-01 12:29:35,554 [pagesjaunes_v2] INFO:   PJ: kinesitherapeute/lille-59 page 2: 17 new (20 raw)
2026-04-01 12:29:35,557 [pagesjaunes_v2] INFO:   PJ: ophtalmologue/paris-75 page 1: 20 new (20 raw)
2026-04-01 12:29:37,901 [pagesjaunes_v2] INFO:   PJ: centre-d-imagerie-medicale/marseille-13 page 4: 3 new (10 raw)
2026-04-01 12:29:37,901 [pagesjaunes_v2] INFO:   => 49 records for centre-d-imagerie-medicale/marseille-13
2026-04-01 12:29:38,557 [pagesjaunes_v2] WARNING: PJ 403 for kinesitherapeute/lille-59 page 3
2026-04-01 12:29:38,557 [pagesjaunes_v2] INFO:   => 37 records for kinesitherapeute/lille-59
2026-04-01 12:29:40,613 [pagesjaunes_v2] INFO:   PJ: ophtalmologue/paris-75 page 2: 18 new (20 raw)
2026-04-01 12:29:41,849 [pagesjaunes_v2] INFO: PJ: kinesitherapeute in marseille-13...
2026-04-01 12:29:41,918 [pagesjaunes_v2] WARNING: PJ 403 for kinesitherapeute/marseille-13 page 1
2026-04-01 12:29:42,883 [pagesjaunes_v2] INFO: PJ: ophtalmologue in lille-59...
2026-04-01 12:29:43,750 [pagesjaunes_v2] INFO:   PJ: ophtalmologue/lille-59 page 1: 20 new (20 raw)
2026-04-01 12:29:43,759 [pagesjaunes_v2] WARNING: PJ 403 for ophtalmologue/paris-75 page 3
2026-04-01 12:29:43,759 [pagesjaunes_v2] INFO:   => 38 records for ophtalmologue/paris-75
2026-04-01 12:29:45,262 [pagesjaunes_v2] INFO: PJ: ophtalmologue in marseille-13...
2026-04-01 12:29:45,694 [pagesjaunes_v2] WARNING: PJ 403 for ophtalmologue/marseille-13 page 1
2026-04-01 12:29:47,651 [pagesjaunes_v2] INFO:   PJ: ophtalmologue/lille-59 page 2: 14 new (20 raw)
2026-04-01 12:29:48,056 [pagesjaunes_v2] INFO: PJ: dermatologue in paris-75...
2026-04-01 12:29:49,075 [pagesjaunes_v2] INFO:   PJ: dermatologue/paris-75 page 1: 20 new (20 raw)
2026-04-01 12:29:49,500 [pagesjaunes_v2] INFO: PJ: dermatologue in marseille-13...
2026-04-01 12:29:49,572 [pagesjaunes_v2] WARNING: PJ 403 for dermatologue/marseille-13 page 1
2026-04-01 12:29:51,646 [pagesjaunes_v2] WARNING: PJ 403 for dermatologue/paris-75 page 2
2026-04-01 12:29:51,646 [pagesjaunes_v2] INFO:   => 20 records for dermatologue/paris-75
2026-04-01 12:29:52,817 [pagesjaunes_v2] INFO: PJ: cardiologue in marseille-13...
2026-04-01 12:29:52,860 [pagesjaunes_v2] WARNING: PJ 403 for cardiologue/marseille-13 page 1
2026-04-01 12:29:52,863 [pagesjaunes_v2] INFO:   PJ: ophtalmologue/lille-59 page 3: 14 new (20 raw)
2026-04-01 12:29:55,707 [pagesjaunes_v2] INFO: PJ: cardiologue in paris-75...
2026-04-01 12:29:57,037 [pagesjaunes_v2] INFO:   PJ: cardiologue/paris-75 page 1: 20 new (20 raw)
2026-04-01 12:29:57,545 [pagesjaunes_v2] INFO: PJ: gynecologue in marseille-13...
2026-04-01 12:29:58,174 [pagesjaunes_v2] INFO:   PJ: ophtalmologue/lille-59 page 4: 15 new (20 raw)
2026-04-01 12:29:58,929 [pagesjaunes_v2] INFO:   PJ: gynecologue/marseille-13 page 1: 20 new (20 raw)
2026-04-01 12:30:01,966 [pagesjaunes_v2] WARNING: PJ 403 for ophtalmologue/lille-59 page 5
2026-04-01 12:30:01,966 [pagesjaunes_v2] INFO:   => 63 records for ophtalmologue/lille-59
2026-04-01 12:30:02,063 [pagesjaunes_v2] INFO:   PJ: cardiologue/paris-75 page 2: 19 new (20 raw)
2026-04-01 12:30:03,869 [pagesjaunes_v2] INFO:   PJ: gynecologue/marseille-13 page 2: 16 new (20 raw)
2026-04-01 12:30:05,781 [pagesjaunes_v2] INFO:   PJ: cardiologue/paris-75 page 3: 14 new (20 raw)
2026-04-01 12:30:06,543 [pagesjaunes_v2] INFO: PJ: dermatologue in lille-59...
2026-04-01 12:30:06,703 [pagesjaunes_v2] WARNING: PJ 403 for gynecologue/marseille-13 page 3
2026-04-01 12:30:06,703 [pagesjaunes_v2] INFO:   => 36 records for gynecologue/marseille-13
2026-04-01 12:30:07,615 [pagesjaunes_v2] INFO:   PJ: dermatologue/lille-59 page 1: 14 new (14 raw)
2026-04-01 12:30:07,615 [pagesjaunes_v2] INFO:   => 14 records for dermatologue/lille-59
2026-04-01 12:30:09,960 [pagesjaunes_v2] INFO: PJ: medecine-du-travail in marseille-13...
2026-04-01 12:30:10,036 [pagesjaunes_v2] WARNING: PJ 403 for medecine-du-travail/marseille-13 page 1
2026-04-01 12:30:10,787 [pagesjaunes_v2] INFO:   PJ: cardiologue/paris-75 page 4: 18 new (20 raw)
2026-04-01 12:30:11,146 [pagesjaunes_v2] INFO: PJ: cardiologue in lille-59...
2026-04-01 12:30:11,190 [pagesjaunes_v2] WARNING: PJ 403 for cardiologue/lille-59 page 1
2026-04-01 12:30:15,868 [pagesjaunes_v2] INFO: PJ: centre-de-dialyse in marseille-13...
2026-04-01 12:30:16,279 [pagesjaunes_v2] INFO:   PJ: cardiologue/paris-75 page 5: 18 new (20 raw)
2026-04-01 12:30:16,891 [pagesjaunes_v2] INFO: PJ: gynecologue in lille-59...
2026-04-01 12:30:16,917 [pagesjaunes_v2] INFO:   PJ: centre-de-dialyse/marseille-13 page 1: 16 new (16 raw)
2026-04-01 12:30:16,932 [pagesjaunes_v2] WARNING: PJ 403 for gynecologue/lille-59 page 1
2026-04-01 12:30:20,535 [pagesjaunes_v2] WARNING: PJ 403 for centre-de-dialyse/marseille-13 page 2
2026-04-01 12:30:20,535 [pagesjaunes_v2] INFO:   => 16 records for centre-de-dialyse/marseille-13
2026-04-01 12:30:20,603 [pagesjaunes_v2] INFO:   PJ: cardiologue/paris-75 page 6: 12 new (20 raw)
2026-04-01 12:30:21,753 [pagesjaunes_v2] INFO: PJ: medecine-du-travail in lille-59...
2026-04-01 12:30:21,795 [pagesjaunes_v2] WARNING: PJ 403 for medecine-du-travail/lille-59 page 1
2026-04-01 12:30:23,619 [pagesjaunes_v2] INFO: PJ: infirmier in marseille-13...
2026-04-01 12:30:23,658 [pagesjaunes_v2] WARNING: PJ 403 for infirmier/marseille-13 page 1
2026-04-01 12:30:24,087 [pagesjaunes_v2] INFO:   PJ: cardiologue/paris-75 page 7: 14 new (20 raw)
2026-04-01 12:30:27,155 [pagesjaunes_v2] INFO: PJ: centre-de-dialyse in lille-59...
2026-04-01 12:30:27,395 [pagesjaunes_v2] WARNING: PJ 403 for centre-de-dialyse/lille-59 page 1
2026-04-01 12:30:28,349 [pagesjaunes_v2] WARNING: PJ 403 for cardiologue/paris-75 page 8
2026-04-01 12:30:28,349 [pagesjaunes_v2] INFO:   => 115 records for cardiologue/paris-75
2026-04-01 12:30:29,474 [pagesjaunes_v2] INFO: PJ: orthophoniste in marseille-13...
2026-04-01 12:30:30,324 [pagesjaunes_v2] INFO:   PJ: orthophoniste/marseille-13 page 1: 20 new (20 raw)
2026-04-01 12:30:32,032 [pagesjaunes_v2] INFO: PJ: gynecologue in paris-75...
2026-04-01 12:30:33,315 [pagesjaunes_v2] INFO: PJ: infirmier in lille-59...
2026-04-01 12:30:33,342 [pagesjaunes_v2] INFO:   PJ: gynecologue/paris-75 page 1: 20 new (20 raw)
2026-04-01 12:30:33,348 [pagesjaunes_v2] WARNING: PJ 403 for infirmier/lille-59 page 1
2026-04-01 12:30:34,513 [pagesjaunes_v2] INFO:   PJ: orthophoniste/marseille-13 page 2: 17 new (20 raw)
2026-04-01 12:30:37,331 [pagesjaunes_v2] WARNING: PJ 403 for gynecologue/paris-75 page 2
2026-04-01 12:30:37,331 [pagesjaunes_v2] INFO:   => 20 records for gynecologue/paris-75
2026-04-01 12:30:37,982 [pagesjaunes_v2] INFO:   PJ: orthophoniste/marseille-13 page 3: 10 new (20 raw)
2026-04-01 12:30:38,507 [pagesjaunes_v2] INFO: PJ: orthophoniste in lille-59...
2026-04-01 12:30:38,548 [pagesjaunes_v2] WARNING: PJ 403 for orthophoniste/lille-59 page 1
2026-04-01 12:30:42,338 [pagesjaunes_v2] INFO: PJ: medecine-du-travail in paris-75...
2026-04-01 12:30:42,361 [pagesjaunes_v2] INFO: PJ: sage-femme in lille-59...
2026-04-01 12:30:42,367 [pagesjaunes_v2] WARNING: PJ 403 for orthophoniste/marseille-13 page 4
2026-04-01 12:30:42,367 [pagesjaunes_v2] INFO:   => 47 records for orthophoniste/marseille-13
2026-04-01 12:30:42,374 [pagesjaunes_v2] WARNING: PJ 403 for medecine-du-travail/paris-75 page 1
2026-04-01 12:30:42,430 [pagesjaunes_v2] WARNING: PJ 403 for sage-femme/lille-59 page 1
2026-04-01 12:30:46,035 [pagesjaunes_v2] INFO: PJ: sage-femme in marseille-13...
2026-04-01 12:30:46,047 [pagesjaunes_v2] INFO: PJ: laboratoire-d-analyses-medicales in roubaix-59100...
2026-04-01 12:30:46,082 [pagesjaunes_v2] WARNING: PJ 403 for laboratoire-d-analyses-medicales/roubaix-59100 page 1
2026-04-01 12:30:46,922 [pagesjaunes_v2] INFO:   PJ: sage-femme/marseille-13 page 1: 20 new (20 raw)
2026-04-01 12:30:47,590 [pagesjaunes_v2] INFO: PJ: centre-de-dialyse in paris-75...
2026-04-01 12:30:47,655 [pagesjaunes_v2] WARNING: PJ 403 for centre-de-dialyse/paris-75 page 1
2026-04-01 12:30:50,069 [pagesjaunes_v2] WARNING: PJ 403 for sage-femme/marseille-13 page 2
2026-04-01 12:30:50,069 [pagesjaunes_v2] INFO:   => 20 records for sage-femme/marseille-13
2026-04-01 12:30:50,257 [pagesjaunes_v2] INFO: PJ: hopital in roubaix-59100...
2026-04-01 12:30:50,978 [pagesjaunes_v2] INFO:   PJ: hopital/roubaix-59100 page 1: 8 new (8 raw)
2026-04-01 12:30:50,978 [pagesjaunes_v2] INFO:   => 8 records for hopital/roubaix-59100
2026-04-01 12:30:51,541 [pagesjaunes_v2] INFO: PJ: infirmier in paris-75...
2026-04-01 12:30:51,579 [pagesjaunes_v2] WARNING: PJ 403 for infirmier/paris-75 page 1
2026-04-01 12:30:53,535 [pagesjaunes_v2] INFO: === PJ V2 MARSEILLE: 406 results ===
2026-04-01 12:30:53,541 [pagesjaunes_v2] INFO: Pages Jaunes V2 total: 406 results
2026-04-01 12:30:54,323 [pagesjaunes_v2] INFO: PJ: clinique in roubaix-59100...
2026-04-01 12:30:55,071 [pagesjaunes_v2] INFO: PJ: orthophoniste in paris-75...
2026-04-01 12:30:55,092 [pagesjaunes_v2] INFO:   PJ: clinique/roubaix-59100 page 1: 8 new (8 raw)
2026-04-01 12:30:55,092 [pagesjaunes_v2] INFO:   => 8 records for clinique/roubaix-59100
2026-04-01 12:30:55,982 [pagesjaunes_v2] INFO:   PJ: orthophoniste/paris-75 page 1: 20 new (20 raw)
2026-04-01 12:30:58,348 [pagesjaunes_v2] INFO: PJ: dentiste in roubaix-59100...
2026-04-01 12:30:59,187 [pagesjaunes_v2] WARNING: PJ 403 for orthophoniste/paris-75 page 2
2026-04-01 12:30:59,187 [pagesjaunes_v2] INFO:   => 20 records for orthophoniste/paris-75
2026-04-01 12:30:59,591 [pagesjaunes_v2] INFO:   PJ: dentiste/roubaix-59100 page 1: 20 new (20 raw)
2026-04-01 12:31:03,394 [pagesjaunes_v2] INFO:   PJ: dentiste/roubaix-59100 page 2: 15 new (20 raw)
2026-04-01 12:31:04,791 [pagesjaunes_v2] INFO: PJ: sage-femme in paris-75...
2026-04-01 12:31:04,826 [pagesjaunes_v2] WARNING: PJ 403 for sage-femme/paris-75 page 1
2026-04-01 12:31:07,058 [pagesjaunes_v2] WARNING: PJ 403 for dentiste/roubaix-59100 page 3
2026-04-01 12:31:07,058 [pagesjaunes_v2] INFO:   => 35 records for dentiste/roubaix-59100
2026-04-01 12:31:09,977 [pagesjaunes_v2] INFO: === PJ V2 PARIS: 462 results ===
2026-04-01 12:31:09,987 [pagesjaunes_v2] INFO: Pages Jaunes V2 total: 462 results
2026-04-01 12:31:12,139 [pagesjaunes_v2] INFO: PJ: chirurgien-dentiste in roubaix-59100...
2026-04-01 12:31:13,313 [pagesjaunes_v2] INFO:   PJ: chirurgien-dentiste/roubaix-59100 page 1: 20 new (20 raw)
2026-04-01 12:31:16,467 [pagesjaunes_v2] WARNING: PJ 403 for chirurgien-dentiste/roubaix-59100 page 2
2026-04-01 12:31:16,467 [pagesjaunes_v2] INFO:   => 20 records for chirurgien-dentiste/roubaix-59100
2026-04-01 12:31:20,715 [pagesjaunes_v2] INFO: PJ: medecin-generaliste in roubaix-59100...
2026-04-01 12:31:20,794 [pagesjaunes_v2] WARNING: PJ 403 for medecin-generaliste/roubaix-59100 page 1
2026-04-01 12:31:25,958 [pagesjaunes_v2] INFO: PJ: medecin-specialiste in roubaix-59100...
2026-04-01 12:31:26,008 [pagesjaunes_v2] WARNING: PJ 403 for medecin-specialiste/roubaix-59100 page 1
2026-04-01 12:31:29,492 [pagesjaunes_v2] INFO: PJ: centre-de-sante in roubaix-59100...
2026-04-01 12:31:29,529 [pagesjaunes_v2] WARNING: PJ 403 for centre-de-sante/roubaix-59100 page 1
2026-04-01 12:31:33,388 [pagesjaunes_v2] INFO: PJ: maison-de-sante in roubaix-59100...
2026-04-01 12:31:34,598 [pagesjaunes_v2] INFO:   PJ: maison-de-sante/roubaix-59100 page 1: 19 new (20 raw)
2026-04-01 12:31:38,653 [pagesjaunes_v2] WARNING: PJ 403 for maison-de-sante/roubaix-59100 page 2
2026-04-01 12:31:38,653 [pagesjaunes_v2] INFO:   => 19 records for maison-de-sante/roubaix-59100
2026-04-01 12:31:41,820 [pagesjaunes_v2] INFO: PJ: radiologue in roubaix-59100...
2026-04-01 12:31:41,857 [pagesjaunes_v2] WARNING: PJ 403 for radiologue/roubaix-59100 page 1
2026-04-01 12:31:47,852 [pagesjaunes_v2] INFO: PJ: centre-d-imagerie-medicale in roubaix-59100...
2026-04-01 12:31:48,630 [pagesjaunes_v2] INFO:   PJ: centre-d-imagerie-medicale/roubaix-59100 page 1: 10 new (10 raw)
2026-04-01 12:31:48,630 [pagesjaunes_v2] INFO:   => 10 records for centre-d-imagerie-medicale/roubaix-59100
2026-04-01 12:31:51,778 [pagesjaunes_v2] INFO: PJ: kinesitherapeute in roubaix-59100...
2026-04-01 12:31:51,814 [pagesjaunes_v2] WARNING: PJ 403 for kinesitherapeute/roubaix-59100 page 1
2026-04-01 12:31:56,279 [pagesjaunes_v2] INFO: PJ: ophtalmologue in roubaix-59100...
2026-04-01 12:31:56,731 [pagesjaunes_v2] WARNING: PJ 403 for ophtalmologue/roubaix-59100 page 1
2026-04-01 12:31:59,954 [pagesjaunes_v2] INFO: PJ: dermatologue in roubaix-59100...
2026-04-01 12:31:59,994 [pagesjaunes_v2] WARNING: PJ 403 for dermatologue/roubaix-59100 page 1
2026-04-01 12:32:04,215 [pagesjaunes_v2] INFO: PJ: cardiologue in roubaix-59100...
2026-04-01 12:32:04,260 [pagesjaunes_v2] WARNING: PJ 403 for cardiologue/roubaix-59100 page 1
2026-04-01 12:32:10,238 [pagesjaunes_v2] INFO: PJ: gynecologue in roubaix-59100...
2026-04-01 12:32:11,039 [pagesjaunes_v2] INFO:   PJ: gynecologue/roubaix-59100 page 1: 2 new (2 raw)
2026-04-01 12:32:11,039 [pagesjaunes_v2] INFO:   => 2 records for gynecologue/roubaix-59100
2026-04-01 12:32:15,370 [pagesjaunes_v2] INFO: PJ: medecine-du-travail in roubaix-59100...
2026-04-01 12:32:16,401 [pagesjaunes_v2] INFO:   PJ: medecine-du-travail/roubaix-59100 page 1: 15 new (16 raw)
2026-04-01 12:32:20,194 [pagesjaunes_v2] INFO:   => 15 records for medecine-du-travail/roubaix-59100
2026-04-01 12:32:25,308 [pagesjaunes_v2] INFO: PJ: centre-de-dialyse in roubaix-59100...
2026-04-01 12:32:25,351 [pagesjaunes_v2] WARNING: PJ 403 for centre-de-dialyse/roubaix-59100 page 1
2026-04-01 12:32:30,955 [pagesjaunes_v2] INFO: PJ: infirmier in roubaix-59100...
2026-04-01 12:32:32,235 [pagesjaunes_v2] INFO:   PJ: infirmier/roubaix-59100 page 1: 20 new (20 raw)
2026-04-01 12:32:35,569 [pagesjaunes_v2] WARNING: PJ 403 for infirmier/roubaix-59100 page 2
2026-04-01 12:32:35,569 [pagesjaunes_v2] INFO:   => 20 records for infirmier/roubaix-59100
2026-04-01 12:32:40,623 [pagesjaunes_v2] INFO: PJ: orthophoniste in roubaix-59100...
2026-04-01 12:32:41,466 [pagesjaunes_v2] INFO:   PJ: orthophoniste/roubaix-59100 page 1: 20 new (20 raw)
2026-04-01 12:32:44,798 [pagesjaunes_v2] WARNING: PJ 403 for orthophoniste/roubaix-59100 page 2
2026-04-01 12:32:44,799 [pagesjaunes_v2] INFO:   => 20 records for orthophoniste/roubaix-59100
2026-04-01 12:32:49,441 [pagesjaunes_v2] INFO: PJ: sage-femme in roubaix-59100...
2026-04-01 12:32:50,133 [pagesjaunes_v2] INFO:   PJ: sage-femme/roubaix-59100 page 1: 11 new (11 raw)
2026-04-01 12:32:50,133 [pagesjaunes_v2] INFO:   => 11 records for sage-femme/roubaix-59100
2026-04-01 12:32:53,284 [pagesjaunes_v2] INFO: PJ: laboratoire-d-analyses-medicales in tourcoing-59200...
2026-04-01 12:32:54,005 [pagesjaunes_v2] INFO:   PJ: laboratoire-d-analyses-medicales/tourcoing-59200 page 1: 4 new (5 raw)
2026-04-01 12:32:54,005 [pagesjaunes_v2] INFO:   => 4 records for laboratoire-d-analyses-medicales/tourcoing-59200
2026-04-01 12:32:58,710 [pagesjaunes_v2] INFO: PJ: hopital in tourcoing-59200...
2026-04-01 12:32:58,751 [pagesjaunes_v2] WARNING: PJ 403 for hopital/tourcoing-59200 page 1
2026-04-01 12:33:03,202 [pagesjaunes_v2] INFO: PJ: clinique in tourcoing-59200...
2026-04-01 12:33:03,234 [pagesjaunes_v2] WARNING: PJ 403 for clinique/tourcoing-59200 page 1
2026-04-01 12:33:08,681 [pagesjaunes_v2] INFO: PJ: dentiste in tourcoing-59200...
2026-04-01 12:33:09,955 [pagesjaunes_v2] INFO:   PJ: dentiste/tourcoing-59200 page 1: 20 new (20 raw)
2026-04-01 12:33:15,356 [pagesjaunes_v2] INFO:   PJ: dentiste/tourcoing-59200 page 2: 15 new (20 raw)
2026-04-01 12:33:20,496 [pagesjaunes_v2] INFO:   PJ: dentiste/tourcoing-59200 page 3: 13 new (20 raw)
2026-04-01 12:33:25,814 [pagesjaunes_v2] INFO:   PJ: dentiste/tourcoing-59200 page 4: 3 new (5 raw)
2026-04-01 12:33:25,814 [pagesjaunes_v2] INFO:   => 51 records for dentiste/tourcoing-59200
2026-04-01 12:33:30,322 [pagesjaunes_v2] INFO: PJ: chirurgien-dentiste in tourcoing-59200...
2026-04-01 12:33:30,860 [pagesjaunes_v2] WARNING: PJ 403 for chirurgien-dentiste/tourcoing-59200 page 1
2026-04-01 12:33:35,012 [pagesjaunes_v2] INFO: PJ: medecin-generaliste in tourcoing-59200...
2026-04-01 12:33:37,075 [pagesjaunes_v2] INFO:   PJ: medecin-generaliste/tourcoing-59200 page 1: 20 new (20 raw)
2026-04-01 12:33:40,668 [pagesjaunes_v2] WARNING: PJ 403 for medecin-generaliste/tourcoing-59200 page 2
2026-04-01 12:33:40,669 [pagesjaunes_v2] INFO:   => 20 records for medecin-generaliste/tourcoing-59200
2026-04-01 12:33:44,561 [pagesjaunes_v2] INFO: PJ: medecin-specialiste in tourcoing-59200...
2026-04-01 12:33:45,783 [pagesjaunes_v2] INFO:   PJ: medecin-specialiste/tourcoing-59200 page 1: 18 new (20 raw)
2026-04-01 12:33:49,609 [pagesjaunes_v2] INFO:   PJ: medecin-specialiste/tourcoing-59200 page 2: 17 new (20 raw)
2026-04-01 12:33:58,412 [pagesjaunes_v2] INFO:   PJ: medecin-specialiste/tourcoing-59200 page 3: 18 new (20 raw)
2026-04-01 12:34:03,493 [pagesjaunes_v2] WARNING: PJ 403 for medecin-specialiste/tourcoing-59200 page 4
2026-04-01 12:34:03,493 [pagesjaunes_v2] INFO:   => 53 records for medecin-specialiste/tourcoing-59200
2026-04-01 12:34:08,022 [pagesjaunes_v2] INFO: PJ: centre-de-sante in tourcoing-59200...
2026-04-01 12:34:08,067 [pagesjaunes_v2] WARNING: PJ 403 for centre-de-sante/tourcoing-59200 page 1
2026-04-01 12:34:12,803 [pagesjaunes_v2] INFO: PJ: maison-de-sante in tourcoing-59200...
2026-04-01 12:34:12,854 [pagesjaunes_v2] WARNING: PJ 403 for maison-de-sante/tourcoing-59200 page 1
2026-04-01 12:34:18,410 [pagesjaunes_v2] INFO: PJ: radiologue in tourcoing-59200...
2026-04-01 12:34:18,448 [pagesjaunes_v2] WARNING: PJ 403 for radiologue/tourcoing-59200 page 1
2026-04-01 12:34:23,500 [pagesjaunes_v2] INFO: PJ: centre-d-imagerie-medicale in tourcoing-59200...
2026-04-01 12:34:23,546 [pagesjaunes_v2] WARNING: PJ 403 for centre-d-imagerie-medicale/tourcoing-59200 page 1
2026-04-01 12:34:26,893 [pagesjaunes_v2] INFO: PJ: kinesitherapeute in tourcoing-59200...
2026-04-01 12:34:27,152 [pagesjaunes_v2] WARNING: PJ 403 for kinesitherapeute/tourcoing-59200 page 1
2026-04-01 12:34:30,642 [pagesjaunes_v2] INFO: PJ: ophtalmologue in tourcoing-59200...
2026-04-01 12:34:31,461 [pagesjaunes_v2] INFO:   PJ: ophtalmologue/tourcoing-59200 page 1: 18 new (18 raw)
2026-04-01 12:34:35,286 [pagesjaunes_v2] INFO:   => 18 records for ophtalmologue/tourcoing-59200
2026-04-01 12:34:38,844 [pagesjaunes_v2] INFO: PJ: dermatologue in tourcoing-59200...
2026-04-01 12:34:40,016 [pagesjaunes_v2] INFO:   PJ: dermatologue/tourcoing-59200 page 1: 3 new (3 raw)
2026-04-01 12:34:40,016 [pagesjaunes_v2] INFO:   => 3 records for dermatologue/tourcoing-59200
2026-04-01 12:34:43,391 [pagesjaunes_v2] INFO: PJ: cardiologue in tourcoing-59200...
2026-04-01 12:34:44,402 [pagesjaunes_v2] INFO:   PJ: cardiologue/tourcoing-59200 page 1: 19 new (20 raw)
2026-04-01 12:34:48,891 [pagesjaunes_v2] WARNING: PJ 403 for cardiologue/tourcoing-59200 page 2
2026-04-01 12:34:48,891 [pagesjaunes_v2] INFO:   => 19 records for cardiologue/tourcoing-59200
2026-04-01 12:34:53,371 [pagesjaunes_v2] INFO: PJ: gynecologue in tourcoing-59200...
2026-04-01 12:34:54,184 [pagesjaunes_v2] INFO:   PJ: gynecologue/tourcoing-59200 page 1: 6 new (7 raw)
2026-04-01 12:34:54,184 [pagesjaunes_v2] INFO:   => 6 records for gynecologue/tourcoing-59200
2026-04-01 12:34:57,236 [pagesjaunes_v2] INFO: PJ: medecine-du-travail in tourcoing-59200...
2026-04-01 12:34:58,549 [pagesjaunes_v2] INFO:   PJ: medecine-du-travail/tourcoing-59200 page 1: 16 new (16 raw)
2026-04-01 12:35:03,387 [pagesjaunes_v2] INFO:   => 16 records for medecine-du-travail/tourcoing-59200
2026-04-01 12:35:08,890 [pagesjaunes_v2] INFO: PJ: centre-de-dialyse in tourcoing-59200...
2026-04-01 12:35:10,071 [pagesjaunes_v2] INFO:   PJ: centre-de-dialyse/tourcoing-59200 page 1: 20 new (20 raw)
2026-04-01 12:35:14,547 [pagesjaunes_v2] INFO:   => 20 records for centre-de-dialyse/tourcoing-59200
2026-04-01 12:35:18,040 [pagesjaunes_v2] INFO: PJ: infirmier in tourcoing-59200...
2026-04-01 12:35:20,642 [pagesjaunes_v2] INFO:   PJ: infirmier/tourcoing-59200 page 1: 20 new (20 raw)
2026-04-01 12:35:25,707 [pagesjaunes_v2] WARNING: PJ 403 for infirmier/tourcoing-59200 page 2
2026-04-01 12:35:25,707 [pagesjaunes_v2] INFO:   => 20 records for infirmier/tourcoing-59200
2026-04-01 12:35:29,380 [pagesjaunes_v2] INFO: PJ: orthophoniste in tourcoing-59200...
2026-04-01 12:35:30,289 [pagesjaunes_v2] INFO:   PJ: orthophoniste/tourcoing-59200 page 1: 20 new (20 raw)
2026-04-01 12:35:34,654 [pagesjaunes_v2] WARNING: PJ 403 for orthophoniste/tourcoing-59200 page 2
2026-04-01 12:35:34,654 [pagesjaunes_v2] INFO:   => 20 records for orthophoniste/tourcoing-59200
2026-04-01 12:35:37,829 [pagesjaunes_v2] INFO: PJ: sage-femme in tourcoing-59200...
2026-04-01 12:35:37,863 [pagesjaunes_v2] WARNING: PJ 403 for sage-femme/tourcoing-59200 page 1
2026-04-01 12:35:42,670 [pagesjaunes_v2] INFO: === PJ V2 LILLE: 752 results ===
2026-04-01 12:35:42,681 [pagesjaunes_v2] INFO: Pages Jaunes V2 total: 752 results
2026-04-01 12:39:59,545 [merge_export] INFO: === Starting merge and export ===
2026-04-01 12:39:59,561 [merge_export] INFO: Skipping ameli.json (empty or not a list)
2026-04-01 12:40:00,349 [merge_export] INFO: Loaded 91334 from annuaire_sante_all.json
2026-04-01 12:40:00,871 [merge_export] INFO: Loaded 65608 from api_entreprises.json
2026-04-01 12:40:00,875 [merge_export] INFO: Skipping doctolib.json (empty or not a list)
2026-04-01 12:40:00,893 [merge_export] INFO: Loaded 1080 from doctolib_lille.json
2026-04-01 12:40:00,895 [merge_export] INFO: Loaded 123 from doctolib_marseille.json
2026-04-01 12:40:00,972 [merge_export] INFO: Loaded 2723 from doctolib_paris.json
2026-04-01 12:40:01,010 [merge_export] INFO: Loaded 10648 from finess.json
2026-04-01 12:40:01,016 [merge_export] INFO: Loaded 1757 from osm.json
2026-04-01 12:40:01,016 [merge_export] INFO: Skipping pagesjaunes_lille.json (empty or not a list)
2026-04-01 12:40:01,016 [merge_export] INFO: Skipping pagesjaunes_marseille.json (empty or not a list)
2026-04-01 12:40:01,016 [merge_export] INFO: Skipping pagesjaunes_paris.json (empty or not a list)
2026-04-01 12:40:01,018 [merge_export] INFO: Loaded 752 from pagesjaunes_v2_lille.json
2026-04-01 12:40:01,020 [merge_export] INFO: Loaded 406 from pagesjaunes_v2_marseille.json
2026-04-01 12:40:01,022 [merge_export] INFO: Loaded 462 from pagesjaunes_v2_paris.json
2026-04-01 12:40:01,022 [merge_export] INFO: Total raw records from all sources: 174893
2026-04-01 12:40:56,167 [merge_export] INFO: After deduplication: 109555 unique records (from 174893 raw)
2026-04-01 12:40:56,223 [merge_export] INFO: Skipping SIRET enrichment (--skip-enrich)
2026-04-01 12:41:06,204 [merge_export] INFO: Quality filter (SIRET + phone required): 7798 from 109555
2026-04-01 12:41:06,204 [merge_export] INFO: Exporting 7798 records to /home/user/Website01/structures-medicales.xlsx
2026-04-01 12:41:07,127 [merge_export] INFO:   Sheet 'Toutes les structures': 7798 rows
2026-04-01 12:41:07,433 [merge_export] INFO:   Sheet 'Paris': 2558 rows
2026-04-01 12:41:07,671 [merge_export] INFO:   Sheet 'Marseille': 2358 rows
2026-04-01 12:41:07,962 [merge_export] INFO:   Sheet 'Lille': 2882 rows
2026-04-01 12:41:08,600 [merge_export] INFO: Excel file saved: /home/user/Website01/structures-medicales.xlsx
2026-04-01 12:41:08,630 [merge_export] INFO: === Merge and export complete ===
